I0,I1,I2,I3,I4,I5,I6,I7,I8,I9,I10,I11,I12,I13,I14,I15,I16,I17
39.210,37.640,34.980,36.790,42.000,39.210,2.790,3.000,0.025,0.000,8.360,5.530,0.000,13.880,30.000,0.200,4.000,1.000
39.180,37.620,34.970,36.770,42.000,39.180,2.820,3.000,0.025,0.000,8.450,5.540,0.000,13.990,30.000,0.200,4.000,1.000
39.170,37.620,34.960,36.760,42.000,39.170,2.830,3.000,0.025,0.000,8.490,5.560,0.000,14.050,30.000,0.200,4.000,1.000
39.150,37.600,34.950,36.750,42.000,39.150,2.850,3.000,0.025,0.000,8.540,5.570,0.000,14.110,30.000,0.200,4.000,1.000
39.140,37.600,34.940,36.740,42.000,39.140,2.860,3.000,0.025,0.000,8.590,5.580,0.000,14.170,30.000,0.200,4.000,1.000
39.130,37.590,34.920,36.720,42.000,39.130,2.870,3.000,0.025,0.000,8.600,5.600,0.000,14.200,30.000,0.200,4.000,1.000
39.110,37.570,34.910,36.710,42.000,39.110,2.890,3.000,0.025,0.000,8.680,5.610,0.000,14.290,30.000,0.200,4.000,1.000
39.090,37.570,34.910,36.700,42.000,39.090,2.910,3.000,0.025,0.000,8.730,5.630,0.000,14.360,30.000,0.200,4.000,1.000
39.080,37.550,34.890,36.690,42.000,39.080,2.920,3.000,0.025,0.000,8.770,5.640,0.000,14.410,30.000,0.200,4.000,1.000
39.050,37.540,34.890,36.680,42.000,39.050,2.950,3.000,0.025,0.000,8.840,5.660,0.000,14.500,30.000,0.200,4.000,1.000
39.040,37.540,34.880,36.670,42.000,39.040,2.960,3.000,0.025,0.000,8.880,5.670,0.000,14.550,30.000,0.200,4.000,1.000
39.030,37.520,34.870,36.660,42.000,39.030,2.970,3.000,0.025,0.000,8.910,5.690,0.000,14.600,30.000,0.200,4.000,1.000
39.010,37.510,34.870,36.650,42.000,39.010,2.990,3.000,0.025,0.000,8.980,5.700,0.000,14.680,30.000,0.200,4.000,1.000
38.990,37.500,34.860,36.640,42.000,38.990,3.010,3.000,0.025,0.000,9.030,5.720,0.000,14.740,30.000,0.200,4.000,1.000
38.980,37.480,34.860,36.650,42.000,38.980,3.020,3.000,0.025,0.000,9.070,5.730,0.000,14.800,30.000,0.200,4.000,1.000
38.960,37.480,34.860,36.630,42.000,38.960,3.040,3.000,0.025,0.000,9.110,5.750,0.000,14.850,30.000,0.200,4.000,1.000
38.950,37.460,34.850,36.630,42.000,38.950,3.050,3.000,0.025,0.000,9.140,5.760,0.000,14.900,30.000,0.200,4.000,1.000
38.930,37.450,34.850,36.630,42.000,38.930,3.070,3.000,0.025,0.000,9.200,5.780,0.000,14.980,30.000,0.200,4.000,1.000
38.930,37.440,34.840,36.620,42.000,38.930,3.070,3.000,0.025,0.000,9.210,5.790,0.000,15.000,30.000,0.200,4.000,1.000
38.920,37.430,34.840,36.620,42.000,38.920,3.080,3.000,0.025,0.000,9.230,5.810,0.000,15.040,30.000,0.200,4.000,1.000
38.910,37.420,34.840,36.610,42.000,38.910,3.090,3.000,0.025,0.000,9.260,5.820,0.000,15.080,30.000,0.200,4.000,1.000
38.910,37.410,34.840,36.610,42.000,38.910,3.090,3.000,0.025,0.000,9.280,5.840,0.000,15.120,30.000,0.200,4.000,1.000
38.890,37.390,34.850,36.610,42.000,38.890,3.110,3.000,0.025,0.000,9.330,5.850,0.000,15.190,30.000,0.200,4.000,1.000
38.880,37.390,34.840,36.600,42.000,38.880,3.120,3.000,0.025,0.000,9.350,5.870,0.000,15.220,30.000,0.200,4.000,1.000
38.870,37.370,34.840,36.610,42.000,38.870,3.130,3.000,0.025,0.000,9.380,5.890,0.000,15.270,30.000,0.200,4.000,1.000
38.860,37.370,34.850,36.600,42.000,38.860,3.140,3.000,0.025,0.000,9.410,5.900,0.000,15.310,30.000,0.200,4.000,1.000
38.860,37.360,34.840,36.610,42.000,38.860,3.140,3.000,0.025,0.000,9.420,5.920,0.000,15.340,30.000,0.200,4.000,1.000
38.850,37.340,34.850,36.600,42.000,38.850,3.150,3.000,0.025,0.000,9.440,5.930,0.000,15.380,30.000,0.200,4.000,1.000
38.850,37.340,34.850,36.600,42.000,38.850,3.150,3.000,0.025,0.000,9.450,5.950,0.000,15.400,30.000,0.200,4.000,1.000
38.840,37.330,34.860,36.610,42.000,38.840,3.160,3.000,0.025,0.000,9.470,5.960,0.000,15.440,30.000,0.200,4.000,1.000
38.850,37.330,34.870,36.610,42.000,38.850,3.150,3.000,0.025,0.000,9.460,5.980,0.000,15.440,30.000,0.200,4.000,1.000
38.850,37.310,34.860,36.620,42.000,38.850,3.150,3.000,0.025,0.000,9.460,6.000,0.000,15.460,30.000,0.200,4.000,1.000
38.830,37.310,34.870,36.610,42.000,38.830,3.170,3.000,0.025,0.000,9.500,6.010,0.000,15.510,30.000,0.200,4.000,1.000
38.840,37.300,34.870,36.620,42.000,38.840,3.160,3.000,0.025,0.000,9.490,6.030,0.000,15.520,30.000,0.200,4.000,1.000
38.830,37.290,34.880,36.620,42.000,38.830,3.170,3.000,0.025,0.000,9.520,6.040,0.000,15.560,30.000,0.200,4.000,1.000
38.830,37.290,34.880,36.630,42.000,38.830,3.170,3.000,0.025,0.000,9.520,6.060,0.000,15.580,30.000,0.200,4.000,1.000
38.810,37.280,34.890,36.630,42.000,38.810,3.190,3.000,0.025,0.000,9.570,6.080,0.000,15.650,30.000,0.200,4.000,1.000
38.810,37.270,34.890,36.630,42.000,38.810,3.190,3.000,0.025,0.000,9.570,6.090,0.000,15.660,30.000,0.200,4.000,1.000
38.800,37.260,34.900,36.640,42.000,38.800,3.200,3.000,0.025,0.000,9.610,6.110,0.000,15.720,30.000,0.200,4.000,1.000
38.800,37.260,34.910,36.640,42.000,38.800,3.200,3.000,0.025,0.000,9.590,6.120,0.000,15.710,30.000,0.200,4.000,1.000
38.790,37.240,34.920,36.650,42.000,38.790,3.210,3.000,0.025,0.000,9.640,6.140,0.000,15.780,30.000,0.200,4.000,1.000
38.800,37.240,34.920,36.660,42.000,38.800,3.200,3.000,0.025,0.000,9.610,6.160,0.000,15.770,30.000,0.200,4.000,1.000
38.780,37.230,34.930,36.660,42.000,38.780,3.220,3.000,0.025,0.000,9.650,6.170,0.000,15.820,30.000,0.200,4.000,1.000
38.790,37.230,34.930,36.670,42.000,38.790,3.210,3.000,0.025,0.000,9.640,6.190,0.000,15.830,30.000,0.200,4.000,1.000
38.780,37.220,34.950,36.680,42.000,38.780,3.220,3.000,0.025,0.000,9.650,6.200,0.000,15.850,30.000,0.200,4.000,1.000
38.780,37.210,34.950,36.680,42.000,38.780,3.220,3.000,0.025,0.000,9.650,6.220,0.000,15.870,30.000,0.200,4.000,1.000
38.780,37.200,34.960,36.700,42.000,38.780,3.220,3.000,0.025,0.000,9.670,6.240,0.000,15.900,30.000,0.200,4.000,1.000
38.790,37.200,34.970,36.700,42.000,38.790,3.210,3.000,0.025,0.000,9.640,6.250,0.000,15.890,30.000,0.200,4.000,1.000
38.780,37.190,34.980,36.710,42.000,38.780,3.220,3.000,0.025,0.000,9.670,6.270,0.000,15.940,30.000,0.200,4.000,1.000
38.780,37.190,34.980,36.710,42.000,38.780,3.220,3.000,0.025,0.000,9.650,6.280,0.000,15.930,30.000,0.200,4.000,1.000
38.780,37.180,35.000,36.720,42.000,38.780,3.220,3.000,0.025,0.000,9.670,6.300,0.000,15.970,30.000,0.200,4.000,1.000
38.780,37.180,34.990,36.730,42.000,38.780,3.220,3.000,0.025,0.000,9.660,6.320,0.000,15.980,30.000,0.200,4.000,1.000
38.780,37.170,35.010,36.740,42.000,38.780,3.220,3.000,0.025,0.000,9.670,6.330,0.000,16.000,30.000,0.200,4.000,1.000
38.790,37.170,35.020,36.750,42.000,38.790,3.210,3.000,0.025,0.000,9.640,6.350,0.000,15.990,30.000,0.200,4.000,1.000
38.780,37.170,35.030,36.760,42.000,38.780,3.220,3.000,0.025,0.000,9.660,6.360,0.000,16.020,30.000,0.200,4.000,1.000
38.800,37.170,35.030,36.770,42.000,38.800,3.200,3.000,0.025,0.000,9.610,6.380,0.000,15.990,30.000,0.200,4.000,1.000
38.790,37.160,35.050,36.780,42.000,38.790,3.210,3.000,0.025,0.000,9.630,6.400,0.000,16.020,30.000,0.200,4.000,1.000
38.800,37.160,35.050,36.790,42.000,38.800,3.200,3.000,0.025,0.000,9.610,6.410,0.000,16.020,30.000,0.200,4.000,1.000
38.790,37.160,35.080,36.800,42.000,38.790,3.210,3.000,0.025,0.000,9.640,6.430,0.000,16.070,30.000,0.200,4.000,1.000
38.790,37.160,35.070,36.810,42.000,38.790,3.210,3.000,0.025,0.000,9.640,6.440,0.000,16.080,30.000,0.200,4.000,1.000
38.780,37.160,35.100,36.820,42.000,38.780,3.220,3.000,0.025,0.000,9.650,6.460,0.000,16.120,30.000,0.200,4.000,1.000
38.790,37.170,35.100,36.830,42.000,38.790,3.210,3.000,0.025,0.000,9.640,6.480,0.000,16.110,30.000,0.200,4.000,1.000
38.780,37.160,35.120,36.840,42.000,38.780,3.220,3.000,0.025,0.000,9.670,6.490,0.000,16.160,30.000,0.200,4.000,1.000
38.790,37.170,35.120,36.850,42.000,38.790,3.210,3.000,0.025,0.000,9.640,6.510,0.000,16.150,30.000,0.200,4.000,1.000
38.780,37.170,35.140,36.860,42.000,38.780,3.220,3.000,0.025,0.000,9.660,6.530,0.000,16.190,30.000,0.200,4.000,1.000
38.790,37.180,35.140,36.880,42.000,38.790,3.210,3.000,0.025,0.000,9.620,6.540,0.000,16.160,30.000,0.200,4.000,1.000
38.790,37.170,35.160,36.890,42.000,38.790,3.210,3.000,0.025,0.000,9.630,6.560,0.000,16.190,30.000,0.200,4.000,1.000
38.810,37.180,35.160,36.900,42.000,38.810,3.190,3.000,0.025,0.000,9.570,6.570,0.000,16.150,30.000,0.200,4.000,1.000
38.810,37.180,35.180,36.910,42.000,38.810,3.190,3.000,0.025,0.000,9.580,6.590,0.000,16.170,30.000,0.200,4.000,1.000
38.820,37.190,35.180,36.920,42.000,38.820,3.180,3.000,0.025,0.000,9.550,6.610,0.000,16.160,30.000,0.200,4.000,1.000
38.820,37.180,35.200,36.940,42.000,38.820,3.180,3.000,0.025,0.000,9.550,6.620,0.000,16.180,30.000,0.200,4.000,1.000
38.830,37.200,35.210,36.940,42.000,38.830,3.170,3.000,0.025,0.000,9.510,6.640,0.000,16.150,30.000,0.200,4.000,1.000
38.830,37.200,35.220,36.960,42.000,38.830,3.170,3.000,0.025,0.000,9.510,6.650,0.000,16.160,30.000,0.200,4.000,1.000
38.840,37.220,35.230,36.960,42.000,38.840,3.160,3.000,0.025,0.000,9.470,6.670,0.000,16.140,30.000,0.200,4.000,1.000
38.850,37.210,35.250,36.990,42.000,38.850,3.150,3.000,0.025,0.000,9.450,6.680,0.000,16.140,30.000,0.200,4.000,1.000
38.870,37.220,35.250,36.990,42.000,38.870,3.130,3.000,0.025,0.000,9.400,6.700,0.000,16.100,30.000,0.200,4.000,1.000
38.870,37.220,35.270,37.010,42.000,38.870,3.130,3.000,0.025,0.000,9.380,6.720,0.000,16.100,30.000,0.200,4.000,1.000
38.890,37.240,35.280,37.020,42.000,38.890,3.110,3.000,0.025,0.000,9.320,6.730,0.000,16.060,30.000,0.200,4.000,1.000
38.900,37.230,35.290,37.040,42.000,38.900,3.100,3.000,0.025,0.000,9.310,6.750,0.000,16.060,30.000,0.200,4.000,1.000
38.910,37.240,35.300,37.040,42.000,38.910,3.090,3.000,0.025,0.000,9.280,6.760,0.000,16.040,30.000,0.200,4.000,1.000
38.910,37.230,35.320,37.060,42.000,38.910,3.090,3.000,0.025,0.000,9.260,6.780,0.000,16.040,30.000,0.200,4.000,1.000
38.920,37.250,35.320,37.070,42.000,38.920,3.080,3.000,0.025,0.000,9.230,6.790,0.000,16.020,30.000,0.200,4.000,1.000
38.930,37.240,35.340,37.090,42.000,38.930,3.070,3.000,0.025,0.000,9.220,6.810,0.000,16.020,30.000,0.200,4.000,1.000
38.940,37.260,35.350,37.090,42.000,38.940,3.060,3.000,0.025,0.000,9.170,6.820,0.000,16.000,30.000,0.200,4.000,1.000
38.950,37.260,35.360,37.120,42.000,38.950,3.050,3.000,0.025,0.000,9.160,6.840,0.000,16.000,30.000,0.200,4.000,1.000
38.960,37.270,35.370,37.120,42.000,38.960,3.040,3.000,0.025,0.000,9.120,6.850,0.000,15.970,30.000,0.200,4.000,1.000
38.960,37.270,35.380,37.140,42.000,38.960,3.040,3.000,0.025,0.000,9.120,6.870,0.000,15.980,30.000,0.200,4.000,1.000
38.970,37.290,35.400,37.150,42.000,38.970,3.030,3.000,0.025,0.000,9.090,6.880,0.000,15.980,30.000,0.200,4.000,1.000
38.970,37.280,35.410,37.170,42.000,38.970,3.030,3.000,0.025,0.000,9.080,6.900,0.000,15.980,30.000,0.200,4.000,1.000
38.980,37.300,35.420,37.170,42.000,38.980,3.020,3.000,0.025,0.000,9.060,6.910,0.000,15.980,30.000,0.200,4.000,1.000
38.990,37.300,35.430,37.200,42.000,38.990,3.010,3.000,0.025,0.000,9.030,6.930,0.000,15.960,30.000,0.200,4.000,1.000
38.990,37.310,35.440,37.200,42.000,38.990,3.010,3.000,0.025,0.000,9.020,6.940,0.000,15.970,30.000,0.200,4.000,1.000
39.000,37.310,35.460,37.230,42.000,39.000,3.000,3.000,0.025,0.000,8.990,6.960,0.000,15.950,30.000,0.200,4.000,1.000
39.000,37.330,35.470,37.230,42.000,39.000,3.000,3.000,0.025,0.000,8.990,6.970,0.000,15.960,30.000,0.200,4.000,1.000
39.010,37.320,35.480,37.250,42.000,39.010,2.990,3.000,0.025,0.000,8.960,6.990,0.000,15.940,30.000,0.200,4.000,1.000
39.020,37.340,35.490,37.250,42.000,39.020,2.980,3.000,0.025,0.000,8.940,7.000,0.000,15.940,30.000,0.200,4.000,1.000
39.040,37.340,35.500,37.280,42.000,39.040,2.960,3.000,0.025,0.000,8.890,7.020,0.000,15.910,30.000,0.200,4.000,1.000
39.030,37.360,35.520,37.280,42.000,39.030,2.970,3.000,0.025,0.000,8.900,7.030,0.000,15.930,30.000,0.200,4.000,1.000
39.040,37.360,35.530,37.310,42.000,39.040,2.960,3.000,0.025,0.000,8.870,7.050,0.000,15.910,30.000,0.200,4.000,1.000
39.050,37.370,35.540,37.310,42.000,39.050,2.950,3.000,0.025,0.000,8.860,7.060,0.000,15.930,30.000,0.200,4.000,1.000
39.050,37.360,35.550,37.340,42.000,39.050,2.950,3.000,0.025,0.000,8.840,7.080,0.000,15.920,30.000,0.200,4.000,1.000
39.050,37.370,35.570,37.330,42.000,39.050,2.950,3.000,0.025,0.000,8.850,7.090,0.000,15.940,30.000,0.200,4.000,1.000
39.060,37.360,35.580,37.360,42.000,39.060,2.940,3.000,0.025,0.000,8.820,7.110,0.000,15.930,30.000,0.200,4.000,1.000
39.050,37.370,35.600,37.360,42.000,39.050,2.950,3.000,0.025,0.000,8.860,7.120,0.000,15.980,30.000,0.200,4.000,1.000
39.060,37.360,35.600,37.390,42.000,39.060,2.940,3.000,0.025,0.000,8.820,7.140,0.000,15.960,30.000,0.200,4.000,1.000
39.050,37.360,35.620,37.390,42.000,39.050,2.950,3.000,0.025,0.000,8.840,7.150,0.000,15.990,30.000,0.200,4.000,1.000
39.060,37.350,35.620,37.410,42.000,39.060,2.940,3.000,0.025,0.000,8.810,7.170,0.000,15.980,30.000,0.200,4.000,1.000
39.060,37.350,35.640,37.420,42.000,39.060,2.940,3.000,0.025,0.000,8.830,7.180,0.000,16.010,30.000,0.200,4.000,1.000
39.070,37.340,35.640,37.440,42.000,39.070,2.930,3.000,0.025,0.000,8.780,7.200,0.000,15.980,30.000,0.200,4.000,1.000
39.070,37.340,35.670,37.440,42.000,39.070,2.930,3.000,0.025,0.000,8.790,7.210,0.000,16.000,30.000,0.200,4.000,1.000
39.080,37.330,35.670,37.470,42.000,39.080,2.920,3.000,0.025,0.000,8.760,7.230,0.000,15.990,30.000,0.200,4.000,1.000
39.070,37.330,35.690,37.470,42.000,39.070,2.930,3.000,0.025,0.000,8.780,7.240,0.000,16.020,30.000,0.200,4.000,1.000
39.090,37.320,35.690,37.500,42.000,39.090,2.910,3.000,0.025,0.000,8.740,7.250,0.000,16.000,30.000,0.200,4.000,1.000
39.080,37.320,35.720,37.510,42.000,39.080,2.920,3.000,0.025,0.000,8.760,7.270,0.000,16.030,30.000,0.200,4.000,1.000
39.090,37.310,35.720,37.530,42.000,39.090,2.910,3.000,0.025,0.000,8.730,7.280,0.000,16.010,30.000,0.200,4.000,1.000
39.090,37.310,35.740,37.530,42.000,39.090,2.910,3.000,0.025,0.000,8.740,7.300,0.000,16.040,30.000,0.200,4.000,1.000
39.100,37.310,35.740,37.550,42.000,39.100,2.900,3.000,0.025,0.000,8.690,7.310,0.000,16.010,30.000,0.200,4.000,1.000
39.100,37.310,35.770,37.560,42.000,39.100,2.900,3.000,0.025,0.000,8.710,7.330,0.000,16.040,30.000,0.200,4.000,1.000
39.110,37.310,35.770,37.570,42.000,39.110,2.890,3.000,0.025,0.000,8.660,7.340,0.000,16.000,30.000,0.200,4.000,1.000
39.110,37.300,35.790,37.590,42.000,39.110,2.890,3.000,0.025,0.000,8.670,7.360,0.000,16.030,30.000,0.200,4.000,1.000
39.130,37.300,35.790,37.600,42.000,39.130,2.870,3.000,0.025,0.000,8.620,7.370,0.000,15.990,30.000,0.200,4.000,1.000
39.130,37.290,35.820,37.620,42.000,39.130,2.870,3.000,0.025,0.000,8.620,7.380,0.000,16.010,30.000,0.200,4.000,1.000
39.140,37.290,35.820,37.630,42.000,39.140,2.860,3.000,0.025,0.000,8.580,7.400,0.000,15.980,30.000,0.200,4.000,1.000
39.140,37.280,35.840,37.650,42.000,39.140,2.860,3.000,0.025,0.000,8.570,7.410,0.000,15.980,30.000,0.200,4.000,1.000
39.150,37.280,35.850,37.650,42.000,39.150,2.850,3.000,0.025,0.000,8.550,7.430,0.000,15.970,30.000,0.200,4.000,1.000
39.160,37.260,35.860,37.680,42.000,39.160,2.840,3.000,0.025,0.000,8.520,7.440,0.000,15.960,30.000,0.200,4.000,1.000
39.170,37.270,35.870,37.680,42.000,39.170,2.830,3.000,0.025,0.000,8.480,7.460,0.000,15.940,30.000,0.200,4.000,1.000
39.180,37.250,35.880,37.710,42.000,39.180,2.820,3.000,0.025,0.000,8.450,7.470,0.000,15.920,30.000,0.200,4.000,1.000
39.190,37.260,35.900,37.710,42.000,39.190,2.810,3.000,0.025,0.000,8.430,7.480,0.000,15.910,30.000,0.200,4.000,1.000
39.210,37.240,35.900,37.740,42.000,39.210,2.790,3.000,0.025,0.000,8.380,7.500,0.000,15.880,30.000,0.200,4.000,1.000
39.210,37.250,35.920,37.740,42.000,39.210,2.790,3.000,0.025,0.000,8.370,7.510,0.000,15.880,30.000,0.200,4.000,1.000
39.240,37.240,35.930,37.760,42.000,39.240,2.760,3.000,0.025,0.000,8.290,7.530,0.000,15.810,30.000,0.200,4.000,1.000
39.240,37.250,35.960,37.770,42.000,39.240,2.760,3.000,0.025,0.000,8.280,7.540,0.000,15.820,30.000,0.200,4.000,1.000
39.270,37.250,35.950,37.790,42.000,39.270,2.730,3.000,0.025,0.000,8.200,7.550,0.000,15.750,30.000,0.200,4.000,1.000
39.270,37.250,35.970,37.800,42.000,39.270,2.730,3.000,0.025,0.000,8.190,7.570,0.000,15.750,30.000,0.200,4.000,1.000
39.300,37.250,35.980,37.810,42.000,39.300,2.700,3.000,0.025,0.000,8.110,7.580,0.000,15.690,30.000,0.200,4.000,1.000
39.310,37.260,36.000,37.830,42.000,39.310,2.690,3.000,0.025,0.000,8.080,7.590,0.000,15.670,30.000,0.200,4.000,1.000
39.340,37.280,36.000,37.840,42.000,39.340,2.660,3.000,0.025,0.000,7.980,7.610,0.000,15.590,30.000,0.200,4.000,1.000
39.340,37.280,36.030,37.860,42.000,39.340,2.660,3.000,0.025,0.000,7.970,7.620,0.000,15.590,30.000,0.200,4.000,1.000
39.370,37.290,36.030,37.860,42.000,39.370,2.630,3.000,0.025,0.000,7.880,7.630,0.000,15.510,30.000,0.200,4.000,1.000
39.380,37.290,36.040,37.890,42.000,39.380,2.620,3.000,0.025,0.000,7.860,7.650,0.000,15.510,30.000,0.200,4.000,1.000
39.400,37.310,36.050,37.890,42.000,39.400,2.600,3.000,0.025,0.000,7.800,7.660,0.000,15.460,30.000,0.200,4.000,1.000
39.410,37.300,36.070,37.920,42.000,39.410,2.590,3.000,0.025,0.000,7.770,7.670,0.000,15.440,30.000,0.200,4.000,1.000
39.420,37.320,36.080,37.920,42.000,39.420,2.580,3.000,0.025,0.000,7.730,7.690,0.000,15.410,30.000,0.200,4.000,1.000
39.440,37.320,36.090,37.940,42.000,39.440,2.560,3.000,0.025,0.000,7.670,7.700,0.000,15.370,30.000,0.200,4.000,1.000
39.450,37.340,36.110,37.950,42.000,39.450,2.550,3.000,0.025,0.000,7.640,7.710,0.000,15.350,30.000,0.200,4.000,1.000
39.470,37.330,36.110,37.970,42.000,39.470,2.530,3.000,0.025,0.000,7.580,7.720,0.000,15.300,30.000,0.200,4.000,1.000
39.490,37.340,36.130,37.970,42.000,39.490,2.510,3.000,0.025,0.000,7.530,7.740,0.000,15.270,30.000,0.200,4.000,1.000
39.510,37.350,36.130,38.000,42.000,39.510,2.490,3.000,0.025,0.000,7.470,7.750,0.000,15.210,30.000,0.200,4.000,1.000
39.510,37.360,36.150,38.000,42.000,39.510,2.490,3.000,0.025,0.000,7.460,7.760,0.000,15.220,30.000,0.200,4.000,1.000
39.540,37.360,36.150,38.020,42.000,39.540,2.460,3.000,0.025,0.000,7.370,7.770,0.000,15.140,30.000,0.200,4.000,1.000
39.550,37.360,36.180,38.030,42.000,39.550,2.450,3.000,0.025,0.000,7.350,7.790,0.000,15.130,30.000,0.200,4.000,1.000
39.570,37.360,36.180,38.040,42.000,39.570,2.430,3.000,0.025,0.000,7.300,7.800,0.000,15.090,30.000,0.200,4.000,1.000
39.580,37.350,36.190,38.060,42.000,39.580,2.420,3.000,0.025,0.000,7.270,7.810,0.000,15.080,30.000,0.200,4.000,1.000
39.600,37.360,36.200,38.070,42.000,39.600,2.400,3.000,0.025,0.000,7.210,7.820,0.000,15.040,30.000,0.200,4.000,1.000
39.610,37.350,36.220,38.080,42.000,39.610,2.390,3.000,0.025,0.000,7.170,7.830,0.000,15.010,30.000,0.200,4.000,1.000
39.620,37.360,36.230,38.090,42.000,39.620,2.380,3.000,0.025,0.000,7.140,7.850,0.000,14.980,30.000,0.200,4.000,1.000
39.630,37.360,36.240,38.110,42.000,39.630,2.370,3.000,0.025,0.000,7.120,7.860,0.000,14.980,30.000,0.200,4.000,1.000
39.650,37.370,36.250,38.110,42.000,39.650,2.350,3.000,0.025,0.000,7.060,7.870,0.000,14.930,30.000,0.200,4.000,1.000
39.650,37.370,36.260,38.140,42.000,39.650,2.350,3.000,0.025,0.000,7.040,7.880,0.000,14.920,30.000,0.200,4.000,1.000
39.670,37.390,36.270,38.150,42.000,39.670,2.330,3.000,0.025,0.000,7.000,7.890,0.000,14.890,30.000,0.200,4.000,1.000
39.680,37.380,36.280,38.160,42.000,39.680,2.320,3.000,0.025,0.000,6.970,7.900,0.000,14.870,30.000,0.200,4.000,1.000
39.700,37.400,36.290,38.170,42.000,39.700,2.300,3.000,0.025,0.000,6.900,7.920,0.000,14.820,30.000,0.200,4.000,1.000
39.710,37.390,36.300,38.190,42.000,39.710,2.290,3.000,0.025,0.000,6.870,7.930,0.000,14.800,30.000,0.200,4.000,1.000
39.730,37.410,36.310,38.200,42.000,39.730,2.270,3.000,0.025,0.000,6.820,7.940,0.000,14.760,30.000,0.200,4.000,1.000
39.740,37.410,36.330,38.220,42.000,39.740,2.260,3.000,0.025,0.000,6.770,7.950,0.000,14.720,30.000,0.200,4.000,1.000
39.760,37.420,36.330,38.220,42.000,39.760,2.240,3.000,0.025,0.000,6.720,7.960,0.000,14.680,30.000,0.200,4.000,1.000
39.770,37.420,36.340,38.240,42.000,39.770,2.230,3.000,0.025,0.000,6.680,7.970,0.000,14.660,30.000,0.200,4.000,1.000
39.790,37.440,36.350,38.240,42.000,39.790,2.210,3.000,0.025,0.000,6.630,7.980,0.000,14.610,30.000,0.200,4.000,1.000
39.800,37.440,36.360,38.270,42.000,39.800,2.200,3.000,0.025,0.000,6.610,7.990,0.000,14.610,30.000,0.200,4.000,1.000
39.810,37.460,36.370,38.270,42.000,39.810,2.190,3.000,0.025,0.000,6.560,8.010,0.000,14.570,30.000,0.200,4.000,1.000
39.830,37.460,36.390,38.290,42.000,39.830,2.170,3.000,0.025,0.000,6.510,8.020,0.000,14.530,30.000,0.200,4.000,1.000
39.840,37.480,36.390,38.290,42.000,39.840,2.160,3.000,0.025,0.000,6.480,8.030,0.000,14.510,30.000,0.200,4.000,1.000
39.850,37.480,36.400,38.310,42.000,39.850,2.150,3.000,0.025,0.000,6.450,8.040,0.000,14.490,30.000,0.200,4.000,1.000
39.860,37.500,36.410,38.310,42.000,39.860,2.140,3.000,0.025,0.000,6.430,8.050,0.000,14.480,30.000,0.200,4.000,1.000
39.860,37.500,36.420,38.330,42.000,39.860,2.140,3.000,0.025,0.000,6.410,8.060,0.000,14.470,30.000,0.200,4.000,1.000
39.870,37.520,36.430,38.340,42.000,39.870,2.130,3.000,0.025,0.000,6.390,8.070,0.000,14.460,30.000,0.200,4.000,1.000
39.880,37.520,36.440,38.360,42.000,39.880,2.120,3.000,0.025,0.000,6.350,8.080,0.000,14.430,30.000,0.200,4.000,1.000
39.890,37.540,36.460,38.360,42.000,39.890,2.110,3.000,0.025,0.000,6.330,8.090,0.000,14.420,30.000,0.200,4.000,1.000
39.910,37.550,36.460,38.380,42.000,39.910,2.090,3.000,0.025,0.000,6.270,8.100,0.000,14.370,30.000,0.200,4.000,1.000
39.910,37.560,36.470,38.380,42.000,39.910,2.090,3.000,0.025,0.000,6.270,8.110,0.000,14.380,30.000,0.200,4.000,1.000
39.920,37.580,36.480,38.400,42.000,39.920,2.080,3.000,0.025,0.000,6.230,8.120,0.000,14.360,30.000,0.200,4.000,1.000
39.920,37.590,36.490,38.410,42.000,39.920,2.080,3.000,0.025,0.000,6.250,8.130,0.000,14.380,30.000,0.200,4.000,1.000
39.930,37.600,36.490,38.420,42.000,39.930,2.070,3.000,0.025,0.000,6.210,8.140,0.000,14.350,30.000,0.200,4.000,1.000
39.920,37.600,36.510,38.430,42.000,39.920,2.080,3.000,0.025,0.000,6.240,8.150,0.000,14.390,30.000,0.200,4.000,1.000
39.930,37.620,36.510,38.440,42.000,39.930,2.070,3.000,0.025,0.000,6.200,8.160,0.000,14.360,30.000,0.200,4.000,1.000
39.930,37.610,36.530,38.460,42.000,39.930,2.070,3.000,0.025,0.000,6.200,8.170,0.000,14.370,30.000,0.200,4.000,1.000
39.940,37.630,36.530,38.460,42.000,39.940,2.060,3.000,0.025,0.000,6.170,8.180,0.000,14.350,30.000,0.200,4.000,1.000
39.950,37.630,36.550,38.480,42.000,39.950,2.050,3.000,0.025,0.000,6.160,8.190,0.000,14.350,30.000,0.200,4.000,1.000
39.960,37.650,36.550,38.480,42.000,39.960,2.040,3.000,0.025,0.000,6.130,8.210,0.000,14.330,30.000,0.200,4.000,1.000
39.970,37.650,36.560,38.500,42.000,39.970,2.030,3.000,0.025,0.000,6.100,8.220,0.000,14.320,30.000,0.200,4.000,1.000
39.970,37.660,36.570,38.500,42.000,39.970,2.030,3.000,0.025,0.000,6.080,8.230,0.000,14.300,30.000,0.200,4.000,1.000
39.980,37.660,36.570,38.510,42.000,39.980,2.020,3.000,0.025,0.000,6.050,8.240,0.000,14.290,30.000,0.200,4.000,1.000
39.990,37.680,36.590,38.520,42.000,39.990,2.010,3.000,0.025,0.000,6.020,8.250,0.000,14.260,30.000,0.200,4.000,1.000
40.010,37.680,36.590,38.540,42.000,40.010,1.990,3.000,0.025,0.000,5.970,8.260,0.000,14.230,30.000,0.200,4.000,1.000
40.020,37.700,36.610,38.540,42.000,40.020,1.980,3.000,0.025,0.000,5.950,8.270,0.000,14.210,30.000,0.200,4.000,1.000
40.040,37.700,36.600,38.560,42.000,40.040,1.960,3.000,0.025,0.000,5.890,8.280,0.000,14.170,30.000,0.200,4.000,1.000
40.040,37.720,36.620,38.560,42.000,40.040,1.960,3.000,0.025,0.000,5.870,8.280,0.000,14.160,30.000,0.200,4.000,1.000
40.070,37.730,36.620,38.580,42.000,40.070,1.930,3.000,0.025,0.000,5.800,8.290,0.000,14.090,30.000,0.200,4.000,1.000
40.070,37.750,36.640,38.590,42.000,40.070,1.930,3.000,0.025,0.000,5.790,8.300,0.000,14.090,30.000,0.200,4.000,1.000
40.100,37.770,36.640,38.600,42.000,40.100,1.900,3.000,0.025,0.000,5.690,8.310,0.000,14.000,30.000,0.200,4.000,1.000
40.110,37.770,36.650,38.610,42.000,40.110,1.890,3.000,0.025,0.000,5.660,8.320,0.000,13.980,30.000,0.200,4.000,1.000
40.150,37.800,36.660,38.610,42.000,40.150,1.850,3.000,0.025,0.000,5.560,8.330,0.000,13.900,30.000,0.200,4.000,1.000
40.160,37.810,36.670,38.630,42.000,40.160,1.840,3.000,0.025,0.000,5.530,8.340,0.000,13.870,30.000,0.200,4.000,1.000
40.180,37.840,36.680,38.640,42.000,40.180,1.820,3.000,0.025,0.000,5.460,8.350,0.000,13.810,30.000,0.200,4.000,1.000
40.190,37.850,36.690,38.650,42.000,40.190,1.810,3.000,0.025,0.000,5.420,8.360,0.000,13.780,30.000,0.200,4.000,1.000
40.210,37.870,36.690,38.660,42.000,40.210,1.790,3.000,0.025,0.000,5.370,8.370,0.000,13.740,30.000,0.200,4.000,1.000
40.220,37.870,36.700,38.660,42.000,40.220,1.780,3.000,0.025,0.000,5.350,8.380,0.000,13.730,30.000,0.200,4.000,1.000
40.230,37.900,36.710,38.670,42.000,40.230,1.770,3.000,0.025,0.000,5.300,8.390,0.000,13.680,30.000,0.200,4.000,1.000
40.250,37.900,36.710,38.690,42.000,40.250,1.750,3.000,0.025,0.000,5.250,8.400,0.000,13.650,30.000,0.200,4.000,1.000
40.260,37.910,36.720,38.690,42.000,40.260,1.740,3.000,0.025,0.000,5.230,8.400,0.000,13.630,30.000,0.200,4.000,1.000
40.270,37.910,36.730,38.700,42.000,40.270,1.730,3.000,0.025,0.000,5.190,8.410,0.000,13.600,30.000,0.200,4.000,1.000
40.270,37.920,36.740,38.710,42.000,40.270,1.730,3.000,0.025,0.000,5.180,8.420,0.000,13.610,30.000,0.200,4.000,1.000
40.290,37.930,36.740,38.720,42.000,40.290,1.710,3.000,0.025,0.000,5.140,8.430,0.000,13.570,30.000,0.200,4.000,1.000
40.280,37.930,36.750,38.730,42.000,40.280,1.720,3.000,0.025,0.000,5.160,8.440,0.000,13.600,30.000,0.200,4.000,1.000
40.300,37.930,36.750,38.740,42.000,40.300,1.700,3.000,0.025,0.000,5.100,8.450,0.000,13.550,30.000,0.200,4.000,1.000
40.290,37.930,36.770,38.750,42.000,40.290,1.710,3.000,0.025,0.000,5.120,8.460,0.000,13.570,30.000,0.200,4.000,1.000
40.310,37.940,36.760,38.760,42.000,40.310,1.690,3.000,0.025,0.000,5.060,8.460,0.000,13.520,30.000,0.200,4.000,1.000
40.310,37.950,36.780,38.770,42.000,40.310,1.690,3.000,0.025,0.000,5.060,8.470,0.000,13.530,30.000,0.200,4.000,1.000
40.330,37.960,36.780,38.770,42.000,40.330,1.670,3.000,0.025,0.000,5.010,8.480,0.000,13.490,30.000,0.200,4.000,1.000
40.330,37.960,36.790,38.790,42.000,40.330,1.670,3.000,0.025,0.000,5.020,8.490,0.000,13.510,30.000,0.200,4.000,1.000
40.330,37.970,36.800,38.790,42.000,40.330,1.670,3.000,0.025,0.000,5.000,8.500,0.000,13.500,30.000,0.200,4.000,1.000
40.340,37.970,36.800,38.800,42.000,40.340,1.660,3.000,0.025,0.000,4.970,8.510,0.000,13.470,30.000,0.200,4.000,1.000
40.340,37.970,36.810,38.810,42.000,40.340,1.660,3.000,0.025,0.000,4.970,8.510,0.000,13.490,30.000,0.200,4.000,1.000
40.350,37.980,36.810,38.820,42.000,40.350,1.650,3.000,0.025,0.000,4.940,8.520,0.000,13.460,30.000,0.200,4.000,1.000
40.350,37.980,36.830,38.820,42.000,40.350,1.650,3.000,0.025,0.000,4.950,8.530,0.000,13.480,30.000,0.200,4.000,1.000
40.360,37.990,36.820,38.830,42.000,40.360,1.640,3.000,0.025,0.000,4.930,8.540,0.000,13.470,30.000,0.200,4.000,1.000
40.350,37.980,36.840,38.840,42.000,40.350,1.650,3.000,0.025,0.000,4.950,8.550,0.000,13.490,30.000,0.200,4.000,1.000
40.360,37.990,36.840,38.840,42.000,40.360,1.640,3.000,0.025,0.000,4.910,8.550,0.000,13.470,30.000,0.200,4.000,1.000
40.370,37.980,36.850,38.860,42.000,40.370,1.630,3.000,0.025,0.000,4.900,8.560,0.000,13.460,30.000,0.200,4.000,1.000
40.370,37.990,36.860,38.860,42.000,40.370,1.630,3.000,0.025,0.000,4.900,8.570,0.000,13.470,30.000,0.200,4.000,1.000
40.390,37.990,36.850,38.880,42.000,40.390,1.610,3.000,0.025,0.000,4.840,8.580,0.000,13.420,30.000,0.200,4.000,1.000
40.390,37.990,36.860,38.880,42.000,40.390,1.610,3.000,0.025,0.000,4.840,8.590,0.000,13.430,30.000,0.200,4.000,1.000
40.400,37.990,36.860,38.890,42.000,40.400,1.600,3.000,0.025,0.000,4.800,8.600,0.000,13.400,30.000,0.200,4.000,1.000
40.390,37.980,36.880,38.900,42.000,40.390,1.610,3.000,0.025,0.000,4.820,8.600,0.000,13.420,30.000,0.200,4.000,1.000
40.410,38.000,36.880,38.900,42.000,40.410,1.590,3.000,0.025,0.000,4.780,8.610,0.000,13.390,30.000,0.200,4.000,1.000
40.410,37.990,36.880,38.920,42.000,40.410,1.590,3.000,0.025,0.000,4.760,8.620,0.000,13.380,30.000,0.200,4.000,1.000
40.410,37.990,36.890,38.920,42.000,40.410,1.590,3.000,0.025,0.000,4.760,8.630,0.000,13.380,30.000,0.200,4.000,1.000
40.430,37.990,36.890,38.920,42.000,40.430,1.570,3.000,0.025,0.000,4.710,8.640,0.000,13.350,30.000,0.200,4.000,1.000
40.430,37.990,36.910,38.940,42.000,40.430,1.570,3.000,0.025,0.000,4.720,8.640,0.000,13.360,30.000,0.200,4.000,1.000
40.440,38.000,36.910,38.940,42.000,40.440,1.560,3.000,0.025,0.000,4.670,8.650,0.000,13.320,30.000,0.200,4.000,1.000
40.450,37.990,36.910,38.950,42.000,40.450,1.550,3.000,0.025,0.000,4.660,8.660,0.000,13.320,30.000,0.200,4.000,1.000
40.460,37.990,36.920,38.950,42.000,40.460,1.540,3.000,0.025,0.000,4.630,8.670,0.000,13.290,30.000,0.200,4.000,1.000
40.470,37.990,36.920,38.960,42.000,40.470,1.530,3.000,0.025,0.000,4.590,8.670,0.000,13.260,30.000,0.200,4.000,1.000
40.470,38.000,36.930,38.970,42.000,40.470,1.530,3.000,0.025,0.000,4.580,8.680,0.000,13.260,30.000,0.200,4.000,1.000
40.490,38.000,36.930,38.980,42.000,40.490,1.510,3.000,0.025,0.000,4.520,8.690,0.000,13.210,30.000,0.200,4.000,1.000
40.490,37.990,36.940,38.990,42.000,40.490,1.510,3.000,0.025,0.000,4.540,8.700,0.000,13.240,30.000,0.200,4.000,1.000
40.500,38.010,36.950,38.990,42.000,40.500,1.500,3.000,0.025,0.000,4.500,8.700,0.000,13.210,30.000,0.200,4.000,1.000
40.500,37.990,36.950,39.010,42.000,40.500,1.500,3.000,0.025,0.000,4.490,8.710,0.000,13.210,30.000,0.200,4.000,1.000
40.500,38.000,36.960,39.010,42.000,40.500,1.500,3.000,0.025,0.000,4.500,8.720,0.000,13.210,30.000,0.200,4.000,1.000
40.520,38.010,36.960,39.020,42.000,40.520,1.480,3.000,0.025,0.000,4.450,8.730,0.000,13.180,30.000,0.200,4.000,1.000
40.510,38.000,36.970,39.020,42.000,40.510,1.490,3.000,0.025,0.000,4.470,8.730,0.000,13.200,30.000,0.200,4.000,1.000
40.530,38.010,36.970,39.030,42.000,40.530,1.470,3.000,0.025,0.000,4.420,8.740,0.000,13.160,30.000,0.200,4.000,1.000
40.540,38.010,36.980,39.040,42.000,40.540,1.460,3.000,0.025,0.000,4.390,8.750,0.000,13.140,30.000,0.200,4.000,1.000
40.530,38.010,36.990,39.040,42.000,40.530,1.470,3.000,0.025,0.000,4.400,8.760,0.000,13.150,30.000,0.200,4.000,1.000
40.560,38.010,36.980,39.050,42.000,40.560,1.440,3.000,0.025,0.000,4.330,8.760,0.000,13.090,30.000,0.200,4.000,1.000
40.550,38.010,36.990,39.060,42.000,40.550,1.450,3.000,0.025,0.000,4.350,8.770,0.000,13.120,30.000,0.200,4.000,1.000
40.560,38.020,37.000,39.060,42.000,40.560,1.440,3.000,0.025,0.000,4.310,8.780,0.000,13.080,30.000,0.200,4.000,1.000
40.570,38.020,37.000,39.070,42.000,40.570,1.430,3.000,0.025,0.000,4.290,8.780,0.000,13.080,30.000,0.200,4.000,1.000
40.570,38.020,37.010,39.070,42.000,40.570,1.430,3.000,0.025,0.000,4.290,8.790,0.000,13.080,30.000,0.200,4.000,1.000
40.580,38.020,37.010,39.080,42.000,40.580,1.420,3.000,0.025,0.000,4.250,8.800,0.000,13.050,30.000,0.200,4.000,1.000
40.580,38.020,37.020,39.090,42.000,40.580,1.420,3.000,0.025,0.000,4.270,8.810,0.000,13.080,30.000,0.200,4.000,1.000
40.580,38.020,37.020,39.090,42.000,40.580,1.420,3.000,0.025,0.000,4.260,8.810,0.000,13.080,30.000,0.200,4.000,1.000
40.580,38.020,37.030,39.100,42.000,40.580,1.420,3.000,0.025,0.000,4.250,8.820,0.000,13.070,30.000,0.200,4.000,1.000
40.590,38.030,37.040,39.100,42.000,40.590,1.410,3.000,0.025,0.000,4.240,8.830,0.000,13.070,30.000,0.200,4.000,1.000
40.590,38.030,37.030,39.110,42.000,40.590,1.410,3.000,0.025,0.000,4.230,8.830,0.000,13.060,30.000,0.200,4.000,1.000
40.580,38.030,37.050,39.120,42.000,40.580,1.420,3.000,0.025,0.000,4.250,8.840,0.000,13.100,30.000,0.200,4.000,1.000
40.590,38.050,37.050,39.120,42.000,40.590,1.410,3.000,0.025,0.000,4.220,8.850,0.000,13.070,30.000,0.200,4.000,1.000
40.600,38.050,37.050,39.130,42.000,40.600,1.400,3.000,0.025,0.000,4.210,8.860,0.000,13.060,30.000,0.200,4.000,1.000
40.600,38.050,37.060,39.130,42.000,40.600,1.400,3.000,0.025,0.000,4.210,8.860,0.000,13.070,30.000,0.200,4.000,1.000
40.610,38.060,37.060,39.140,42.000,40.610,1.390,3.000,0.025,0.000,4.180,8.870,0.000,13.050,30.000,0.200,4.000,1.000
40.610,38.070,37.070,39.150,42.000,40.610,1.390,3.000,0.025,0.000,4.180,8.880,0.000,13.060,30.000,0.200,4.000,1.000
40.610,38.080,37.070,39.150,42.000,40.610,1.390,3.000,0.025,0.000,4.170,8.880,0.000,13.060,30.000,0.200,4.000,1.000
40.620,38.080,37.070,39.160,42.000,40.620,1.380,3.000,0.025,0.000,4.150,8.890,0.000,13.040,30.000,0.200,4.000,1.000
40.620,38.090,37.080,39.170,42.000,40.620,1.380,3.000,0.025,0.000,4.150,8.900,0.000,13.050,30.000,0.200,4.000,1.000
40.620,38.100,37.080,39.160,42.000,40.620,1.380,3.000,0.025,0.000,4.130,8.900,0.000,13.030,30.000,0.200,4.000,1.000
40.640,38.100,37.080,39.180,42.000,40.640,1.360,3.000,0.025,0.000,4.090,8.910,0.000,13.000,30.000,0.200,4.000,1.000
40.630,38.100,37.090,39.180,42.000,40.630,1.370,3.000,0.025,0.000,4.100,8.920,0.000,13.020,30.000,0.200,4.000,1.000
40.650,38.110,37.090,39.180,42.000,40.650,1.350,3.000,0.025,0.000,4.060,8.920,0.000,12.990,30.000,0.200,4.000,1.000
40.650,38.100,37.090,39.190,42.000,40.650,1.350,3.000,0.025,0.000,4.050,8.930,0.000,12.980,30.000,0.200,4.000,1.000
40.650,38.100,37.110,39.190,42.000,40.650,1.350,3.000,0.025,0.000,4.040,8.940,0.000,12.980,30.000,0.200,4.000,1.000
40.670,38.110,37.110,39.200,42.000,40.670,1.330,3.000,0.025,0.000,4.000,8.940,0.000,12.950,30.000,0.200,4.000,1.000
40.680,38.110,37.110,39.210,42.000,40.680,1.320,3.000,0.025,0.000,3.960,8.950,0.000,12.910,30.000,0.200,4.000,1.000
40.680,38.110,37.120,39.210,42.000,40.680,1.320,3.000,0.025,0.000,3.970,8.960,0.000,12.930,30.000,0.200,4.000,1.000
40.690,38.120,37.120,39.210,42.000,40.690,1.310,3.000,0.025,0.000,3.920,8.960,0.000,12.880,30.000,0.200,4.000,1.000
40.710,38.110,37.120,39.220,42.000,40.710,1.290,3.000,0.025,0.000,3.880,8.970,0.000,12.850,30.000,0.200,4.000,1.000
40.710,38.120,37.130,39.230,42.000,40.710,1.290,3.000,0.025,0.000,3.870,8.980,0.000,12.850,30.000,0.200,4.000,1.000
40.730,38.120,37.130,39.230,42.000,40.730,1.270,3.000,0.025,0.000,3.820,8.980,0.000,12.810,30.000,0.200,4.000,1.000
40.740,38.120,37.130,39.240,42.000,40.740,1.260,3.000,0.025,0.000,3.790,8.990,0.000,12.780,30.000,0.200,4.000,1.000
40.740,38.130,37.150,39.240,42.000,40.740,1.260,3.000,0.025,0.000,3.780,9.000,0.000,12.780,30.000,0.200,4.000,1.000
40.750,38.140,37.140,39.240,42.000,40.750,1.250,3.000,0.025,0.000,3.740,9.000,0.000,12.740,30.000,0.200,4.000,1.000
40.760,38.140,37.140,39.250,42.000,40.760,1.240,3.000,0.025,0.000,3.710,9.010,0.000,12.710,30.000,0.200,4.000,1.000
40.770,38.140,37.160,39.260,42.000,40.770,1.230,3.000,0.025,0.000,3.690,9.020,0.000,12.710,30.000,0.200,4.000,1.000
40.780,38.150,37.160,39.260,42.000,40.780,1.220,3.000,0.025,0.000,3.650,9.020,0.000,12.670,30.000,0.200,4.000,1.000
40.790,38.150,37.160,39.270,42.000,40.790,1.210,3.000,0.025,0.000,3.640,9.030,0.000,12.670,30.000,0.200,4.000,1.000
40.790,38.150,37.170,39.270,42.000,40.790,1.210,3.000,0.025,0.000,3.630,9.030,0.000,12.670,30.000,0.200,4.000,1.000
40.800,38.160,37.170,39.260,42.000,40.800,1.200,3.000,0.025,0.000,3.600,9.040,0.000,12.640,30.000,0.200,4.000,1.000
40.800,38.160,37.170,39.280,42.000,40.800,1.200,3.000,0.025,0.000,3.590,9.050,0.000,12.630,30.000,0.200,4.000,1.000
40.800,38.160,37.180,39.280,42.000,40.800,1.200,3.000,0.025,0.000,3.590,9.050,0.000,12.640,30.000,0.200,4.000,1.000
40.810,38.170,37.180,39.290,42.000,40.810,1.190,3.000,0.025,0.000,3.580,9.060,0.000,12.630,30.000,0.200,4.000,1.000
40.820,38.170,37.180,39.290,42.000,40.820,1.180,3.000,0.025,0.000,3.530,9.060,0.000,12.600,30.000,0.200,4.000,1.000
40.820,38.170,37.190,39.300,42.000,40.820,1.180,3.000,0.025,0.000,3.540,9.070,0.000,12.610,30.000,0.200,4.000,1.000
40.820,38.180,37.200,39.290,42.000,40.820,1.180,3.000,0.025,0.000,3.530,9.070,0.000,12.610,30.000,0.200,4.000,1.000
40.840,38.190,37.200,39.300,42.000,40.840,1.160,3.000,0.025,0.000,3.490,9.080,0.000,12.570,30.000,0.200,4.000,1.000
40.860,38.190,37.200,39.310,42.000,40.860,1.140,3.000,0.025,0.000,3.430,9.090,0.000,12.520,30.000,0.200,4.000,1.000
40.850,38.190,37.210,39.310,42.000,40.850,1.150,3.000,0.025,0.000,3.440,9.090,0.000,12.530,30.000,0.200,4.000,1.000
40.870,38.210,37.210,39.310,42.000,40.870,1.130,3.000,0.025,0.000,3.390,9.100,0.000,12.490,30.000,0.200,4.000,1.000
40.890,38.220,37.210,39.320,42.000,40.890,1.110,3.000,0.025,0.000,3.340,9.100,0.000,12.450,30.000,0.200,4.000,1.000
40.890,38.220,37.210,39.330,42.000,40.890,1.110,3.000,0.025,0.000,3.340,9.110,0.000,12.450,30.000,0.200,4.000,1.000
40.900,38.240,37.220,39.330,42.000,40.900,1.100,3.000,0.025,0.000,3.310,9.110,0.000,12.420,30.000,0.200,4.000,1.000
40.910,38.250,37.230,39.330,42.000,40.910,1.090,3.000,0.025,0.000,3.260,9.120,0.000,12.380,30.000,0.200,4.000,1.000
40.920,38.250,37.220,39.340,42.000,40.920,1.080,3.000,0.025,0.000,3.240,9.130,0.000,12.360,30.000,0.200,4.000,1.000
40.920,38.260,37.230,39.350,42.000,40.920,1.080,3.000,0.025,0.000,3.240,9.130,0.000,12.370,30.000,0.200,4.000,1.000
40.930,38.270,37.240,39.340,42.000,40.930,1.070,3.000,0.025,0.000,3.200,9.140,0.000,12.330,30.000,0.200,4.000,1.000
40.940,38.280,37.240,39.350,42.000,40.940,1.060,3.000,0.025,0.000,3.170,9.140,0.000,12.310,30.000,0.200,4.000,1.000
40.940,38.290,37.240,39.360,42.000,40.940,1.060,3.000,0.025,0.000,3.170,9.150,0.000,12.320,30.000,0.200,4.000,1.000
40.940,38.300,37.250,39.360,42.000,40.940,1.060,3.000,0.025,0.000,3.180,9.150,0.000,12.330,30.000,0.200,4.000,1.000
40.940,38.310,37.250,39.360,42.000,40.940,1.060,3.000,0.025,0.000,3.170,9.160,0.000,12.330,30.000,0.200,4.000,1.000
40.960,38.320,37.240,39.360,42.000,40.960,1.040,3.000,0.025,0.000,3.130,9.160,0.000,12.300,30.000,0.200,4.000,1.000
40.950,38.320,37.250,39.370,42.000,40.950,1.050,3.000,0.025,0.000,3.150,9.170,0.000,12.310,30.000,0.200,4.000,1.000
40.950,38.320,37.260,39.380,42.000,40.950,1.050,3.000,0.025,0.000,3.140,9.170,0.000,12.320,30.000,0.200,4.000,1.000
40.960,38.340,37.260,39.380,42.000,40.960,1.040,3.000,0.025,0.000,3.110,9.180,0.000,12.280,30.000,0.200,4.000,1.000
40.970,38.340,37.260,39.380,42.000,40.970,1.030,3.000,0.025,0.000,3.080,9.180,0.000,12.260,30.000,0.200,4.000,1.000
40.980,38.340,37.260,39.390,42.000,40.980,1.020,3.000,0.025,0.000,3.060,9.190,0.000,12.250,30.000,0.200,4.000,1.000
40.980,38.340,37.270,39.390,42.000,40.980,1.020,3.000,0.025,0.000,3.060,9.190,0.000,12.260,30.000,0.200,4.000,1.000
40.990,38.350,37.280,39.390,42.000,40.990,1.010,3.000,0.025,0.000,3.030,9.200,0.000,12.230,30.000,0.200,4.000,1.000
41.010,38.350,37.270,39.400,42.000,41.010,0.990,3.000,0.025,0.000,2.980,9.200,0.000,12.190,30.000,0.200,4.000,1.000
41.010,38.350,37.270,39.400,42.000,41.010,0.990,3.000,0.025,0.000,2.970,9.210,0.000,12.170,30.000,0.200,4.000,1.000
41.010,38.350,37.280,39.410,42.000,41.010,0.990,3.000,0.025,0.000,2.960,9.210,0.000,12.170,30.000,0.200,4.000,1.000
41.020,38.360,37.290,39.400,42.000,41.020,0.980,3.000,0.025,0.000,2.940,9.220,0.000,12.160,30.000,0.200,4.000,1.000
41.030,38.370,37.290,39.410,42.000,41.030,0.970,3.000,0.025,0.000,2.900,9.220,0.000,12.120,30.000,0.200,4.000,1.000
41.040,38.370,37.280,39.420,42.000,41.040,0.960,3.000,0.025,0.000,2.880,9.230,0.000,12.110,30.000,0.200,4.000,1.000
41.050,38.360,37.290,39.420,42.000,41.050,0.950,3.000,0.025,0.000,2.860,9.230,0.000,12.090,30.000,0.200,4.000,1.000
41.050,38.370,37.290,39.420,42.000,41.050,0.950,3.000,0.025,0.000,2.840,9.240,0.000,12.080,30.000,0.200,4.000,1.000
41.070,38.390,37.300,39.420,42.000,41.070,0.930,3.000,0.025,0.000,2.800,9.240,0.000,12.040,30.000,0.200,4.000,1.000
41.080,38.390,37.290,39.430,42.000,41.080,0.920,3.000,0.025,0.000,2.750,9.250,0.000,12.000,30.000,0.200,4.000,1.000
41.090,38.390,37.300,39.440,42.000,41.090,0.910,3.000,0.025,0.000,2.720,9.250,0.000,11.970,30.000,0.200,4.000,1.000
41.100,38.400,37.310,39.440,42.000,41.100,0.900,3.000,0.025,0.000,2.700,9.260,0.000,11.960,30.000,0.200,4.000,1.000
41.120,38.410,37.310,39.430,42.000,41.120,0.880,3.000,0.025,0.000,2.650,9.260,0.000,11.910,30.000,0.200,4.000,1.000
41.130,38.410,37.310,39.440,42.000,41.130,0.870,3.000,0.025,0.000,2.610,9.260,0.000,11.870,30.000,0.200,4.000,1.000
41.140,38.410,37.310,39.450,42.000,41.140,0.860,3.000,0.025,0.000,2.580,9.270,0.000,11.850,30.000,0.200,4.000,1.000
41.150,38.410,37.320,39.450,42.000,41.150,0.850,3.000,0.025,0.000,2.560,9.270,0.000,11.840,30.000,0.200,4.000,1.000
41.150,38.420,37.310,39.450,42.000,41.150,0.850,3.000,0.025,0.000,2.540,9.280,0.000,11.820,30.000,0.200,4.000,1.000
41.170,38.420,37.310,39.450,42.000,41.170,0.830,3.000,0.025,0.000,2.500,9.280,0.000,11.780,30.000,0.200,4.000,1.000
41.160,38.420,37.320,39.460,42.000,41.160,0.840,3.000,0.025,0.000,2.520,9.290,0.000,11.800,30.000,0.200,4.000,1.000
41.160,38.430,37.330,39.460,42.000,41.160,0.840,3.000,0.025,0.000,2.510,9.290,0.000,11.800,30.000,0.200,4.000,1.000
41.180,38.440,37.320,39.460,42.000,41.180,0.820,3.000,0.025,0.000,2.470,9.290,0.000,11.770,30.000,0.200,4.000,1.000
41.180,38.440,37.320,39.470,42.000,41.180,0.820,3.000,0.025,0.000,2.460,9.300,0.000,11.760,30.000,0.200,4.000,1.000
41.180,38.440,37.330,39.470,42.000,41.180,0.820,3.000,0.025,0.000,2.450,9.300,0.000,11.760,30.000,0.200,4.000,1.000
41.180,38.440,37.330,39.470,42.000,41.180,0.820,3.000,0.025,0.000,2.450,9.310,0.000,11.750,30.000,0.200,4.000,1.000
41.200,38.450,37.330,39.470,42.000,41.200,0.800,3.000,0.025,0.000,2.410,9.310,0.000,11.720,30.000,0.200,4.000,1.000
41.200,38.440,37.330,39.480,42.000,41.200,0.800,3.000,0.025,0.000,2.410,9.310,0.000,11.720,30.000,0.200,4.000,1.000
41.200,38.440,37.340,39.480,42.000,41.200,0.800,3.000,0.025,0.000,2.410,9.320,0.000,11.730,30.000,0.200,4.000,1.000
41.200,38.450,37.340,39.480,42.000,41.200,0.800,3.000,0.025,0.000,2.400,9.320,0.000,11.720,30.000,0.200,4.000,1.000
41.210,38.440,37.340,39.480,42.000,41.210,0.790,3.000,0.025,0.000,2.360,9.330,0.000,11.690,30.000,0.200,4.000,1.000
41.210,38.440,37.340,39.490,42.000,41.210,0.790,3.000,0.025,0.000,2.380,9.330,0.000,11.710,30.000,0.200,4.000,1.000
41.210,38.440,37.340,39.490,42.000,41.210,0.790,3.000,0.025,0.000,2.380,9.330,0.000,11.710,30.000,0.200,4.000,1.000
41.220,38.450,37.350,39.490,42.000,41.220,0.780,3.000,0.025,0.000,2.350,9.340,0.000,11.690,30.000,0.200,4.000,1.000
41.220,38.440,37.340,39.490,42.000,41.220,0.780,3.000,0.025,0.000,2.340,9.340,0.000,11.680,30.000,0.200,4.000,1.000
41.220,38.430,37.340,39.500,42.000,41.220,0.780,3.000,0.025,0.000,2.340,9.350,0.000,11.690,30.000,0.200,4.000,1.000
41.230,38.440,37.350,39.500,42.000,41.230,0.770,3.000,0.025,0.000,2.320,9.350,0.000,11.670,30.000,0.200,4.000,1.000
41.240,38.440,37.350,39.490,42.000,41.240,0.760,3.000,0.025,0.000,2.280,9.350,0.000,11.630,30.000,0.200,4.000,1.000
41.250,38.440,37.350,39.500,42.000,41.250,0.750,3.000,0.025,0.000,2.260,9.360,0.000,11.610,30.000,0.200,4.000,1.000
41.250,38.430,37.350,39.510,42.000,41.250,0.750,3.000,0.025,0.000,2.260,9.360,0.000,11.620,30.000,0.200,4.000,1.000
41.250,38.430,37.360,39.510,42.000,41.250,0.750,3.000,0.025,0.000,2.250,9.360,0.000,11.610,30.000,0.200,4.000,1.000
41.260,38.440,37.350,39.500,42.000,41.260,0.740,3.000,0.025,0.000,2.220,9.370,0.000,11.590,30.000,0.200,4.000,1.000
41.260,38.430,37.350,39.510,42.000,41.260,0.740,3.000,0.025,0.000,2.210,9.370,0.000,11.580,30.000,0.200,4.000,1.000
41.260,38.430,37.350,39.520,42.000,41.260,0.740,3.000,0.025,0.000,2.220,9.380,0.000,11.600,30.000,0.200,4.000,1.000
41.270,38.430,37.360,39.520,42.000,41.270,0.730,3.000,0.025,0.000,2.200,9.380,0.000,11.580,30.000,0.200,4.000,1.000
41.270,38.440,37.360,39.510,42.000,41.270,0.730,3.000,0.025,0.000,2.180,9.380,0.000,11.560,30.000,0.200,4.000,1.000
41.290,38.440,37.350,39.510,42.000,41.290,0.710,3.000,0.025,0.000,2.140,9.390,0.000,11.530,30.000,0.200,4.000,1.000
41.280,38.430,37.360,39.520,42.000,41.280,0.720,3.000,0.025,0.000,2.150,9.390,0.000,11.540,30.000,0.200,4.000,1.000
41.290,38.440,37.370,39.520,42.000,41.290,0.710,3.000,0.025,0.000,2.130,9.390,0.000,11.520,30.000,0.200,4.000,1.000
41.300,38.450,37.360,39.520,42.000,41.300,0.700,3.000,0.025,0.000,2.090,9.400,0.000,11.490,30.000,0.200,4.000,1.000
41.310,38.440,37.360,39.520,42.000,41.310,0.690,3.000,0.025,0.000,2.070,9.400,0.000,11.470,30.000,0.200,4.000,1.000
41.310,38.440,37.370,39.520,42.000,41.310,0.690,3.000,0.025,0.000,2.070,9.400,0.000,11.470,30.000,0.200,4.000,1.000
41.310,38.450,37.370,39.520,42.000,41.310,0.690,3.000,0.025,0.000,2.060,9.410,0.000,11.470,30.000,0.200,4.000,1.000
41.320,38.460,37.360,39.520,42.000,41.320,0.680,3.000,0.025,0.000,2.030,9.410,0.000,11.450,30.000,0.200,4.000,1.000
41.320,38.450,37.360,39.530,42.000,41.320,0.680,3.000,0.025,0.000,2.030,9.410,0.000,11.450,30.000,0.200,4.000,1.000
41.330,38.460,37.370,39.530,42.000,41.330,0.670,3.000,0.025,0.000,2.020,9.420,0.000,11.440,30.000,0.200,4.000,1.000
41.340,38.470,37.370,39.520,42.000,41.340,0.660,3.000,0.025,0.000,1.980,9.420,0.000,11.400,30.000,0.200,4.000,1.000
41.340,38.460,37.360,39.540,42.000,41.340,0.660,3.000,0.025,0.000,1.980,9.420,0.000,11.400,30.000,0.200,4.000,1.000
41.330,38.470,37.370,39.530,42.000,41.330,0.670,3.000,0.025,0.000,2.000,9.430,0.000,11.420,30.000,0.200,4.000,1.000
41.340,38.480,37.380,39.530,42.000,41.340,0.660,3.000,0.025,0.000,1.980,9.430,0.000,11.410,30.000,0.200,4.000,1.000
41.350,38.480,37.360,39.530,42.000,41.350,0.650,3.000,0.025,0.000,1.950,9.430,0.000,11.380,30.000,0.200,4.000,1.000
41.350,38.480,37.370,39.540,42.000,41.350,0.650,3.000,0.025,0.000,1.960,9.440,0.000,11.400,30.000,0.200,4.000,1.000
41.350,38.480,37.380,39.530,42.000,41.350,0.650,3.000,0.025,0.000,1.940,9.440,0.000,11.380,30.000,0.200,4.000,1.000
41.370,38.490,37.370,39.530,42.000,41.370,0.630,3.000,0.025,0.000,1.900,9.440,0.000,11.350,30.000,0.200,4.000,1.000
41.360,38.480,37.370,39.540,42.000,41.360,0.640,3.000,0.025,0.000,1.910,9.450,0.000,11.350,30.000,0.200,4.000,1.000
41.360,38.480,37.380,39.540,42.000,41.360,0.640,3.000,0.025,0.000,1.920,9.450,0.000,11.370,30.000,0.200,4.000,1.000
41.370,38.490,37.380,39.540,42.000,41.370,0.630,3.000,0.025,0.000,1.880,9.450,0.000,11.340,30.000,0.200,4.000,1.000
41.380,38.480,37.370,39.540,42.000,41.380,0.620,3.000,0.025,0.000,1.850,9.460,0.000,11.310,30.000,0.200,4.000,1.000
41.380,38.480,37.380,39.540,42.000,41.380,0.620,3.000,0.025,0.000,1.870,9.460,0.000,11.330,30.000,0.200,4.000,1.000
41.380,38.500,37.380,39.540,42.000,41.380,0.620,3.000,0.025,0.000,1.850,9.460,0.000,11.310,30.000,0.200,4.000,1.000
41.390,38.500,37.370,39.540,42.000,41.390,0.610,3.000,0.025,0.000,1.830,9.470,0.000,11.290,30.000,0.200,4.000,1.000
41.380,38.500,37.380,39.550,42.000,41.380,0.620,3.000,0.025,0.000,1.850,9.470,0.000,11.320,30.000,0.200,4.000,1.000
41.390,38.520,37.380,39.540,42.000,41.390,0.610,3.000,0.025,0.000,1.820,9.470,0.000,11.290,30.000,0.200,4.000,1.000
41.400,38.520,37.380,39.540,42.000,41.400,0.600,3.000,0.025,0.000,1.790,9.470,0.000,11.270,30.000,0.200,4.000,1.000
41.400,38.530,37.380,39.550,42.000,41.400,0.600,3.000,0.025,0.000,1.810,9.480,0.000,11.290,30.000,0.200,4.000,1.000
41.410,38.550,37.380,39.540,42.000,41.410,0.590,3.000,0.025,0.000,1.780,9.480,0.000,11.260,30.000,0.200,4.000,1.000
41.420,38.550,37.380,39.550,42.000,41.420,0.580,3.000,0.025,0.000,1.750,9.480,0.000,11.230,30.000,0.200,4.000,1.000
41.410,38.560,37.380,39.550,42.000,41.410,0.590,3.000,0.025,0.000,1.760,9.490,0.000,11.250,30.000,0.200,4.000,1.000
41.420,38.570,37.390,39.540,42.000,41.420,0.580,3.000,0.025,0.000,1.740,9.490,0.000,11.230,30.000,0.200,4.000,1.000
41.430,38.580,37.380,39.540,42.000,41.430,0.570,3.000,0.025,0.000,1.710,9.490,0.000,11.200,30.000,0.200,4.000,1.000
41.430,38.580,37.380,39.550,42.000,41.430,0.570,3.000,0.025,0.000,1.700,9.500,0.000,11.200,30.000,0.200,4.000,1.000
41.440,38.590,37.380,39.550,42.000,41.440,0.560,3.000,0.025,0.000,1.680,9.500,0.000,11.180,30.000,0.200,4.000,1.000
41.450,38.600,37.380,39.540,42.000,41.450,0.550,3.000,0.025,0.000,1.640,9.500,0.000,11.140,30.000,0.200,4.000,1.000
41.460,38.600,37.380,39.550,42.000,41.460,0.540,3.000,0.025,0.000,1.610,9.500,0.000,11.110,30.000,0.200,4.000,1.000
41.470,38.600,37.390,39.550,42.000,41.470,0.530,3.000,0.025,0.000,1.600,9.510,0.000,11.110,30.000,0.200,4.000,1.000
41.480,38.610,37.380,39.540,42.000,41.480,0.520,3.000,0.025,0.000,1.570,9.510,0.000,11.080,30.000,0.200,4.000,1.000
41.480,38.610,37.380,39.550,42.000,41.480,0.520,3.000,0.025,0.000,1.570,9.510,0.000,11.080,30.000,0.200,4.000,1.000
41.470,38.610,37.390,39.550,42.000,41.470,0.530,3.000,0.025,0.000,1.580,9.510,0.000,11.100,30.000,0.200,4.000,1.000
41.480,38.620,37.380,39.540,42.000,41.480,0.520,3.000,0.025,0.000,1.550,9.520,0.000,11.060,30.000,0.200,4.000,1.000
41.490,38.610,37.380,39.550,42.000,41.490,0.510,3.000,0.025,0.000,1.530,9.520,0.000,11.050,30.000,0.200,4.000,1.000
41.490,38.620,37.390,39.550,42.000,41.490,0.510,3.000,0.025,0.000,1.540,9.520,0.000,11.060,30.000,0.200,4.000,1.000
41.500,38.630,37.380,39.540,42.000,41.500,0.500,3.000,0.025,0.000,1.500,9.520,0.000,11.030,30.000,0.200,4.000,1.000
41.500,38.620,37.380,39.550,42.000,41.500,0.500,3.000,0.025,0.000,1.500,9.530,0.000,11.030,30.000,0.200,4.000,1.000
41.500,38.620,37.390,39.550,42.000,41.500,0.500,3.000,0.025,0.000,1.500,9.530,0.000,11.030,30.000,0.200,4.000,1.000
41.520,38.620,37.390,39.550,42.000,41.520,0.480,3.000,0.025,0.000,1.440,9.530,0.000,10.970,30.000,0.200,4.000,1.000
41.520,38.630,37.390,39.550,42.000,41.520,0.480,3.000,0.025,0.000,1.440,9.530,0.000,10.980,30.000,0.200,4.000,1.000
41.510,38.630,37.390,39.550,42.000,41.510,0.490,3.000,0.025,0.000,1.460,9.540,0.000,10.990,30.000,0.200,4.000,1.000
41.520,38.640,37.380,39.540,42.000,41.520,0.480,3.000,0.025,0.000,1.430,9.540,0.000,10.960,30.000,0.200,4.000,1.000
41.520,38.640,37.380,39.550,42.000,41.520,0.480,3.000,0.025,0.000,1.430,9.540,0.000,10.970,30.000,0.200,4.000,1.000
41.520,38.650,37.390,39.550,42.000,41.520,0.480,3.000,0.025,0.000,1.430,9.540,0.000,10.980,30.000,0.200,4.000,1.000
41.530,38.660,37.390,39.550,42.000,41.530,0.470,3.000,0.025,0.000,1.400,9.550,0.000,10.940,30.000,0.200,4.000,1.000
41.540,38.660,37.390,39.550,42.000,41.540,0.460,3.000,0.025,0.000,1.370,9.550,0.000,10.920,30.000,0.200,4.000,1.000
41.540,38.680,37.390,39.550,42.000,41.540,0.460,3.000,0.025,0.000,1.370,9.550,0.000,10.920,30.000,0.200,4.000,1.000
41.560,38.690,37.380,39.550,42.000,41.560,0.440,3.000,0.025,0.000,1.320,9.550,0.000,10.880,30.000,0.200,4.000,1.000
41.560,38.690,37.380,39.560,42.000,41.560,0.440,3.000,0.025,0.000,1.320,9.550,0.000,10.880,30.000,0.200,4.000,1.000
41.570,38.710,37.390,39.550,42.000,41.570,0.430,3.000,0.025,0.000,1.290,9.560,0.000,10.850,30.000,0.200,4.000,1.000
41.590,38.720,37.380,39.550,42.000,41.590,0.410,3.000,0.025,0.000,1.220,9.560,0.000,10.780,30.000,0.200,4.000,1.000
41.590,38.730,37.390,39.550,42.000,41.590,0.410,3.000,0.025,0.000,1.220,9.560,0.000,10.780,30.000,0.200,4.000,1.000
41.610,38.740,37.390,39.550,42.000,41.610,0.390,3.000,0.025,0.000,1.180,9.560,0.000,10.740,30.000,0.200,4.000,1.000
41.630,38.750,37.380,39.550,42.000,41.630,0.370,3.000,0.025,0.000,1.120,9.560,0.000,10.690,30.000,0.200,4.000,1.000
41.630,38.760,37.390,39.550,42.000,41.630,0.370,3.000,0.025,0.000,1.110,9.570,0.000,10.680,30.000,0.200,4.000,1.000
41.640,38.770,37.390,39.540,42.000,41.640,0.360,3.000,0.025,0.000,1.070,9.570,0.000,10.640,30.000,0.200,4.000,1.000
41.650,38.780,37.380,39.550,42.000,41.650,0.350,3.000,0.025,0.000,1.050,9.570,0.000,10.620,30.000,0.200,4.000,1.000
41.660,38.790,37.390,39.540,42.000,41.660,0.340,3.000,0.025,0.000,1.030,9.570,0.000,10.600,30.000,0.200,4.000,1.000
41.670,38.810,37.380,39.540,42.000,41.670,0.330,3.000,0.025,0.000,0.990,9.570,0.000,10.560,30.000,0.200,4.000,1.000
41.670,38.810,37.380,39.550,42.000,41.670,0.330,3.000,0.025,0.000,1.000,9.580,0.000,10.570,30.000,0.200,4.000,1.000
41.680,38.820,37.390,39.540,42.000,41.680,0.320,3.000,0.025,0.000,0.960,9.580,0.000,10.540,30.000,0.200,4.000,1.000
41.690,38.830,37.380,39.550,42.000,41.690,0.310,3.000,0.025,0.000,0.930,9.580,0.000,10.510,30.000,0.200,4.000,1.000
41.680,38.840,37.380,39.550,42.000,41.680,0.320,3.000,0.025,0.000,0.950,9.580,0.000,10.530,30.000,0.200,4.000,1.000
41.690,38.850,37.380,39.540,42.000,41.690,0.310,3.000,0.025,0.000,0.920,9.580,0.000,10.500,30.000,0.200,4.000,1.000
41.700,38.850,37.380,39.540,42.000,41.700,0.300,3.000,0.025,0.000,0.900,9.580,0.000,10.480,30.000,0.200,4.000,1.000
41.700,38.870,37.380,39.540,42.000,41.700,0.300,3.000,0.025,0.000,0.910,9.580,0.000,10.490,30.000,0.200,4.000,1.000
41.710,38.880,37.370,39.540,42.000,41.710,0.290,3.000,0.025,0.000,0.870,9.590,0.000,10.460,30.000,0.200,4.000,1.000
41.700,38.880,37.380,39.550,42.000,41.700,0.300,3.000,0.025,0.000,0.890,9.590,0.000,10.470,30.000,0.200,4.000,1.000
41.700,38.900,37.380,39.530,42.000,41.700,0.300,3.000,0.025,0.000,0.890,9.590,0.000,10.480,30.000,0.200,4.000,1.000
41.710,38.910,37.370,39.540,42.000,41.710,0.290,3.000,0.025,0.000,0.870,9.590,0.000,10.460,30.000,0.200,4.000,1.000
41.690,38.910,37.380,39.540,42.000,41.690,0.310,3.000,0.025,0.000,0.920,9.590,0.000,10.510,30.000,0.200,4.000,1.000
41.700,38.940,37.380,39.530,42.000,41.700,0.300,3.000,0.025,0.000,0.890,9.590,0.000,10.490,30.000,0.200,4.000,1.000
41.700,38.940,37.370,39.540,42.000,41.700,0.300,3.000,0.025,0.000,0.890,9.590,0.000,10.480,30.000,0.200,4.000,1.000
41.690,38.960,37.380,39.540,42.000,41.690,0.310,3.000,0.025,0.000,0.920,9.600,0.000,10.510,30.000,0.200,4.000,1.000
41.710,38.980,37.370,39.530,42.000,41.710,0.290,3.000,0.025,0.000,0.880,9.600,0.000,10.480,30.000,0.200,4.000,1.000
41.700,38.990,37.370,39.540,42.000,41.700,0.300,3.000,0.025,0.000,0.890,9.600,0.000,10.490,30.000,0.200,4.000,1.000
41.700,39.000,37.370,39.530,42.000,41.700,0.300,3.000,0.025,0.000,0.890,9.600,0.000,10.490,30.000,0.200,4.000,1.000
41.710,39.010,37.360,39.530,42.000,41.710,0.290,3.000,0.025,0.000,0.880,9.600,0.000,10.490,30.000,0.200,4.000,1.000
41.700,39.020,37.370,39.540,42.000,41.700,0.300,3.000,0.025,0.000,0.910,9.600,0.000,10.520,30.000,0.200,4.000,1.000
41.710,39.040,37.360,39.530,42.000,41.710,0.290,3.000,0.025,0.000,0.880,9.610,0.000,10.480,30.000,0.200,4.000,1.000
41.700,39.040,37.360,39.540,42.000,41.700,0.300,3.000,0.025,0.000,0.900,9.610,0.000,10.500,30.000,0.200,4.000,1.000
41.700,39.050,37.370,39.520,42.000,41.700,0.300,3.000,0.025,0.000,0.890,9.610,0.000,10.500,30.000,0.200,4.000,1.000
41.710,39.060,37.360,39.540,42.000,41.710,0.290,3.000,0.025,0.000,0.870,9.610,0.000,10.480,30.000,0.200,4.000,1.000
41.700,39.070,37.360,39.530,42.000,41.700,0.300,3.000,0.025,0.000,0.910,9.610,0.000,10.520,30.000,0.200,4.000,1.000
41.710,39.080,37.350,39.520,42.000,41.710,0.290,3.000,0.025,0.000,0.870,9.610,0.000,10.480,30.000,0.200,4.000,1.000
41.700,39.080,37.360,39.530,42.000,41.700,0.300,3.000,0.025,0.000,0.900,9.610,0.000,10.510,30.000,0.200,4.000,1.000
41.710,39.100,37.350,39.520,42.000,41.710,0.290,3.000,0.025,0.000,0.880,9.620,0.000,10.500,30.000,0.200,4.000,1.000
41.710,39.100,37.350,39.530,42.000,41.710,0.290,3.000,0.025,0.000,0.880,9.620,0.000,10.500,30.000,0.200,4.000,1.000
41.700,39.110,37.350,39.510,42.000,41.700,0.300,3.000,0.025,0.000,0.890,9.620,0.000,10.500,30.000,0.200,4.000,1.000
41.710,39.110,37.350,39.520,42.000,41.710,0.290,3.000,0.025,0.000,0.870,9.620,0.000,10.490,30.000,0.200,4.000,1.000
41.700,39.120,37.360,39.520,42.000,41.700,0.300,3.000,0.025,0.000,0.900,9.620,0.000,10.520,30.000,0.200,4.000,1.000
41.710,39.120,37.340,39.520,42.000,41.710,0.290,3.000,0.025,0.000,0.880,9.620,0.000,10.510,30.000,0.200,4.000,1.000
41.690,39.130,37.350,39.510,42.000,41.690,0.310,3.000,0.025,0.000,0.920,9.620,0.000,10.540,30.000,0.200,4.000,1.000
41.710,39.130,37.340,39.510,42.000,41.710,0.290,3.000,0.025,0.000,0.870,9.630,0.000,10.490,30.000,0.200,4.000,1.000
41.690,39.130,37.340,39.510,42.000,41.690,0.310,3.000,0.025,0.000,0.920,9.630,0.000,10.540,30.000,0.200,4.000,1.000
41.710,39.140,37.340,39.510,42.000,41.710,0.290,3.000,0.025,0.000,0.880,9.630,0.000,10.510,30.000,0.200,4.000,1.000
41.700,39.130,37.350,39.510,42.000,41.700,0.300,3.000,0.025,0.000,0.910,9.630,0.000,10.550,30.000,0.200,4.000,1.000
41.700,39.150,37.340,39.510,42.000,41.700,0.300,3.000,0.025,0.000,0.910,9.630,0.000,10.550,30.000,0.200,4.000,1.000
41.690,39.150,37.340,39.510,42.000,41.690,0.310,3.000,0.025,0.000,0.920,9.630,0.000,10.550,30.000,0.200,4.000,1.000
41.690,39.160,37.340,39.500,42.000,41.690,0.310,3.000,0.025,0.000,0.920,9.640,0.000,10.550,30.000,0.200,4.000,1.000
41.700,39.160,37.330,39.500,42.000,41.700,0.300,3.000,0.025,0.000,0.900,9.640,0.000,10.540,30.000,0.200,4.000,1.000
41.700,39.170,37.330,39.500,42.000,41.700,0.300,3.000,0.025,0.000,0.890,9.640,0.000,10.530,30.000,0.200,4.000,1.000
41.710,39.170,37.330,39.500,42.000,41.710,0.290,3.000,0.025,0.000,0.860,9.640,0.000,10.500,30.000,0.200,4.000,1.000
41.700,39.180,37.330,39.500,42.000,41.700,0.300,3.000,0.025,0.000,0.900,9.640,0.000,10.540,30.000,0.200,4.000,1.000
41.710,39.190,37.320,39.500,42.000,41.710,0.290,3.000,0.025,0.000,0.860,9.640,0.000,10.500,30.000,0.200,4.000,1.000
41.710,39.180,37.330,39.500,42.000,41.710,0.290,3.000,0.025,0.000,0.880,9.640,0.000,10.520,30.000,0.200,4.000,1.000
41.720,39.190,37.320,39.490,42.000,41.720,0.280,3.000,0.025,0.000,0.840,9.650,0.000,10.480,30.000,0.200,4.000,1.000
41.710,39.190,37.330,39.500,42.000,41.710,0.290,3.000,0.025,0.000,0.860,9.650,0.000,10.500,30.000,0.200,4.000,1.000
41.720,39.210,37.320,39.490,42.000,41.720,0.280,3.000,0.025,0.000,0.830,9.650,0.000,10.480,30.000,0.200,4.000,1.000
41.730,39.210,37.320,39.500,42.000,41.730,0.270,3.000,0.025,0.000,0.820,9.650,0.000,10.470,30.000,0.200,4.000,1.000
41.730,39.220,37.320,39.490,42.000,41.730,0.270,3.000,0.025,0.000,0.800,9.650,0.000,10.450,30.000,0.200,4.000,1.000
41.740,39.220,37.320,39.500,42.000,41.740,0.260,3.000,0.025,0.000,0.780,9.650,0.000,10.430,30.000,0.200,4.000,1.000
41.750,39.240,37.320,39.480,42.000,41.750,0.250,3.000,0.025,0.000,0.750,9.650,0.000,10.400,30.000,0.200,4.000,1.000
41.770,39.230,37.310,39.500,42.000,41.770,0.230,3.000,0.025,0.000,0.700,9.650,0.000,10.360,30.000,0.200,4.000,1.000
41.770,39.250,37.310,39.480,42.000,41.770,0.230,3.000,0.025,0.000,0.690,9.660,0.000,10.340,30.000,0.200,4.000,1.000
41.790,39.260,37.310,39.490,42.000,41.790,0.210,3.000,0.025,0.000,0.630,9.660,0.000,10.290,30.000,0.200,4.000,1.000
41.790,39.270,37.310,39.480,42.000,41.790,0.210,3.000,0.025,0.000,0.630,9.660,0.000,10.290,30.000,0.200,4.000,1.000
41.810,39.280,37.310,39.490,42.000,41.810,0.190,3.000,0.025,0.000,0.570,9.660,0.000,10.230,30.000,0.200,4.000,1.000
41.810,39.290,37.310,39.480,42.000,41.810,0.190,3.000,0.025,0.000,0.560,9.660,0.000,10.220,30.000,0.200,4.000,1.000
41.830,39.290,37.300,39.490,42.000,41.830,0.170,3.000,0.025,0.000,0.520,9.660,0.000,10.180,30.000,0.200,4.000,1.000
41.820,39.310,37.300,39.480,42.000,41.820,0.180,3.000,0.025,0.000,0.530,9.660,0.000,10.190,30.000,0.200,4.000,1.000
41.840,39.310,37.300,39.480,42.000,41.840,0.160,3.000,0.025,0.000,0.490,9.660,0.000,10.150,30.000,0.200,4.000,1.000
41.840,39.330,37.290,39.470,42.000,41.840,0.160,3.000,0.025,0.000,0.470,9.660,0.000,10.130,30.000,0.200,4.000,1.000
41.850,39.330,37.290,39.480,42.000,41.850,0.150,3.000,0.025,0.000,0.460,9.660,0.000,10.120,30.000,0.200,4.000,1.000
41.860,39.350,37.290,39.470,42.000,41.860,0.140,3.000,0.025,0.000,0.420,9.660,0.000,10.090,30.000,0.200,4.000,1.000
41.870,39.350,37.290,39.480,42.000,41.870,0.130,3.000,0.025,0.000,0.400,9.670,0.000,10.060,30.000,0.200,4.000,1.000
41.870,39.370,37.290,39.460,42.000,41.870,0.130,3.000,0.025,0.000,0.390,9.670,0.000,10.050,30.000,0.200,4.000,1.000
41.880,39.370,37.280,39.480,42.000,41.880,0.120,3.000,0.025,0.000,0.350,9.670,0.000,10.020,30.000,0.200,4.000,1.000
41.890,39.390,37.290,39.470,42.000,41.890,0.110,3.000,0.025,0.000,0.320,9.670,0.000,9.990,30.000,0.200,4.000,1.000
41.910,39.390,37.280,39.470,42.000,41.910,0.090,3.000,0.025,0.000,0.280,9.670,0.000,9.950,30.000,0.200,4.000,1.000
41.900,39.400,37.290,39.460,42.000,41.900,0.100,3.000,0.025,0.000,0.290,9.670,0.000,9.950,30.000,0.200,4.000,1.000
41.920,39.410,37.280,39.470,42.000,41.920,0.080,3.000,0.025,0.000,0.240,9.670,0.000,9.910,30.000,0.200,4.000,1.000
41.920,39.420,37.280,39.460,42.000,41.920,0.080,3.000,0.025,0.000,0.230,9.670,0.000,9.900,30.000,0.200,4.000,1.000
41.940,39.430,37.270,39.460,42.000,41.940,0.060,3.000,0.025,0.000,0.190,9.670,0.000,9.860,30.000,0.200,4.000,1.000
41.930,39.420,37.280,39.460,42.000,41.930,0.070,3.000,0.025,0.000,0.210,9.670,0.000,9.880,30.000,0.200,4.000,1.000
41.940,39.430,37.270,39.450,42.000,41.940,0.060,3.000,0.025,0.000,0.180,9.670,0.000,9.850,30.000,0.200,4.000,1.000
41.930,39.430,37.270,39.450,42.000,41.930,0.070,3.000,0.025,0.000,0.200,9.670,0.000,9.870,30.000,0.200,4.000,1.000
41.940,39.430,37.260,39.450,42.000,41.940,0.060,3.000,0.025,0.000,0.190,9.670,0.000,9.860,30.000,0.200,4.000,1.000
41.920,39.430,37.270,39.450,42.000,41.920,0.080,3.000,0.025,0.000,0.230,9.670,0.000,9.900,30.000,0.200,4.000,1.000
41.930,39.430,37.260,39.440,42.000,41.930,0.070,3.000,0.025,0.000,0.200,9.670,0.000,9.870,30.000,0.200,4.000,1.000
41.920,39.420,37.260,39.450,42.000,41.920,0.080,3.000,0.025,0.000,0.230,9.670,0.000,9.900,30.000,0.200,4.000,1.000
41.930,39.430,37.260,39.440,42.000,41.930,0.070,3.000,0.025,0.000,0.220,9.670,0.000,9.890,30.000,0.200,4.000,1.000
41.930,39.420,37.260,39.440,42.000,41.930,0.070,3.000,0.025,0.000,0.220,9.670,0.000,9.900,30.000,0.200,4.000,1.000
41.930,39.420,37.250,39.430,42.000,41.930,0.070,3.000,0.025,0.000,0.210,9.670,0.000,9.880,30.000,0.200,4.000,1.000
41.920,39.410,37.250,39.440,42.000,41.920,0.080,3.000,0.025,0.000,0.230,9.670,0.000,9.900,30.000,0.200,4.000,1.000
41.930,39.420,37.250,39.430,42.000,41.930,0.070,3.000,0.025,0.000,0.220,9.670,0.000,9.900,30.000,0.200,4.000,1.000
41.920,39.410,37.250,39.440,42.000,41.920,0.080,3.000,0.025,0.000,0.240,9.670,0.000,9.920,30.000,0.200,4.000,1.000
41.920,39.420,37.240,39.430,42.000,41.920,0.080,3.000,0.025,0.000,0.240,9.670,0.000,9.910,30.000,0.200,4.000,1.000
41.910,39.400,37.240,39.430,42.000,41.910,0.090,3.000,0.025,0.000,0.260,9.670,0.000,9.930,30.000,0.200,4.000,1.000
41.910,39.410,37.240,39.420,42.000,41.910,0.090,3.000,0.025,0.000,0.260,9.670,0.000,9.940,30.000,0.200,4.000,1.000
41.910,39.400,37.240,39.430,42.000,41.910,0.090,3.000,0.025,0.000,0.280,9.680,0.000,9.950,30.000,0.200,4.000,1.000
41.910,39.410,37.240,39.420,42.000,41.910,0.090,3.000,0.025,0.000,0.270,9.680,0.000,9.950,30.000,0.200,4.000,1.000
41.910,39.410,37.230,39.420,42.000,41.910,0.090,3.000,0.025,0.000,0.280,9.680,0.000,9.960,30.000,0.200,4.000,1.000
41.900,39.410,37.230,39.410,42.000,41.900,0.100,3.000,0.025,0.000,0.300,9.680,0.000,9.980,30.000,0.200,4.000,1.000
41.900,39.410,37.220,39.420,42.000,41.900,0.100,3.000,0.025,0.000,0.300,9.680,0.000,9.970,30.000,0.200,4.000,1.000
41.880,39.420,37.230,39.410,42.000,41.880,0.120,3.000,0.025,0.000,0.350,9.680,0.000,10.020,30.000,0.200,4.000,1.000
41.900,39.420,37.220,39.410,42.000,41.900,0.100,3.000,0.025,0.000,0.310,9.680,0.000,9.990,30.000,0.200,4.000,1.000
41.890,39.410,37.230,39.410,42.000,41.890,0.110,3.000,0.025,0.000,0.340,9.680,0.000,10.020,30.000,0.200,4.000,1.000
41.880,39.430,37.210,39.400,42.000,41.880,0.120,3.000,0.025,0.000,0.350,9.680,0.000,10.030,30.000,0.200,4.000,1.000
41.870,39.420,37.220,39.410,42.000,41.870,0.130,3.000,0.025,0.000,0.380,9.680,0.000,10.060,30.000,0.200,4.000,1.000
41.870,39.430,37.220,39.400,42.000,41.870,0.130,3.000,0.025,0.000,0.380,9.680,0.000,10.060,30.000,0.200,4.000,1.000
41.870,39.420,37.210,39.400,42.000,41.870,0.130,3.000,0.025,0.000,0.390,9.680,0.000,10.070,30.000,0.200,4.000,1.000
41.860,39.430,37.210,39.390,42.000,41.860,0.140,3.000,0.025,0.000,0.430,9.680,0.000,10.110,30.000,0.200,4.000,1.000
41.860,39.420,37.200,39.390,42.000,41.860,0.140,3.000,0.025,0.000,0.430,9.680,0.000,10.110,30.000,0.200,4.000,1.000
41.840,39.410,37.200,39.390,42.000,41.840,0.160,3.000,0.025,0.000,0.480,9.680,0.000,10.160,30.000,0.200,4.000,1.000
41.840,39.420,37.200,39.380,42.000,41.840,0.160,3.000,0.025,0.000,0.470,9.680,0.000,10.150,30.000,0.200,4.000,1.000
41.830,39.410,37.200,39.390,42.000,41.830,0.170,3.000,0.025,0.000,0.510,9.690,0.000,10.190,30.000,0.200,4.000,1.000
41.830,39.420,37.190,39.380,42.000,41.830,0.170,3.000,0.025,0.000,0.510,9.690,0.000,10.200,30.000,0.200,4.000,1.000
41.830,39.410,37.190,39.380,42.000,41.830,0.170,3.000,0.025,0.000,0.500,9.690,0.000,10.190,30.000,0.200,4.000,1.000
41.830,39.410,37.190,39.380,42.000,41.830,0.170,3.000,0.025,0.000,0.520,9.690,0.000,10.210,30.000,0.200,4.000,1.000
41.840,39.400,37.180,39.370,42.000,41.840,0.160,3.000,0.025,0.000,0.480,9.690,0.000,10.170,30.000,0.200,4.000,1.000
41.830,39.400,37.190,39.380,42.000,41.830,0.170,3.000,0.025,0.000,0.510,9.690,0.000,10.200,30.000,0.200,4.000,1.000
41.840,39.400,37.180,39.370,42.000,41.840,0.160,3.000,0.025,0.000,0.470,9.690,0.000,10.160,30.000,0.200,4.000,1.000
41.840,39.390,37.180,39.370,42.000,41.840,0.160,3.000,0.025,0.000,0.490,9.690,0.000,10.180,30.000,0.200,4.000,1.000
41.850,39.400,37.180,39.360,42.000,41.850,0.150,3.000,0.025,0.000,0.450,9.690,0.000,10.140,30.000,0.200,4.000,1.000
41.850,39.390,37.170,39.370,42.000,41.850,0.150,3.000,0.025,0.000,0.440,9.690,0.000,10.130,30.000,0.200,4.000,1.000
41.850,39.400,37.180,39.350,42.000,41.850,0.150,3.000,0.025,0.000,0.460,9.690,0.000,10.150,30.000,0.200,4.000,1.000
41.850,39.400,37.170,39.360,42.000,41.850,0.150,3.000,0.025,0.000,0.450,9.690,0.000,10.140,30.000,0.200,4.000,1.000
41.840,39.400,37.180,39.350,42.000,41.840,0.160,3.000,0.025,0.000,0.490,9.690,0.000,10.180,30.000,0.200,4.000,1.000
41.840,39.400,37.160,39.350,42.000,41.840,0.160,3.000,0.025,0.000,0.470,9.700,0.000,10.160,30.000,0.200,4.000,1.000
41.830,39.400,37.170,39.350,42.000,41.830,0.170,3.000,0.025,0.000,0.500,9.700,0.000,10.200,30.000,0.200,4.000,1.000
41.840,39.410,37.160,39.340,42.000,41.840,0.160,3.000,0.025,0.000,0.480,9.700,0.000,10.180,30.000,0.200,4.000,1.000
41.830,39.400,37.160,39.350,42.000,41.830,0.170,3.000,0.025,0.000,0.510,9.700,0.000,10.210,30.000,0.200,4.000,1.000
41.830,39.410,37.160,39.340,42.000,41.830,0.170,3.000,0.025,0.000,0.520,9.700,0.000,10.220,30.000,0.200,4.000,1.000
41.830,39.410,37.150,39.340,42.000,41.830,0.170,3.000,0.025,0.000,0.510,9.700,0.000,10.210,30.000,0.200,4.000,1.000
41.820,39.410,37.160,39.340,42.000,41.820,0.180,3.000,0.025,0.000,0.540,9.700,0.000,10.240,30.000,0.200,4.000,1.000
41.810,39.420,37.150,39.330,42.000,41.810,0.190,3.000,0.025,0.000,0.560,9.700,0.000,10.260,30.000,0.200,4.000,1.000
41.800,39.410,37.150,39.340,42.000,41.800,0.200,3.000,0.025,0.000,0.610,9.700,0.000,10.320,30.000,0.200,4.000,1.000
41.780,39.410,37.150,39.330,42.000,41.780,0.220,3.000,0.025,0.000,0.650,9.700,0.000,10.360,30.000,0.200,4.000,1.000
41.780,39.410,37.140,39.330,42.000,41.780,0.220,3.000,0.025,0.000,0.660,9.700,0.000,10.370,30.000,0.200,4.000,1.000
41.770,39.400,37.150,39.330,42.000,41.770,0.230,3.000,0.025,0.000,0.680,9.710,0.000,10.390,30.000,0.200,4.000,1.000
41.770,39.400,37.140,39.320,42.000,41.770,0.230,3.000,0.025,0.000,0.690,9.710,0.000,10.400,30.000,0.200,4.000,1.000
41.740,39.400,37.140,39.320,42.000,41.740,0.260,3.000,0.025,0.000,0.770,9.710,0.000,10.470,30.000,0.200,4.000,1.000
41.740,39.400,37.140,39.320,42.000,41.740,0.260,3.000,0.025,0.000,0.780,9.710,0.000,10.490,30.000,0.200,4.000,1.000
41.730,39.390,37.140,39.320,42.000,41.730,0.270,3.000,0.025,0.000,0.820,9.710,0.000,10.530,30.000,0.200,4.000,1.000
41.720,39.400,37.140,39.310,42.000,41.720,0.280,3.000,0.025,0.000,0.850,9.710,0.000,10.570,30.000,0.200,4.000,1.000
41.710,39.390,37.130,39.320,42.000,41.710,0.290,3.000,0.025,0.000,0.870,9.710,0.000,10.590,30.000,0.200,4.000,1.000
41.690,39.380,37.140,39.310,42.000,41.690,0.310,3.000,0.025,0.000,0.930,9.720,0.000,10.640,30.000,0.200,4.000,1.000
41.690,39.380,37.130,39.310,42.000,41.690,0.310,3.000,0.025,0.000,0.940,9.720,0.000,10.660,30.000,0.200,4.000,1.000
41.670,39.370,37.130,39.310,42.000,41.670,0.330,3.000,0.025,0.000,0.990,9.720,0.000,10.710,30.000,0.200,4.000,1.000
41.660,39.370,37.130,39.300,42.000,41.660,0.340,3.000,0.025,0.000,1.010,9.720,0.000,10.740,30.000,0.200,4.000,1.000
41.650,39.370,37.120,39.310,42.000,41.650,0.350,3.000,0.025,0.000,1.050,9.720,0.000,10.770,30.000,0.200,4.000,1.000
41.630,39.370,37.130,39.300,42.000,41.630,0.370,3.000,0.025,0.000,1.120,9.720,0.000,10.850,30.000,0.200,4.000,1.000
41.630,39.370,37.120,39.300,42.000,41.630,0.370,3.000,0.025,0.000,1.120,9.730,0.000,10.850,30.000,0.200,4.000,1.000
41.610,39.360,37.130,39.310,42.000,41.610,0.390,3.000,0.025,0.000,1.180,9.730,0.000,10.910,30.000,0.200,4.000,1.000
41.600,39.370,37.120,39.300,42.000,41.600,0.400,3.000,0.025,0.000,1.200,9.730,0.000,10.930,30.000,0.200,4.000,1.000
41.590,39.370,37.120,39.300,42.000,41.590,0.410,3.000,0.025,0.000,1.220,9.730,0.000,10.950,30.000,0.200,4.000,1.000
41.580,39.370,37.120,39.290,42.000,41.580,0.420,3.000,0.025,0.000,1.260,9.730,0.000,10.990,30.000,0.200,4.000,1.000
41.580,39.370,37.120,39.290,42.000,41.580,0.420,3.000,0.025,0.000,1.270,9.740,0.000,11.000,30.000,0.200,4.000,1.000
41.570,39.370,37.120,39.300,42.000,41.570,0.430,3.000,0.025,0.000,1.300,9.740,0.000,11.040,30.000,0.200,4.000,1.000
41.560,39.370,37.120,39.290,42.000,41.560,0.440,3.000,0.025,0.000,1.330,9.740,0.000,11.070,30.000,0.200,4.000,1.000
41.560,39.380,37.110,39.290,42.000,41.560,0.440,3.000,0.025,0.000,1.320,9.740,0.000,11.060,30.000,0.200,4.000,1.000
41.550,39.370,37.120,39.290,42.000,41.550,0.450,3.000,0.025,0.000,1.350,9.750,0.000,11.100,30.000,0.200,4.000,1.000
41.550,39.380,37.110,39.280,42.000,41.550,0.450,3.000,0.025,0.000,1.350,9.750,0.000,11.100,30.000,0.200,4.000,1.000
41.540,39.370,37.110,39.290,42.000,41.540,0.460,3.000,0.025,0.000,1.370,9.750,0.000,11.120,30.000,0.200,4.000,1.000
41.540,39.380,37.110,39.280,42.000,41.540,0.460,3.000,0.025,0.000,1.380,9.750,0.000,11.140,30.000,0.200,4.000,1.000
41.530,39.390,37.110,39.280,42.000,41.530,0.470,3.000,0.025,0.000,1.400,9.750,0.000,11.150,30.000,0.200,4.000,1.000
41.530,39.380,37.110,39.290,42.000,41.530,0.470,3.000,0.025,0.000,1.410,9.760,0.000,11.170,30.000,0.200,4.000,1.000
41.530,39.390,37.110,39.280,42.000,41.530,0.470,3.000,0.025,0.000,1.420,9.760,0.000,11.180,30.000,0.200,4.000,1.000
41.530,39.390,37.100,39.280,42.000,41.530,0.470,3.000,0.025,0.000,1.410,9.760,0.000,11.170,30.000,0.200,4.000,1.000
41.520,39.390,37.100,39.280,42.000,41.520,0.480,3.000,0.025,0.000,1.430,9.760,0.000,11.200,30.000,0.200,4.000,1.000
41.520,39.400,37.100,39.280,42.000,41.520,0.480,3.000,0.025,0.000,1.430,9.770,0.000,11.190,30.000,0.200,4.000,1.000
41.520,39.390,37.100,39.280,42.000,41.520,0.480,3.000,0.025,0.000,1.430,9.770,0.000,11.200,30.000,0.200,4.000,1.000
41.520,39.390,37.100,39.280,42.000,41.520,0.480,3.000,0.025,0.000,1.440,9.770,0.000,11.210,30.000,0.200,4.000,1.000
41.530,39.400,37.100,39.270,42.000,41.530,0.470,3.000,0.025,0.000,1.400,9.770,0.000,11.170,30.000,0.200,4.000,1.000
41.530,39.400,37.100,39.280,42.000,41.530,0.470,3.000,0.025,0.000,1.410,9.780,0.000,11.190,30.000,0.200,4.000,1.000
41.530,39.400,37.100,39.270,42.000,41.530,0.470,3.000,0.025,0.000,1.420,9.780,0.000,11.200,30.000,0.200,4.000,1.000
41.530,39.400,37.090,39.270,42.000,41.530,0.470,3.000,0.025,0.000,1.400,9.780,0.000,11.180,30.000,0.200,4.000,1.000
41.530,39.400,37.100,39.280,42.000,41.530,0.470,3.000,0.025,0.000,1.420,9.780,0.000,11.210,30.000,0.200,4.000,1.000
41.520,39.400,37.100,39.270,42.000,41.520,0.480,3.000,0.025,0.000,1.430,9.780,0.000,11.210,30.000,0.200,4.000,1.000
41.530,39.400,37.100,39.270,42.000,41.530,0.470,3.000,0.025,0.000,1.420,9.790,0.000,11.210,30.000,0.200,4.000,1.000
41.520,39.390,37.100,39.270,42.000,41.520,0.480,3.000,0.025,0.000,1.450,9.790,0.000,11.240,30.000,0.200,4.000,1.000
41.510,39.400,37.100,39.270,42.000,41.510,0.490,3.000,0.025,0.000,1.460,9.790,0.000,11.250,30.000,0.200,4.000,1.000
41.510,39.400,37.100,39.270,42.000,41.510,0.490,3.000,0.025,0.000,1.460,9.790,0.000,11.250,30.000,0.200,4.000,1.000
41.510,39.380,37.100,39.270,42.000,41.510,0.490,3.000,0.025,0.000,1.480,9.800,0.000,11.280,30.000,0.200,4.000,1.000
41.500,39.390,37.100,39.270,42.000,41.500,0.500,3.000,0.025,0.000,1.500,9.800,0.000,11.300,30.000,0.200,4.000,1.000
41.500,39.380,37.100,39.270,42.000,41.500,0.500,3.000,0.025,0.000,1.490,9.800,0.000,11.290,30.000,0.200,4.000,1.000
41.490,39.370,37.100,39.270,42.000,41.490,0.510,3.000,0.025,0.000,1.520,9.800,0.000,11.320,30.000,0.200,4.000,1.000
41.490,39.370,37.100,39.260,42.000,41.490,0.510,3.000,0.025,0.000,1.540,9.810,0.000,11.340,30.000,0.200,4.000,1.000
41.490,39.360,37.090,39.270,42.000,41.490,0.510,3.000,0.025,0.000,1.540,9.810,0.000,11.350,30.000,0.200,4.000,1.000
41.480,39.350,37.100,39.270,42.000,41.480,0.520,3.000,0.025,0.000,1.570,9.810,0.000,11.390,30.000,0.200,4.000,1.000
41.460,39.350,37.100,39.270,42.000,41.460,0.540,3.000,0.025,0.000,1.610,9.810,0.000,11.420,30.000,0.200,4.000,1.000
41.460,39.340,37.100,39.270,42.000,41.460,0.540,3.000,0.025,0.000,1.620,9.820,0.000,11.440,30.000,0.200,4.000,1.000
41.440,39.330,37.100,39.270,42.000,41.440,0.560,3.000,0.025,0.000,1.690,9.820,0.000,11.510,30.000,0.200,4.000,1.000
41.430,39.330,37.100,39.260,42.000,41.430,0.570,3.000,0.025,0.000,1.710,9.820,0.000,11.530,30.000,0.200,4.000,1.000
41.420,39.320,37.100,39.270,42.000,41.420,0.580,3.000,0.025,0.000,1.740,9.830,0.000,11.570,30.000,0.200,4.000,1.000
41.400,39.310,37.100,39.270,42.000,41.400,0.600,3.000,0.025,0.000,1.810,9.830,0.000,11.630,30.000,0.200,4.000,1.000
41.390,39.300,37.100,39.260,42.000,41.390,0.610,3.000,0.025,0.000,1.830,9.830,0.000,11.660,30.000,0.200,4.000,1.000
41.380,39.290,37.100,39.270,42.000,41.380,0.620,3.000,0.025,0.000,1.860,9.840,0.000,11.700,30.000,0.200,4.000,1.000
41.360,39.290,37.110,39.270,42.000,41.360,0.640,3.000,0.025,0.000,1.920,9.840,0.000,11.760,30.000,0.200,4.000,1.000
41.350,39.290,37.100,39.260,42.000,41.350,0.650,3.000,0.025,0.000,1.950,9.840,0.000,11.790,30.000,0.200,4.000,1.000
41.340,39.270,37.100,39.270,42.000,41.340,0.660,3.000,0.025,0.000,1.990,9.850,0.000,11.830,30.000,0.200,4.000,1.000
41.320,39.270,37.110,39.270,42.000,41.320,0.680,3.000,0.025,0.000,2.030,9.850,0.000,11.880,30.000,0.200,4.000,1.000
41.320,39.260,37.100,39.270,42.000,41.320,0.680,3.000,0.025,0.000,2.040,9.850,0.000,11.890,30.000,0.200,4.000,1.000
41.310,39.250,37.100,39.270,42.000,41.310,0.690,3.000,0.025,0.000,2.080,9.860,0.000,11.940,30.000,0.200,4.000,1.000
41.290,39.250,37.110,39.270,42.000,41.290,0.710,3.000,0.025,0.000,2.120,9.860,0.000,11.970,30.000,0.200,4.000,1.000
41.300,39.230,37.100,39.260,42.000,41.300,0.700,3.000,0.025,0.000,2.110,9.860,0.000,11.970,30.000,0.200,4.000,1.000
41.290,39.220,37.110,39.270,42.000,41.290,0.710,3.000,0.025,0.000,2.130,9.870,0.000,12.000,30.000,0.200,4.000,1.000
41.280,39.220,37.110,39.270,42.000,41.280,0.720,3.000,0.025,0.000,2.150,9.870,0.000,12.020,30.000,0.200,4.000,1.000
41.280,39.200,37.100,39.270,42.000,41.280,0.720,3.000,0.025,0.000,2.150,9.870,0.000,12.020,30.000,0.200,4.000,1.000
41.280,39.190,37.110,39.270,42.000,41.280,0.720,3.000,0.025,0.000,2.160,9.880,0.000,12.030,30.000,0.200,4.000,1.000
41.280,39.190,37.110,39.270,42.000,41.280,0.720,3.000,0.025,0.000,2.150,9.880,0.000,12.030,30.000,0.200,4.000,1.000
41.280,39.170,37.110,39.280,42.000,41.280,0.720,3.000,0.025,0.000,2.150,9.880,0.000,12.030,30.000,0.200,4.000,1.000
41.290,39.170,37.110,39.270,42.000,41.290,0.710,3.000,0.025,0.000,2.140,9.890,0.000,12.030,30.000,0.200,4.000,1.000
41.300,39.160,37.110,39.270,42.000,41.300,0.700,3.000,0.025,0.000,2.110,9.890,0.000,12.000,30.000,0.200,4.000,1.000
41.300,39.150,37.110,39.280,42.000,41.300,0.700,3.000,0.025,0.000,2.110,9.890,0.000,12.010,30.000,0.200,4.000,1.000
41.300,39.150,37.110,39.280,42.000,41.300,0.700,3.000,0.025,0.000,2.090,9.900,0.000,11.980,30.000,0.200,4.000,1.000
41.320,39.150,37.110,39.280,42.000,41.320,0.680,3.000,0.025,0.000,2.030,9.900,0.000,11.930,30.000,0.200,4.000,1.000
41.320,39.140,37.120,39.290,42.000,41.320,0.680,3.000,0.025,0.000,2.030,9.900,0.000,11.930,30.000,0.200,4.000,1.000
41.340,39.140,37.120,39.280,42.000,41.340,0.660,3.000,0.025,0.000,1.980,9.910,0.000,11.890,30.000,0.200,4.000,1.000
41.340,39.140,37.110,39.290,42.000,41.340,0.660,3.000,0.025,0.000,1.970,9.910,0.000,11.880,30.000,0.200,4.000,1.000
41.340,39.140,37.120,39.290,42.000,41.340,0.660,3.000,0.025,0.000,1.980,9.910,0.000,11.900,30.000,0.200,4.000,1.000
41.350,39.150,37.120,39.280,42.000,41.350,0.650,3.000,0.025,0.000,1.960,9.920,0.000,11.870,30.000,0.200,4.000,1.000
41.360,39.140,37.120,39.290,42.000,41.360,0.640,3.000,0.025,0.000,1.930,9.920,0.000,11.850,30.000,0.200,4.000,1.000
41.350,39.140,37.130,39.290,42.000,41.350,0.650,3.000,0.025,0.000,1.940,9.920,0.000,11.860,30.000,0.200,4.000,1.000
41.360,39.150,37.120,39.290,42.000,41.360,0.640,3.000,0.025,0.000,1.920,9.930,0.000,11.840,30.000,0.200,4.000,1.000
41.360,39.140,37.120,39.300,42.000,41.360,0.640,3.000,0.025,0.000,1.920,9.930,0.000,11.850,30.000,0.200,4.000,1.000
41.360,39.150,37.130,39.290,42.000,41.360,0.640,3.000,0.025,0.000,1.930,9.930,0.000,11.860,30.000,0.200,4.000,1.000
41.370,39.150,37.120,39.290,42.000,41.370,0.630,3.000,0.025,0.000,1.900,9.940,0.000,11.840,30.000,0.200,4.000,1.000
41.350,39.140,37.130,39.300,42.000,41.350,0.650,3.000,0.025,0.000,1.940,9.940,0.000,11.880,30.000,0.200,4.000,1.000
41.360,39.140,37.130,39.290,42.000,41.360,0.640,3.000,0.025,0.000,1.920,9.940,0.000,11.860,30.000,0.200,4.000,1.000
41.350,39.130,37.130,39.300,42.000,41.350,0.650,3.000,0.025,0.000,1.940,9.950,0.000,11.890,30.000,0.200,4.000,1.000
41.340,39.120,37.140,39.300,42.000,41.340,0.660,3.000,0.025,0.000,1.970,9.950,0.000,11.920,30.000,0.200,4.000,1.000
41.340,39.130,37.140,39.290,42.000,41.340,0.660,3.000,0.025,0.000,1.980,9.950,0.000,11.940,30.000,0.200,4.000,1.000
41.330,39.120,37.130,39.300,42.000,41.330,0.670,3.000,0.025,0.000,2.000,9.960,0.000,11.950,30.000,0.200,4.000,1.000
41.320,39.110,37.140,39.310,42.000,41.320,0.680,3.000,0.025,0.000,2.030,9.960,0.000,11.990,30.000,0.200,4.000,1.000
41.320,39.100,37.140,39.300,42.000,41.320,0.680,3.000,0.025,0.000,2.040,9.960,0.000,12.010,30.000,0.200,4.000,1.000
41.310,39.090,37.140,39.310,42.000,41.310,0.690,3.000,0.025,0.000,2.070,9.970,0.000,12.030,30.000,0.200,4.000,1.000
41.300,39.080,37.150,39.310,42.000,41.300,0.700,3.000,0.025,0.000,2.100,9.970,0.000,12.070,30.000,0.200,4.000,1.000
41.300,39.080,37.140,39.310,42.000,41.300,0.700,3.000,0.025,0.000,2.090,9.970,0.000,12.070,30.000,0.200,4.000,1.000
41.290,39.060,37.150,39.310,42.000,41.290,0.710,3.000,0.025,0.000,2.130,9.980,0.000,12.110,30.000,0.200,4.000,1.000
41.280,39.060,37.150,39.310,42.000,41.280,0.720,3.000,0.025,0.000,2.160,9.980,0.000,12.140,30.000,0.200,4.000,1.000
41.280,39.050,37.150,39.310,42.000,41.280,0.720,3.000,0.025,0.000,2.170,9.980,0.000,12.160,30.000,0.200,4.000,1.000
41.270,39.030,37.160,39.320,42.000,41.270,0.730,3.000,0.025,0.000,2.190,9.990,0.000,12.180,30.000,0.200,4.000,1.000
41.270,39.030,37.160,39.320,42.000,41.270,0.730,3.000,0.025,0.000,2.200,9.990,0.000,12.190,30.000,0.200,4.000,1.000
41.270,39.010,37.150,39.320,42.000,41.270,0.730,3.000,0.025,0.000,2.200,10.000,0.000,12.190,30.000,0.200,4.000,1.000
41.260,39.000,37.160,39.320,42.000,41.260,0.740,3.000,0.025,0.000,2.210,10.000,0.000,12.210,30.000,0.200,4.000,1.000
41.260,38.990,37.160,39.320,42.000,41.260,0.740,3.000,0.025,0.000,2.210,10.000,0.000,12.210,30.000,0.200,4.000,1.000
41.270,38.980,37.160,39.320,42.000,41.270,0.730,3.000,0.025,0.000,2.190,10.010,0.000,12.200,30.000,0.200,4.000,1.000
41.270,38.970,37.160,39.330,42.000,41.270,0.730,3.000,0.025,0.000,2.200,10.010,0.000,12.210,30.000,0.200,4.000,1.000
41.270,38.970,37.170,39.320,42.000,41.270,0.730,3.000,0.025,0.000,2.200,10.010,0.000,12.210,30.000,0.200,4.000,1.000
41.270,38.960,37.160,39.320,42.000,41.270,0.730,3.000,0.025,0.000,2.180,10.020,0.000,12.200,30.000,0.200,4.000,1.000
41.270,38.950,37.170,39.330,42.000,41.270,0.730,3.000,0.025,0.000,2.200,10.020,0.000,12.220,30.000,0.200,4.000,1.000
41.270,38.950,37.170,39.330,42.000,41.270,0.730,3.000,0.025,0.000,2.190,10.030,0.000,12.220,30.000,0.200,4.000,1.000
41.280,38.940,37.170,39.330,42.000,41.280,0.720,3.000,0.025,0.000,2.170,10.030,0.000,12.200,30.000,0.200,4.000,1.000
41.270,38.930,37.180,39.340,42.000,41.270,0.730,3.000,0.025,0.000,2.180,10.030,0.000,12.210,30.000,0.200,4.000,1.000
41.280,38.940,37.170,39.330,42.000,41.280,0.720,3.000,0.025,0.000,2.160,10.040,0.000,12.190,30.000,0.200,4.000,1.000
41.290,38.930,37.180,39.340,42.000,41.290,0.710,3.000,0.025,0.000,2.140,10.040,0.000,12.180,30.000,0.200,4.000,1.000
41.290,38.930,37.180,39.340,42.000,41.290,0.710,3.000,0.025,0.000,2.140,10.040,0.000,12.180,30.000,0.200,4.000,1.000
41.290,38.940,37.180,39.340,42.000,41.290,0.710,3.000,0.025,0.000,2.130,10.050,0.000,12.170,30.000,0.200,4.000,1.000
41.300,38.930,37.180,39.340,42.000,41.300,0.700,3.000,0.025,0.000,2.110,10.050,0.000,12.160,30.000,0.200,4.000,1.000
41.300,38.940,37.190,39.350,42.000,41.300,0.700,3.000,0.025,0.000,2.100,10.050,0.000,12.150,30.000,0.200,4.000,1.000
41.310,38.950,37.190,39.350,42.000,41.310,0.690,3.000,0.025,0.000,2.060,10.060,0.000,12.120,30.000,0.200,4.000,1.000
41.320,38.940,37.190,39.350,42.000,41.320,0.680,3.000,0.025,0.000,2.040,10.060,0.000,12.100,30.000,0.200,4.000,1.000
41.320,38.960,37.190,39.350,42.000,41.320,0.680,3.000,0.025,0.000,2.040,10.060,0.000,12.100,30.000,0.200,4.000,1.000
41.340,38.960,37.190,39.360,42.000,41.340,0.660,3.000,0.025,0.000,1.990,10.070,0.000,12.060,30.000,0.200,4.000,1.000
41.340,38.970,37.200,39.360,42.000,41.340,0.660,3.000,0.025,0.000,1.980,10.070,0.000,12.050,30.000,0.200,4.000,1.000
41.350,38.980,37.200,39.360,42.000,41.350,0.650,3.000,0.025,0.000,1.960,10.070,0.000,12.030,30.000,0.200,4.000,1.000
41.360,38.980,37.200,39.360,42.000,41.360,0.640,3.000,0.025,0.000,1.930,10.080,0.000,12.000,30.000,0.200,4.000,1.000
41.360,38.990,37.210,39.360,42.000,41.360,0.640,3.000,0.025,0.000,1.910,10.080,0.000,11.990,30.000,0.200,4.000,1.000
41.370,38.990,37.200,39.360,42.000,41.370,0.630,3.000,0.025,0.000,1.890,10.080,0.000,11.970,30.000,0.200,4.000,1.000
41.370,38.990,37.210,39.370,42.000,41.370,0.630,3.000,0.025,0.000,1.880,10.090,0.000,11.960,30.000,0.200,4.000,1.000
41.390,39.010,37.210,39.360,42.000,41.390,0.610,3.000,0.025,0.000,1.830,10.090,0.000,11.920,30.000,0.200,4.000,1.000
41.400,39.010,37.210,39.370,42.000,41.400,0.600,3.000,0.025,0.000,1.790,10.090,0.000,11.880,30.000,0.200,4.000,1.000
41.410,39.010,37.210,39.370,42.000,41.410,0.590,3.000,0.025,0.000,1.760,10.100,0.000,11.860,30.000,0.200,4.000,1.000
41.430,39.030,37.210,39.370,42.000,41.430,0.570,3.000,0.025,0.000,1.710,10.100,0.000,11.810,30.000,0.200,4.000,1.000
41.440,39.030,37.220,39.380,42.000,41.440,0.560,3.000,0.025,0.000,1.680,10.100,0.000,11.780,30.000,0.200,4.000,1.000
41.450,39.030,37.230,39.370,42.000,41.450,0.550,3.000,0.025,0.000,1.650,10.100,0.000,11.750,30.000,0.200,4.000,1.000
41.470,39.040,37.220,39.380,42.000,41.470,0.530,3.000,0.025,0.000,1.580,10.110,0.000,11.690,30.000,0.200,4.000,1.000
41.480,39.040,37.220,39.380,42.000,41.480,0.520,3.000,0.025,0.000,1.560,10.110,0.000,11.670,30.000,0.200,4.000,1.000
41.500,39.050,37.230,39.380,42.000,41.500,0.500,3.000,0.025,0.000,1.500,10.110,0.000,11.610,30.000,0.200,4.000,1.000
41.510,39.050,37.230,39.390,42.000,41.510,0.490,3.000,0.025,0.000,1.480,10.110,0.000,11.590,30.000,0.200,4.000,1.000
41.520,39.060,37.230,39.390,42.000,41.520,0.480,3.000,0.025,0.000,1.430,10.120,0.000,11.550,30.000,0.200,4.000,1.000
41.530,39.070,37.230,39.390,42.000,41.530,0.470,3.000,0.025,0.000,1.400,10.120,0.000,11.510,30.000,0.200,4.000,1.000
41.540,39.070,37.240,39.390,42.000,41.540,0.460,3.000,0.025,0.000,1.390,10.120,0.000,11.510,30.000,0.200,4.000,1.000
41.550,39.080,37.230,39.390,42.000,41.550,0.450,3.000,0.025,0.000,1.350,10.120,0.000,11.470,30.000,0.200,4.000,1.000
41.560,39.080,37.230,39.390,42.000,41.560,0.440,3.000,0.025,0.000,1.330,10.130,0.000,11.460,30.000,0.200,4.000,1.000
41.560,39.090,37.240,39.390,42.000,41.560,0.440,3.000,0.025,0.000,1.310,10.130,0.000,11.440,30.000,0.200,4.000,1.000
41.580,39.090,37.240,39.400,42.000,41.580,0.420,3.000,0.025,0.000,1.270,10.130,0.000,11.400,30.000,0.200,4.000,1.000
41.580,39.100,37.240,39.400,42.000,41.580,0.420,3.000,0.025,0.000,1.250,10.130,0.000,11.390,30.000,0.200,4.000,1.000
41.590,39.100,37.240,39.400,42.000,41.590,0.410,3.000,0.025,0.000,1.220,10.130,0.000,11.350,30.000,0.200,4.000,1.000
41.590,39.100,37.240,39.410,42.000,41.590,0.410,3.000,0.025,0.000,1.230,10.140,0.000,11.360,30.000,0.200,4.000,1.000
41.600,39.120,37.240,39.410,42.000,41.600,0.400,3.000,0.025,0.000,1.190,10.140,0.000,11.330,30.000,0.200,4.000,1.000
41.600,39.110,37.250,39.410,42.000,41.600,0.400,3.000,0.025,0.000,1.190,10.140,0.000,11.330,30.000,0.200,4.000,1.000
41.600,39.130,37.250,39.400,42.000,41.600,0.400,3.000,0.025,0.000,1.190,10.140,0.000,11.330,30.000,0.200,4.000,1.000
41.610,39.130,37.240,39.410,42.000,41.610,0.390,3.000,0.025,0.000,1.180,10.140,0.000,11.320,30.000,0.200,4.000,1.000
41.610,39.140,37.250,39.410,42.000,41.610,0.390,3.000,0.025,0.000,1.170,10.150,0.000,11.320,30.000,0.200,4.000,1.000
41.610,39.150,37.250,39.420,42.000,41.610,0.390,3.000,0.025,0.000,1.160,10.150,0.000,11.310,30.000,0.200,4.000,1.000
41.610,39.150,37.250,39.420,42.000,41.610,0.390,3.000,0.025,0.000,1.170,10.150,0.000,11.320,30.000,0.200,4.000,1.000
41.610,39.160,37.240,39.420,42.000,41.610,0.390,3.000,0.025,0.000,1.160,10.150,0.000,11.310,30.000,0.200,4.000,1.000
41.600,39.160,37.250,39.420,42.000,41.600,0.400,3.000,0.025,0.000,1.190,10.150,0.000,11.340,30.000,0.200,4.000,1.000
41.590,39.180,37.250,39.420,42.000,41.590,0.410,3.000,0.025,0.000,1.220,10.160,0.000,11.380,30.000,0.200,4.000,1.000
41.590,39.180,37.260,39.430,42.000,41.590,0.410,3.000,0.025,0.000,1.240,10.160,0.000,11.400,30.000,0.200,4.000,1.000
41.580,39.190,37.260,39.420,42.000,41.580,0.420,3.000,0.025,0.000,1.250,10.160,0.000,11.410,30.000,0.200,4.000,1.000
41.580,39.190,37.260,39.440,42.000,41.580,0.420,3.000,0.025,0.000,1.260,10.160,0.000,11.420,30.000,0.200,4.000,1.000
41.580,39.200,37.260,39.430,42.000,41.580,0.420,3.000,0.025,0.000,1.270,10.160,0.000,11.440,30.000,0.200,4.000,1.000
41.580,39.200,37.260,39.430,42.000,41.580,0.420,3.000,0.025,0.000,1.270,10.170,0.000,11.430,30.000,0.200,4.000,1.000
41.570,39.200,37.260,39.440,42.000,41.570,0.430,3.000,0.025,0.000,1.300,10.170,0.000,11.460,30.000,0.200,4.000,1.000
41.570,39.210,37.260,39.430,42.000,41.570,0.430,3.000,0.025,0.000,1.290,10.170,0.000,11.460,30.000,0.200,4.000,1.000
41.560,39.210,37.260,39.440,42.000,41.560,0.440,3.000,0.025,0.000,1.320,10.170,0.000,11.490,30.000,0.200,4.000,1.000
41.560,39.230,37.260,39.430,42.000,41.560,0.440,3.000,0.025,0.000,1.310,10.170,0.000,11.480,30.000,0.200,4.000,1.000
41.560,39.220,37.260,39.440,42.000,41.560,0.440,3.000,0.025,0.000,1.310,10.180,0.000,11.480,30.000,0.200,4.000,1.000
41.560,39.230,37.270,39.440,42.000,41.560,0.440,3.000,0.025,0.000,1.330,10.180,0.000,11.500,30.000,0.200,4.000,1.000
41.560,39.240,37.260,39.440,42.000,41.560,0.440,3.000,0.025,0.000,1.320,10.180,0.000,11.500,30.000,0.200,4.000,1.000
41.550,39.240,37.270,39.440,42.000,41.550,0.450,3.000,0.025,0.000,1.340,10.180,0.000,11.520,30.000,0.200,4.000,1.000
41.550,39.260,37.270,39.440,42.000,41.550,0.450,3.000,0.025,0.000,1.340,10.190,0.000,11.520,30.000,0.200,4.000,1.000
41.550,39.250,37.260,39.450,42.000,41.550,0.450,3.000,0.025,0.000,1.340,10.190,0.000,11.530,30.000,0.200,4.000,1.000
41.550,39.260,37.270,39.440,42.000,41.550,0.450,3.000,0.025,0.000,1.340,10.190,0.000,11.530,30.000,0.200,4.000,1.000
41.560,39.270,37.270,39.440,42.000,41.560,0.440,3.000,0.025,0.000,1.310,10.190,0.000,11.500,30.000,0.200,4.000,1.000
41.560,39.270,37.270,39.450,42.000,41.560,0.440,3.000,0.025,0.000,1.310,10.190,0.000,11.510,30.000,0.200,4.000,1.000
41.570,39.280,37.270,39.450,42.000,41.570,0.430,3.000,0.025,0.000,1.290,10.200,0.000,11.490,30.000,0.200,4.000,1.000
41.570,39.270,37.270,39.450,42.000,41.570,0.430,3.000,0.025,0.000,1.280,10.200,0.000,11.470,30.000,0.200,4.000,1.000
41.570,39.280,37.280,39.450,42.000,41.570,0.430,3.000,0.025,0.000,1.280,10.200,0.000,11.480,30.000,0.200,4.000,1.000
41.590,39.280,37.270,39.450,42.000,41.590,0.410,3.000,0.025,0.000,1.230,10.200,0.000,11.430,30.000,0.200,4.000,1.000
41.590,39.270,37.270,39.460,42.000,41.590,0.410,3.000,0.025,0.000,1.230,10.210,0.000,11.440,30.000,0.200,4.000,1.000
41.590,39.280,37.280,39.450,42.000,41.590,0.410,3.000,0.025,0.000,1.220,10.210,0.000,11.430,30.000,0.200,4.000,1.000
41.590,39.270,37.270,39.460,42.000,41.590,0.410,3.000,0.025,0.000,1.220,10.210,0.000,11.430,30.000,0.200,4.000,1.000
41.590,39.270,37.280,39.460,42.000,41.590,0.410,3.000,0.025,0.000,1.230,10.210,0.000,11.440,30.000,0.200,4.000,1.000
41.600,39.270,37.280,39.460,42.000,41.600,0.400,3.000,0.025,0.000,1.200,10.210,0.000,11.410,30.000,0.200,4.000,1.000
41.600,39.270,37.280,39.460,42.000,41.600,0.400,3.000,0.025,0.000,1.190,10.220,0.000,11.410,30.000,0.200,4.000,1.000
41.610,39.280,37.280,39.460,42.000,41.610,0.390,3.000,0.025,0.000,1.180,10.220,0.000,11.400,30.000,0.200,4.000,1.000
41.620,39.280,37.280,39.470,42.000,41.620,0.380,3.000,0.025,0.000,1.150,10.220,0.000,11.370,30.000,0.200,4.000,1.000
41.610,39.280,37.280,39.460,42.000,41.610,0.390,3.000,0.025,0.000,1.160,10.220,0.000,11.380,30.000,0.200,4.000,1.000
41.630,39.290,37.280,39.460,42.000,41.630,0.370,3.000,0.025,0.000,1.110,10.220,0.000,11.340,30.000,0.200,4.000,1.000
41.620,39.290,37.280,39.470,42.000,41.620,0.380,3.000,0.025,0.000,1.130,10.220,0.000,11.360,30.000,0.200,4.000,1.000
41.630,39.300,37.290,39.460,42.000,41.630,0.370,3.000,0.025,0.000,1.110,10.230,0.000,11.340,30.000,0.200,4.000,1.000
41.640,39.300,37.280,39.470,42.000,41.640,0.360,3.000,0.025,0.000,1.090,10.230,0.000,11.310,30.000,0.200,4.000,1.000
41.640,39.300,37.290,39.470,42.000,41.640,0.360,3.000,0.025,0.000,1.090,10.230,0.000,11.320,30.000,0.200,4.000,1.000
41.650,39.310,37.290,39.470,42.000,41.650,0.350,3.000,0.025,0.000,1.040,10.230,0.000,11.270,30.000,0.200,4.000,1.000
41.650,39.310,37.290,39.480,42.000,41.650,0.350,3.000,0.025,0.000,1.050,10.230,0.000,11.280,30.000,0.200,4.000,1.000
41.660,39.310,37.290,39.470,42.000,41.660,0.340,3.000,0.025,0.000,1.030,10.240,0.000,11.260,30.000,0.200,4.000,1.000
41.660,39.310,37.290,39.480,42.000,41.660,0.340,3.000,0.025,0.000,1.030,10.240,0.000,11.270,30.000,0.200,4.000,1.000
41.650,39.310,37.300,39.470,42.000,41.650,0.350,3.000,0.025,0.000,1.040,10.240,0.000,11.270,30.000,0.200,4.000,1.000
41.660,39.310,37.290,39.480,42.000,41.660,0.340,3.000,0.025,0.000,1.020,10.240,0.000,11.260,30.000,0.200,4.000,1.000
41.650,39.310,37.300,39.480,42.000,41.650,0.350,3.000,0.025,0.000,1.050,10.240,0.000,11.300,30.000,0.200,4.000,1.000
41.660,39.310,37.290,39.480,42.000,41.660,0.340,3.000,0.025,0.000,1.030,10.240,0.000,11.270,30.000,0.200,4.000,1.000
41.650,39.300,37.300,39.480,42.000,41.650,0.350,3.000,0.025,0.000,1.060,10.250,0.000,11.300,30.000,0.200,4.000,1.000
41.630,39.300,37.300,39.470,42.000,41.630,0.370,3.000,0.025,0.000,1.100,10.250,0.000,11.340,30.000,0.200,4.000,1.000
41.620,39.290,37.300,39.480,42.000,41.620,0.380,3.000,0.025,0.000,1.130,10.250,0.000,11.380,30.000,0.200,4.000,1.000
41.600,39.290,37.300,39.480,42.000,41.600,0.400,3.000,0.025,0.000,1.190,10.250,0.000,11.440,30.000,0.200,4.000,1.000
41.600,39.290,37.300,39.480,42.000,41.600,0.400,3.000,0.025,0.000,1.200,10.250,0.000,11.460,30.000,0.200,4.000,1.000
41.580,39.290,37.310,39.490,42.000,41.580,0.420,3.000,0.025,0.000,1.250,10.260,0.000,11.510,30.000,0.200,4.000,1.000
41.570,39.290,37.300,39.490,42.000,41.570,0.430,3.000,0.025,0.000,1.280,10.260,0.000,11.540,30.000,0.200,4.000,1.000
41.560,39.280,37.300,39.490,42.000,41.560,0.440,3.000,0.025,0.000,1.310,10.260,0.000,11.570,30.000,0.200,4.000,1.000
41.550,39.280,37.310,39.490,42.000,41.550,0.450,3.000,0.025,0.000,1.350,10.260,0.000,11.610,30.000,0.200,4.000,1.000
41.550,39.270,37.300,39.490,42.000,41.550,0.450,3.000,0.025,0.000,1.360,10.260,0.000,11.620,30.000,0.200,4.000,1.000
41.530,39.270,37.310,39.490,42.000,41.530,0.470,3.000,0.025,0.000,1.400,10.270,0.000,11.660,30.000,0.200,4.000,1.000
41.540,39.270,37.310,39.490,42.000,41.540,0.460,3.000,0.025,0.000,1.390,10.270,0.000,11.660,30.000,0.200,4.000,1.000
41.530,39.260,37.300,39.500,42.000,41.530,0.470,3.000,0.025,0.000,1.420,10.270,0.000,11.700,30.000,0.200,4.000,1.000
41.520,39.270,37.310,39.490,42.000,41.520,0.480,3.000,0.025,0.000,1.450,10.270,0.000,11.720,30.000,0.200,4.000,1.000
41.510,39.260,37.310,39.500,42.000,41.510,0.490,3.000,0.025,0.000,1.460,10.280,0.000,11.740,30.000,0.200,4.000,1.000
41.500,39.260,37.310,39.490,42.000,41.500,0.500,3.000,0.025,0.000,1.500,10.280,0.000,11.780,30.000,0.200,4.000,1.000
41.500,39.260,37.310,39.490,42.000,41.500,0.500,3.000,0.025,0.000,1.490,10.280,0.000,11.770,30.000,0.200,4.000,1.000
41.490,39.250,37.310,39.500,42.000,41.490,0.510,3.000,0.025,0.000,1.530,10.280,0.000,11.820,30.000,0.200,4.000,1.000
41.480,39.260,37.310,39.490,42.000,41.480,0.520,3.000,0.025,0.000,1.550,10.290,0.000,11.830,30.000,0.200,4.000,1.000
41.480,39.250,37.310,39.500,42.000,41.480,0.520,3.000,0.025,0.000,1.560,10.290,0.000,11.850,30.000,0.200,4.000,1.000
41.470,39.250,37.320,39.500,42.000,41.470,0.530,3.000,0.025,0.000,1.600,10.290,0.000,11.890,30.000,0.200,4.000,1.000
41.470,39.260,37.310,39.510,42.000,41.470,0.530,3.000,0.025,0.000,1.580,10.290,0.000,11.870,30.000,0.200,4.000,1.000
41.470,39.260,37.320,39.510,42.000,41.470,0.530,3.000,0.025,0.000,1.580,10.300,0.000,11.880,30.000,0.200,4.000,1.000
41.470,39.260,37.320,39.500,42.000,41.470,0.530,3.000,0.025,0.000,1.580,10.300,0.000,11.880,30.000,0.200,4.000,1.000
41.470,39.250,37.320,39.510,42.000,41.470,0.530,3.000,0.025,0.000,1.590,10.300,0.000,11.890,30.000,0.200,4.000,1.000
41.470,39.260,37.320,39.510,42.000,41.470,0.530,3.000,0.025,0.000,1.590,10.300,0.000,11.890,30.000,0.200,4.000,1.000
41.480,39.250,37.310,39.510,42.000,41.480,0.520,3.000,0.025,0.000,1.560,10.310,0.000,11.860,30.000,0.200,4.000,1.000
41.480,39.260,37.330,39.520,42.000,41.480,0.520,3.000,0.025,0.000,1.570,10.310,0.000,11.880,30.000,0.200,4.000,1.000
41.480,39.260,37.320,39.510,42.000,41.480,0.520,3.000,0.025,0.000,1.550,10.310,0.000,11.860,30.000,0.200,4.000,1.000
41.490,39.250,37.320,39.520,42.000,41.490,0.510,3.000,0.025,0.000,1.540,10.320,0.000,11.850,30.000,0.200,4.000,1.000
41.490,39.260,37.330,39.520,42.000,41.490,0.510,3.000,0.025,0.000,1.530,10.320,0.000,11.850,30.000,0.200,4.000,1.000
41.500,39.260,37.320,39.520,42.000,41.500,0.500,3.000,0.025,0.000,1.500,10.320,0.000,11.820,30.000,0.200,4.000,1.000
41.500,39.250,37.330,39.530,42.000,41.500,0.500,3.000,0.025,0.000,1.500,10.320,0.000,11.820,30.000,0.200,4.000,1.000
41.500,39.270,37.330,39.520,42.000,41.500,0.500,3.000,0.025,0.000,1.490,10.330,0.000,11.810,30.000,0.200,4.000,1.000
41.510,39.260,37.320,39.520,42.000,41.510,0.490,3.000,0.025,0.000,1.460,10.330,0.000,11.790,30.000,0.200,4.000,1.000
41.510,39.270,37.330,39.530,42.000,41.510,0.490,3.000,0.025,0.000,1.480,10.330,0.000,11.810,30.000,0.200,4.000,1.000
41.520,39.270,37.330,39.520,42.000,41.520,0.480,3.000,0.025,0.000,1.450,10.330,0.000,11.780,30.000,0.200,4.000,1.000
41.520,39.270,37.330,39.540,42.000,41.520,0.480,3.000,0.025,0.000,1.450,10.340,0.000,11.780,30.000,0.200,4.000,1.000
41.500,39.260,37.340,39.540,42.000,41.500,0.500,3.000,0.025,0.000,1.490,10.340,0.000,11.830,30.000,0.200,4.000,1.000
41.510,39.260,37.330,39.530,42.000,41.510,0.490,3.000,0.025,0.000,1.480,10.340,0.000,11.820,30.000,0.200,4.000,1.000
41.490,39.260,37.340,39.540,42.000,41.490,0.510,3.000,0.025,0.000,1.540,10.340,0.000,11.880,30.000,0.200,4.000,1.000
41.470,39.250,37.340,39.540,42.000,41.470,0.530,3.000,0.025,0.000,1.580,10.350,0.000,11.920,30.000,0.200,4.000,1.000
41.460,39.250,37.340,39.540,42.000,41.460,0.540,3.000,0.025,0.000,1.620,10.350,0.000,11.970,30.000,0.200,4.000,1.000
41.440,39.230,37.350,39.540,42.000,41.440,0.560,3.000,0.025,0.000,1.690,10.350,0.000,12.040,30.000,0.200,4.000,1.000
41.420,39.240,37.340,39.540,42.000,41.420,0.580,3.000,0.025,0.000,1.740,10.350,0.000,12.090,30.000,0.200,4.000,1.000
41.410,39.230,37.340,39.550,42.000,41.410,0.590,3.000,0.025,0.000,1.780,10.360,0.000,12.140,30.000,0.200,4.000,1.000
41.380,39.220,37.350,39.550,42.000,41.380,0.620,3.000,0.025,0.000,1.860,10.360,0.000,12.220,30.000,0.200,4.000,1.000
41.370,39.230,37.350,39.550,42.000,41.370,0.630,3.000,0.025,0.000,1.900,10.360,0.000,12.260,30.000,0.200,4.000,1.000
41.360,39.220,37.350,39.550,42.000,41.360,0.640,3.000,0.025,0.000,1.930,10.370,0.000,12.300,30.000,0.200,4.000,1.000
41.340,39.220,37.360,39.550,42.000,41.340,0.660,3.000,0.025,0.000,1.980,10.370,0.000,12.350,30.000,0.200,4.000,1.000
41.340,39.220,37.350,39.550,42.000,41.340,0.660,3.000,0.025,0.000,1.990,10.370,0.000,12.360,30.000,0.200,4.000,1.000
41.330,39.210,37.350,39.560,42.000,41.330,0.670,3.000,0.025,0.000,2.000,10.380,0.000,12.380,30.000,0.200,4.000,1.000
41.330,39.200,37.360,39.560,42.000,41.330,0.670,3.000,0.025,0.000,2.010,10.380,0.000,12.390,30.000,0.200,4.000,1.000
41.330,39.200,37.360,39.560,42.000,41.330,0.670,3.000,0.025,0.000,2.000,10.380,0.000,12.380,30.000,0.200,4.000,1.000
41.330,39.190,37.370,39.560,42.000,41.330,0.670,3.000,0.025,0.000,2.000,10.390,0.000,12.380,30.000,0.200,4.000,1.000
41.330,39.200,37.360,39.560,42.000,41.330,0.670,3.000,0.025,0.000,2.000,10.390,0.000,12.390,30.000,0.200,4.000,1.000
41.340,39.200,37.360,39.560,42.000,41.340,0.660,3.000,0.025,0.000,1.970,10.390,0.000,12.360,30.000,0.200,4.000,1.000
41.340,39.200,37.370,39.570,42.000,41.340,0.660,3.000,0.025,0.000,1.990,10.400,0.000,12.390,30.000,0.200,4.000,1.000
41.340,39.210,37.370,39.560,42.000,41.340,0.660,3.000,0.025,0.000,1.970,10.400,0.000,12.370,30.000,0.200,4.000,1.000
41.350,39.200,37.370,39.570,42.000,41.350,0.650,3.000,0.025,0.000,1.950,10.400,0.000,12.350,30.000,0.200,4.000,1.000
41.340,39.200,37.380,39.570,42.000,41.340,0.660,3.000,0.025,0.000,1.970,10.410,0.000,12.380,30.000,0.200,4.000,1.000
41.350,39.220,37.370,39.570,42.000,41.350,0.650,3.000,0.025,0.000,1.950,10.410,0.000,12.360,30.000,0.200,4.000,1.000
41.350,39.210,37.380,39.580,42.000,41.350,0.650,3.000,0.025,0.000,1.950,10.410,0.000,12.370,30.000,0.200,4.000,1.000
41.350,39.220,37.380,39.580,42.000,41.350,0.650,3.000,0.025,0.000,1.960,10.420,0.000,12.370,30.000,0.200,4.000,1.000
41.360,39.230,37.380,39.580,42.000,41.360,0.640,3.000,0.025,0.000,1.930,10.420,0.000,12.350,30.000,0.200,4.000,1.000
41.360,39.220,37.390,39.590,42.000,41.360,0.640,3.000,0.025,0.000,1.930,10.420,0.000,12.350,30.000,0.200,4.000,1.000
41.370,39.230,37.390,39.580,42.000,41.370,0.630,3.000,0.025,0.000,1.900,10.430,0.000,12.330,30.000,0.200,4.000,1.000
41.380,39.240,37.390,39.590,42.000,41.380,0.620,3.000,0.025,0.000,1.860,10.430,0.000,12.290,30.000,0.200,4.000,1.000
41.370,39.240,37.390,39.590,42.000,41.370,0.630,3.000,0.025,0.000,1.880,10.430,0.000,12.310,30.000,0.200,4.000,1.000
41.390,39.260,37.390,39.590,42.000,41.390,0.610,3.000,0.025,0.000,1.820,10.430,0.000,12.250,30.000,0.200,4.000,1.000
41.390,39.250,37.400,39.600,42.000,41.390,0.610,3.000,0.025,0.000,1.820,10.440,0.000,12.260,30.000,0.200,4.000,1.000
41.400,39.260,37.400,39.600,42.000,41.400,0.600,3.000,0.025,0.000,1.800,10.440,0.000,12.240,30.000,0.200,4.000,1.000
41.410,39.260,37.400,39.600,42.000,41.410,0.590,3.000,0.025,0.000,1.760,10.440,0.000,12.210,30.000,0.200,4.000,1.000
41.410,39.260,37.410,39.610,42.000,41.410,0.590,3.000,0.025,0.000,1.780,10.450,0.000,12.230,30.000,0.200,4.000,1.000
41.420,39.270,37.410,39.610,42.000,41.420,0.580,3.000,0.025,0.000,1.750,10.450,0.000,12.200,30.000,0.200,4.000,1.000
41.420,39.280,37.400,39.610,42.000,41.420,0.580,3.000,0.025,0.000,1.740,10.450,0.000,12.190,30.000,0.200,4.000,1.000
41.420,39.280,37.410,39.620,42.000,41.420,0.580,3.000,0.025,0.000,1.730,10.460,0.000,12.190,30.000,0.200,4.000,1.000
41.430,39.290,37.420,39.610,42.000,41.430,0.570,3.000,0.025,0.000,1.700,10.460,0.000,12.160,30.000,0.200,4.000,1.000
41.440,39.280,37.410,39.620,42.000,41.440,0.560,3.000,0.025,0.000,1.680,10.460,0.000,12.140,30.000,0.200,4.000,1.000
41.440,39.290,37.420,39.630,42.000,41.440,0.560,3.000,0.025,0.000,1.670,10.460,0.000,12.130,30.000,0.200,4.000,1.000
41.450,39.290,37.420,39.620,42.000,41.450,0.550,3.000,0.025,0.000,1.640,10.470,0.000,12.100,30.000,0.200,4.000,1.000
41.460,39.290,37.420,39.630,42.000,41.460,0.540,3.000,0.025,0.000,1.610,10.470,0.000,12.080,30.000,0.200,4.000,1.000
41.460,39.290,37.430,39.630,42.000,41.460,0.540,3.000,0.025,0.000,1.620,10.470,0.000,12.090,30.000,0.200,4.000,1.000
41.470,39.290,37.430,39.630,42.000,41.470,0.530,3.000,0.025,0.000,1.580,10.470,0.000,12.050,30.000,0.200,4.000,1.000
41.480,39.280,37.430,39.640,42.000,41.480,0.520,3.000,0.025,0.000,1.570,10.480,0.000,12.050,30.000,0.200,4.000,1.000
41.480,39.280,37.430,39.640,42.000,41.480,0.520,3.000,0.025,0.000,1.570,10.480,0.000,12.050,30.000,0.200,4.000,1.000
41.480,39.270,37.430,39.650,42.000,41.480,0.520,3.000,0.025,0.000,1.550,10.480,0.000,12.030,30.000,0.200,4.000,1.000
41.490,39.260,37.440,39.650,42.000,41.490,0.510,3.000,0.025,0.000,1.540,10.480,0.000,12.030,30.000,0.200,4.000,1.000
41.490,39.270,37.440,39.650,42.000,41.490,0.510,3.000,0.025,0.000,1.530,10.490,0.000,12.020,30.000,0.200,4.000,1.000
41.500,39.260,37.440,39.660,42.000,41.500,0.500,3.000,0.025,0.000,1.510,10.490,0.000,11.990,30.000,0.200,4.000,1.000
41.500,39.250,37.450,39.660,42.000,41.500,0.500,3.000,0.025,0.000,1.510,10.490,0.000,12.010,30.000,0.200,4.000,1.000
41.500,39.250,37.450,39.660,42.000,41.500,0.500,3.000,0.025,0.000,1.510,10.490,0.000,12.000,30.000,0.200,4.000,1.000
41.500,39.250,37.450,39.670,42.000,41.500,0.500,3.000,0.025,0.000,1.500,10.500,0.000,12.000,30.000,0.200,4.000,1.000
41.490,39.250,37.460,39.660,42.000,41.490,0.510,3.000,0.025,0.000,1.540,10.500,0.000,12.040,30.000,0.200,4.000,1.000
41.490,39.260,37.450,39.670,42.000,41.490,0.510,3.000,0.025,0.000,1.530,10.500,0.000,12.030,30.000,0.200,4.000,1.000
41.490,39.260,37.460,39.680,42.000,41.490,0.510,3.000,0.025,0.000,1.540,10.500,0.000,12.040,30.000,0.200,4.000,1.000
41.490,39.270,37.460,39.670,42.000,41.490,0.510,3.000,0.025,0.000,1.520,10.510,0.000,12.020,30.000,0.200,4.000,1.000
41.500,39.260,37.460,39.680,42.000,41.500,0.500,3.000,0.025,0.000,1.500,10.510,0.000,12.010,30.000,0.200,4.000,1.000
41.490,39.270,37.460,39.680,42.000,41.490,0.510,3.000,0.025,0.000,1.520,10.510,0.000,12.030,30.000,0.200,4.000,1.000
41.500,39.280,37.460,39.690,42.000,41.500,0.500,3.000,0.025,0.000,1.490,10.510,0.000,12.000,30.000,0.200,4.000,1.000
41.490,39.280,37.470,39.690,42.000,41.490,0.510,3.000,0.025,0.000,1.520,10.520,0.000,12.030,30.000,0.200,4.000,1.000
41.510,39.290,37.470,39.690,42.000,41.510,0.490,3.000,0.025,0.000,1.480,10.520,0.000,12.000,30.000,0.200,4.000,1.000
41.510,39.280,37.470,39.690,42.000,41.510,0.490,3.000,0.025,0.000,1.480,10.520,0.000,12.000,30.000,0.200,4.000,1.000
41.510,39.290,37.470,39.690,42.000,41.510,0.490,3.000,0.025,0.000,1.480,10.520,0.000,12.010,30.000,0.200,4.000,1.000
41.510,39.290,37.470,39.700,42.000,41.510,0.490,3.000,0.025,0.000,1.460,10.530,0.000,11.990,30.000,0.200,4.000,1.000
41.510,39.290,37.480,39.700,42.000,41.510,0.490,3.000,0.025,0.000,1.460,10.530,0.000,11.990,30.000,0.200,4.000,1.000
41.520,39.300,37.480,39.700,42.000,41.520,0.480,3.000,0.025,0.000,1.430,10.530,0.000,11.970,30.000,0.200,4.000,1.000
41.530,39.300,37.480,39.710,42.000,41.530,0.470,3.000,0.025,0.000,1.420,10.530,0.000,11.950,30.000,0.200,4.000,1.000
41.530,39.300,37.490,39.710,42.000,41.530,0.470,3.000,0.025,0.000,1.410,10.540,0.000,11.950,30.000,0.200,4.000,1.000
41.540,39.310,37.480,39.710,42.000,41.540,0.460,3.000,0.025,0.000,1.390,10.540,0.000,11.930,30.000,0.200,4.000,1.000
41.530,39.310,37.490,39.720,42.000,41.530,0.470,3.000,0.025,0.000,1.420,10.540,0.000,11.960,30.000,0.200,4.000,1.000
41.530,39.320,37.490,39.720,42.000,41.530,0.470,3.000,0.025,0.000,1.400,10.540,0.000,11.940,30.000,0.200,4.000,1.000
41.530,39.330,37.490,39.720,42.000,41.530,0.470,3.000,0.025,0.000,1.400,10.550,0.000,11.940,30.000,0.200,4.000,1.000
41.520,39.340,37.500,39.720,42.000,41.520,0.480,3.000,0.025,0.000,1.430,10.550,0.000,11.970,30.000,0.200,4.000,1.000
41.530,39.340,37.500,39.730,42.000,41.530,0.470,3.000,0.025,0.000,1.420,10.550,0.000,11.970,30.000,0.200,4.000,1.000
41.520,39.340,37.500,39.730,42.000,41.520,0.480,3.000,0.025,0.000,1.450,10.550,0.000,12.000,30.000,0.200,4.000,1.000
41.520,39.350,37.490,39.730,42.000,41.520,0.480,3.000,0.025,0.000,1.450,10.560,0.000,12.010,30.000,0.200,4.000,1.000
41.510,39.360,37.500,39.730,42.000,41.510,0.490,3.000,0.025,0.000,1.470,10.560,0.000,12.030,30.000,0.200,4.000,1.000
41.510,39.360,37.500,39.740,42.000,41.510,0.490,3.000,0.025,0.000,1.470,10.560,0.000,12.030,30.000,0.200,4.000,1.000
41.510,39.360,37.510,39.740,42.000,41.510,0.490,3.000,0.025,0.000,1.460,10.560,0.000,12.020,30.000,0.200,4.000,1.000
41.510,39.380,37.510,39.740,42.000,41.510,0.490,3.000,0.025,0.000,1.470,10.570,0.000,12.040,30.000,0.200,4.000,1.000
41.520,39.380,37.500,39.740,42.000,41.520,0.480,3.000,0.025,0.000,1.440,10.570,0.000,12.010,30.000,0.200,4.000,1.000
41.510,39.390,37.520,39.750,42.000,41.510,0.490,3.000,0.025,0.000,1.470,10.570,0.000,12.040,30.000,0.200,4.000,1.000
41.520,39.400,37.510,39.750,42.000,41.520,0.480,3.000,0.025,0.000,1.440,10.570,0.000,12.010,30.000,0.200,4.000,1.000
41.520,39.400,37.520,39.750,42.000,41.520,0.480,3.000,0.025,0.000,1.450,10.580,0.000,12.020,30.000,0.200,4.000,1.000
41.520,39.410,37.520,39.750,42.000,41.520,0.480,3.000,0.025,0.000,1.440,10.580,0.000,12.020,30.000,0.200,4.000,1.000
41.520,39.420,37.520,39.760,42.000,41.520,0.480,3.000,0.025,0.000,1.430,10.580,0.000,12.010,30.000,0.200,4.000,1.000
41.520,39.420,37.520,39.760,42.000,41.520,0.480,3.000,0.025,0.000,1.450,10.580,0.000,12.030,30.000,0.200,4.000,1.000
41.530,39.420,37.520,39.760,42.000,41.530,0.470,3.000,0.025,0.000,1.410,10.580,0.000,12.000,30.000,0.200,4.000,1.000
41.520,39.420,37.530,39.760,42.000,41.520,0.480,3.000,0.025,0.000,1.440,10.590,0.000,12.030,30.000,0.200,4.000,1.000
41.520,39.420,37.530,39.760,42.000,41.520,0.480,3.000,0.025,0.000,1.440,10.590,0.000,12.030,30.000,0.200,4.000,1.000
41.520,39.420,37.530,39.770,42.000,41.520,0.480,3.000,0.025,0.000,1.430,10.590,0.000,12.020,30.000,0.200,4.000,1.000
41.520,39.420,37.530,39.770,42.000,41.520,0.480,3.000,0.025,0.000,1.440,10.590,0.000,12.040,30.000,0.200,4.000,1.000
41.530,39.410,37.530,39.780,42.000,41.530,0.470,3.000,0.025,0.000,1.400,10.600,0.000,12.000,30.000,0.200,4.000,1.000
41.530,39.400,37.540,39.780,42.000,41.530,0.470,3.000,0.025,0.000,1.420,10.600,0.000,12.020,30.000,0.200,4.000,1.000
41.540,39.410,37.540,39.780,42.000,41.540,0.460,3.000,0.025,0.000,1.390,10.600,0.000,11.990,30.000,0.200,4.000,1.000
41.540,39.400,37.540,39.780,42.000,41.540,0.460,3.000,0.025,0.000,1.390,10.600,0.000,11.990,30.000,0.200,4.000,1.000
41.540,39.400,37.540,39.780,42.000,41.540,0.460,3.000,0.025,0.000,1.390,10.610,0.000,12.000,30.000,0.200,4.000,1.000
41.550,39.400,37.540,39.790,42.000,41.550,0.450,3.000,0.025,0.000,1.360,10.610,0.000,11.960,30.000,0.200,4.000,1.000
41.540,39.390,37.550,39.790,42.000,41.540,0.460,3.000,0.025,0.000,1.370,10.610,0.000,11.980,30.000,0.200,4.000,1.000
41.550,39.400,37.550,39.790,42.000,41.550,0.450,3.000,0.025,0.000,1.340,10.610,0.000,11.950,30.000,0.200,4.000,1.000
41.550,39.390,37.550,39.800,42.000,41.550,0.450,3.000,0.025,0.000,1.340,10.620,0.000,11.950,30.000,0.200,4.000,1.000
41.550,39.400,37.550,39.790,42.000,41.550,0.450,3.000,0.025,0.000,1.360,10.620,0.000,11.980,30.000,0.200,4.000,1.000
41.550,39.400,37.550,39.800,42.000,41.550,0.450,3.000,0.025,0.000,1.350,10.620,0.000,11.970,30.000,0.200,4.000,1.000
41.540,39.390,37.550,39.800,42.000,41.540,0.460,3.000,0.025,0.000,1.380,10.620,0.000,12.000,30.000,0.200,4.000,1.000
41.550,39.400,37.560,39.800,42.000,41.550,0.450,3.000,0.025,0.000,1.350,10.620,0.000,11.970,30.000,0.200,4.000,1.000
41.550,39.390,37.560,39.810,42.000,41.550,0.450,3.000,0.025,0.000,1.350,10.630,0.000,11.970,30.000,0.200,4.000,1.000
41.550,39.390,37.570,39.800,42.000,41.550,0.450,3.000,0.025,0.000,1.360,10.630,0.000,11.990,30.000,0.200,4.000,1.000
41.550,39.390,37.560,39.810,42.000,41.550,0.450,3.000,0.025,0.000,1.340,10.630,0.000,11.970,30.000,0.200,4.000,1.000
41.550,39.380,37.570,39.810,42.000,41.550,0.450,3.000,0.025,0.000,1.350,10.630,0.000,11.980,30.000,0.200,4.000,1.000
41.560,39.400,37.570,39.810,42.000,41.560,0.440,3.000,0.025,0.000,1.320,10.640,0.000,11.960,30.000,0.200,4.000,1.000
41.560,39.380,37.560,39.820,42.000,41.560,0.440,3.000,0.025,0.000,1.330,10.640,0.000,11.970,30.000,0.200,4.000,1.000
41.550,39.390,37.570,39.810,42.000,41.550,0.450,3.000,0.025,0.000,1.340,10.640,0.000,11.970,30.000,0.200,4.000,1.000
41.570,39.390,37.570,39.820,42.000,41.570,0.430,3.000,0.025,0.000,1.300,10.640,0.000,11.940,30.000,0.200,4.000,1.000
41.570,39.390,37.580,39.820,42.000,41.570,0.430,3.000,0.025,0.000,1.300,10.640,0.000,11.950,30.000,0.200,4.000,1.000
41.570,39.410,37.570,39.820,42.000,41.570,0.430,3.000,0.025,0.000,1.280,10.650,0.000,11.920,30.000,0.200,4.000,1.000
41.580,39.400,37.580,39.830,42.000,41.580,0.420,3.000,0.025,0.000,1.270,10.650,0.000,11.920,30.000,0.200,4.000,1.000
41.580,39.410,37.580,39.830,42.000,41.580,0.420,3.000,0.025,0.000,1.270,10.650,0.000,11.920,30.000,0.200,4.000,1.000
41.590,39.420,37.580,39.830,42.000,41.590,0.410,3.000,0.025,0.000,1.240,10.650,0.000,11.890,30.000,0.200,4.000,1.000
41.580,39.410,37.590,39.830,42.000,41.580,0.420,3.000,0.025,0.000,1.260,10.650,0.000,11.910,30.000,0.200,4.000,1.000
41.580,39.430,37.590,39.830,42.000,41.580,0.420,3.000,0.025,0.000,1.260,10.660,0.000,11.910,30.000,0.200,4.000,1.000
41.580,39.430,37.590,39.840,42.000,41.580,0.420,3.000,0.025,0.000,1.260,10.660,0.000,11.920,30.000,0.200,4.000,1.000
41.570,39.440,37.600,39.830,42.000,41.570,0.430,3.000,0.025,0.000,1.290,10.660,0.000,11.960,30.000,0.200,4.000,1.000
41.580,39.450,37.590,39.840,42.000,41.580,0.420,3.000,0.025,0.000,1.260,10.660,0.000,11.920,30.000,0.200,4.000,1.000
41.570,39.450,37.600,39.840,42.000,41.570,0.430,3.000,0.025,0.000,1.280,10.670,0.000,11.950,30.000,0.200,4.000,1.000
41.580,39.470,37.600,39.830,42.000,41.580,0.420,3.000,0.025,0.000,1.250,10.670,0.000,11.920,30.000,0.200,4.000,1.000
41.580,39.460,37.600,39.850,42.000,41.580,0.420,3.000,0.025,0.000,1.250,10.670,0.000,11.920,30.000,0.200,4.000,1.000
41.580,39.470,37.610,39.850,42.000,41.580,0.420,3.000,0.025,0.000,1.270,10.670,0.000,11.940,30.000,0.200,4.000,1.000
41.590,39.480,37.600,39.840,42.000,41.590,0.410,3.000,0.025,0.000,1.220,10.670,0.000,11.890,30.000,0.200,4.000,1.000
41.590,39.470,37.610,39.850,42.000,41.590,0.410,3.000,0.025,0.000,1.240,10.680,0.000,11.920,30.000,0.200,4.000,1.000
41.590,39.490,37.610,39.840,42.000,41.590,0.410,3.000,0.025,0.000,1.220,10.680,0.000,11.900,30.000,0.200,4.000,1.000
41.590,39.490,37.600,39.860,42.000,41.590,0.410,3.000,0.025,0.000,1.230,10.680,0.000,11.910,30.000,0.200,4.000,1.000
41.590,39.490,37.610,39.850,42.000,41.590,0.410,3.000,0.025,0.000,1.240,10.680,0.000,11.920,30.000,0.200,4.000,1.000
41.590,39.500,37.610,39.850,42.000,41.590,0.410,3.000,0.025,0.000,1.220,10.680,0.000,11.910,30.000,0.200,4.000,1.000
41.590,39.490,37.610,39.860,42.000,41.590,0.410,3.000,0.025,0.000,1.230,10.690,0.000,11.910,30.000,0.200,4.000,1.000
41.590,39.500,37.620,39.850,42.000,41.590,0.410,3.000,0.025,0.000,1.220,10.690,0.000,11.910,30.000,0.200,4.000,1.000
41.610,39.490,37.610,39.860,42.000,41.610,0.390,3.000,0.025,0.000,1.160,10.690,0.000,11.850,30.000,0.200,4.000,1.000
41.610,39.490,37.630,39.860,42.000,41.610,0.390,3.000,0.025,0.000,1.160,10.690,0.000,11.850,30.000,0.200,4.000,1.000
41.630,39.500,37.630,39.860,42.000,41.630,0.370,3.000,0.025,0.000,1.120,10.690,0.000,11.810,30.000,0.200,4.000,1.000
41.640,39.490,37.620,39.860,42.000,41.640,0.360,3.000,0.025,0.000,1.090,10.700,0.000,11.790,30.000,0.200,4.000,1.000
41.630,39.490,37.630,39.860,42.000,41.630,0.370,3.000,0.025,0.000,1.110,10.700,0.000,11.810,30.000,0.200,4.000,1.000
41.640,39.500,37.630,39.860,42.000,41.640,0.360,3.000,0.025,0.000,1.070,10.700,0.000,11.770,30.000,0.200,4.000,1.000
41.640,39.480,37.630,39.870,42.000,41.640,0.360,3.000,0.025,0.000,1.080,10.700,0.000,11.780,30.000,0.200,4.000,1.000
41.640,39.490,37.640,39.860,42.000,41.640,0.360,3.000,0.025,0.000,1.080,10.700,0.000,11.780,30.000,0.200,4.000,1.000
41.660,39.490,37.630,39.870,42.000,41.660,0.340,3.000,0.025,0.000,1.030,10.700,0.000,11.740,30.000,0.200,4.000,1.000
41.650,39.470,37.630,39.880,42.000,41.650,0.350,3.000,0.025,0.000,1.060,10.710,0.000,11.770,30.000,0.200,4.000,1.000
41.650,39.480,37.640,39.870,42.000,41.650,0.350,3.000,0.025,0.000,1.050,10.710,0.000,11.760,30.000,0.200,4.000,1.000
41.660,39.470,37.640,39.870,42.000,41.660,0.340,3.000,0.025,0.000,1.010,10.710,0.000,11.720,30.000,0.200,4.000,1.000
41.660,39.460,37.640,39.880,42.000,41.660,0.340,3.000,0.025,0.000,1.020,10.710,0.000,11.730,30.000,0.200,4.000,1.000
41.670,39.460,37.650,39.870,42.000,41.670,0.330,3.000,0.025,0.000,1.000,10.710,0.000,11.710,30.000,0.200,4.000,1.000
41.680,39.450,37.640,39.880,42.000,41.680,0.320,3.000,0.025,0.000,0.970,10.710,0.000,11.680,30.000,0.200,4.000,1.000
41.680,39.430,37.650,39.880,42.000,41.680,0.320,3.000,0.025,0.000,0.970,10.720,0.000,11.690,30.000,0.200,4.000,1.000
41.680,39.440,37.650,39.880,42.000,41.680,0.320,3.000,0.025,0.000,0.950,10.720,0.000,11.670,30.000,0.200,4.000,1.000
41.690,39.420,37.640,39.880,42.000,41.690,0.310,3.000,0.025,0.000,0.930,10.720,0.000,11.650,30.000,0.200,4.000,1.000
41.680,39.410,37.660,39.890,42.000,41.680,0.320,3.000,0.025,0.000,0.960,10.720,0.000,11.680,30.000,0.200,4.000,1.000
41.690,39.410,37.650,39.880,42.000,41.690,0.310,3.000,0.025,0.000,0.920,10.720,0.000,11.640,30.000,0.200,4.000,1.000
41.700,39.400,37.650,39.890,42.000,41.700,0.300,3.000,0.025,0.000,0.910,10.720,0.000,11.640,30.000,0.200,4.000,1.000
41.690,39.390,37.660,39.890,42.000,41.690,0.310,3.000,0.025,0.000,0.930,10.730,0.000,11.660,30.000,0.200,4.000,1.000
41.700,39.400,37.660,39.890,42.000,41.700,0.300,3.000,0.025,0.000,0.900,10.730,0.000,11.630,30.000,0.200,4.000,1.000
41.700,39.390,37.660,39.900,42.000,41.700,0.300,3.000,0.025,0.000,0.890,10.730,0.000,11.610,30.000,0.200,4.000,1.000
41.710,39.390,37.670,39.890,42.000,41.710,0.290,3.000,0.025,0.000,0.880,10.730,0.000,11.610,30.000,0.200,4.000,1.000
41.710,39.390,37.670,39.890,42.000,41.710,0.290,3.000,0.025,0.000,0.860,10.730,0.000,11.590,30.000,0.200,4.000,1.000
41.700,39.380,37.660,39.900,42.000,41.700,0.300,3.000,0.025,0.000,0.890,10.730,0.000,11.630,30.000,0.200,4.000,1.000
41.700,39.380,37.680,39.900,42.000,41.700,0.300,3.000,0.025,0.000,0.900,10.730,0.000,11.640,30.000,0.200,4.000,1.000
41.700,39.390,37.670,39.890,42.000,41.700,0.300,3.000,0.025,0.000,0.890,10.740,0.000,11.620,30.000,0.200,4.000,1.000
41.710,39.370,37.670,39.900,42.000,41.710,0.290,3.000,0.025,0.000,0.880,10.740,0.000,11.620,30.000,0.200,4.000,1.000
41.700,39.370,37.680,39.900,42.000,41.700,0.300,3.000,0.025,0.000,0.910,10.740,0.000,11.650,30.000,0.200,4.000,1.000
41.710,39.370,37.680,39.890,42.000,41.710,0.290,3.000,0.025,0.000,0.870,10.740,0.000,11.610,30.000,0.200,4.000,1.000
41.710,39.360,37.670,39.900,42.000,41.710,0.290,3.000,0.025,0.000,0.870,10.740,0.000,11.610,30.000,0.200,4.000,1.000
41.700,39.350,37.680,39.910,42.000,41.700,0.300,3.000,0.025,0.000,0.890,10.740,0.000,11.640,30.000,0.200,4.000,1.000
41.710,39.360,37.690,39.900,42.000,41.710,0.290,3.000,0.025,0.000,0.870,10.740,0.000,11.620,30.000,0.200,4.000,1.000
41.710,39.350,37.670,39.900,42.000,41.710,0.290,3.000,0.025,0.000,0.860,10.750,0.000,11.610,30.000,0.200,4.000,1.000
41.700,39.340,37.680,39.910,42.000,41.700,0.300,3.000,0.025,0.000,0.900,10.750,0.000,11.640,30.000,0.200,4.000,1.000
41.700,39.350,37.690,39.900,42.000,41.700,0.300,3.000,0.025,0.000,0.890,10.750,0.000,11.640,30.000,0.200,4.000,1.000
41.710,39.350,37.680,39.900,42.000,41.710,0.290,3.000,0.025,0.000,0.860,10.750,0.000,11.610,30.000,0.200,4.000,1.000
41.710,39.340,37.680,39.910,42.000,41.710,0.290,3.000,0.025,0.000,0.880,10.750,0.000,11.630,30.000,0.200,4.000,1.000
41.700,39.340,37.700,39.910,42.000,41.700,0.300,3.000,0.025,0.000,0.900,10.750,0.000,11.650,30.000,0.200,4.000,1.000
41.710,39.340,37.690,39.910,42.000,41.710,0.290,3.000,0.025,0.000,0.870,10.750,0.000,11.630,30.000,0.200,4.000,1.000
41.710,39.330,37.690,39.910,42.000,41.710,0.290,3.000,0.025,0.000,0.870,10.760,0.000,11.630,30.000,0.200,4.000,1.000
41.700,39.330,37.700,39.920,42.000,41.700,0.300,3.000,0.025,0.000,0.910,10.760,0.000,11.670,30.000,0.200,4.000,1.000
41.700,39.340,37.700,39.910,42.000,41.700,0.300,3.000,0.025,0.000,0.890,10.760,0.000,11.650,30.000,0.200,4.000,1.000
41.710,39.320,37.700,39.920,42.000,41.710,0.290,3.000,0.025,0.000,0.880,10.760,0.000,11.640,30.000,0.200,4.000,1.000
41.700,39.320,37.710,39.920,42.000,41.700,0.300,3.000,0.025,0.000,0.900,10.760,0.000,11.660,30.000,0.200,4.000,1.000
41.710,39.330,37.700,39.910,42.000,41.710,0.290,3.000,0.025,0.000,0.880,10.760,0.000,11.650,30.000,0.200,4.000,1.000
41.710,39.320,37.700,39.920,42.000,41.710,0.290,3.000,0.025,0.000,0.880,10.770,0.000,11.650,30.000,0.200,4.000,1.000
41.690,39.320,37.700,39.920,42.000,41.690,0.310,3.000,0.025,0.000,0.920,10.770,0.000,11.690,30.000,0.200,4.000,1.000
41.700,39.330,37.710,39.910,42.000,41.700,0.300,3.000,0.025,0.000,0.900,10.770,0.000,11.670,30.000,0.200,4.000,1.000
41.700,39.320,37.700,39.920,42.000,41.700,0.300,3.000,0.025,0.000,0.890,10.770,0.000,11.660,30.000,0.200,4.000,1.000
41.690,39.320,37.710,39.920,42.000,41.690,0.310,3.000,0.025,0.000,0.930,10.770,0.000,11.700,30.000,0.200,4.000,1.000
41.690,39.320,37.710,39.920,42.000,41.690,0.310,3.000,0.025,0.000,0.930,10.770,0.000,11.700,30.000,0.200,4.000,1.000
41.700,39.320,37.710,39.920,42.000,41.700,0.300,3.000,0.025,0.000,0.900,10.770,0.000,11.670,30.000,0.200,4.000,1.000
41.690,39.310,37.710,39.930,42.000,41.690,0.310,3.000,0.025,0.000,0.930,10.780,0.000,11.700,30.000,0.200,4.000,1.000
41.690,39.320,37.720,39.920,42.000,41.690,0.310,3.000,0.025,0.000,0.930,10.780,0.000,11.700,30.000,0.200,4.000,1.000
41.700,39.330,37.710,39.920,42.000,41.700,0.300,3.000,0.025,0.000,0.910,10.780,0.000,11.680,30.000,0.200,4.000,1.000
41.700,39.320,37.710,39.930,42.000,41.700,0.300,3.000,0.025,0.000,0.900,10.780,0.000,11.680,30.000,0.200,4.000,1.000
41.700,39.320,37.720,39.930,42.000,41.700,0.300,3.000,0.025,0.000,0.910,10.780,0.000,11.690,30.000,0.200,4.000,1.000
41.710,39.330,37.730,39.920,42.000,41.710,0.290,3.000,0.025,0.000,0.880,10.780,0.000,11.660,30.000,0.200,4.000,1.000
41.720,39.330,37.720,39.920,42.000,41.720,0.280,3.000,0.025,0.000,0.840,10.780,0.000,11.630,30.000,0.200,4.000,1.000
41.710,39.320,37.720,39.930,42.000,41.710,0.290,3.000,0.025,0.000,0.870,10.790,0.000,11.660,30.000,0.200,4.000,1.000
41.710,39.320,37.730,39.930,42.000,41.710,0.290,3.000,0.025,0.000,0.870,10.790,0.000,11.650,30.000,0.200,4.000,1.000
41.720,39.330,37.720,39.920,42.000,41.720,0.280,3.000,0.025,0.000,0.840,10.790,0.000,11.630,30.000,0.200,4.000,1.000
41.720,39.310,37.720,39.930,42.000,41.720,0.280,3.000,0.025,0.000,0.840,10.790,0.000,11.630,30.000,0.200,4.000,1.000
41.720,39.310,37.730,39.940,42.000,41.720,0.280,3.000,0.025,0.000,0.850,10.790,0.000,11.640,30.000,0.200,4.000,1.000
41.720,39.310,37.730,39.930,42.000,41.720,0.280,3.000,0.025,0.000,0.850,10.790,0.000,11.640,30.000,0.200,4.000,1.000
41.730,39.300,37.720,39.930,42.000,41.730,0.270,3.000,0.025,0.000,0.820,10.790,0.000,11.610,30.000,0.200,4.000,1.000
41.730,39.290,37.730,39.940,42.000,41.730,0.270,3.000,0.025,0.000,0.820,10.800,0.000,11.620,30.000,0.200,4.000,1.000
41.730,39.290,37.730,39.930,42.000,41.730,0.270,3.000,0.025,0.000,0.810,10.800,0.000,11.600,30.000,0.200,4.000,1.000
41.750,39.290,37.730,39.930,42.000,41.750,0.250,3.000,0.025,0.000,0.750,10.800,0.000,11.550,30.000,0.200,4.000,1.000
41.760,39.270,37.730,39.940,42.000,41.760,0.240,3.000,0.025,0.000,0.730,10.800,0.000,11.530,30.000,0.200,4.000,1.000
41.770,39.270,37.740,39.940,42.000,41.770,0.230,3.000,0.025,0.000,0.700,10.800,0.000,11.510,30.000,0.200,4.000,1.000
41.780,39.280,37.740,39.940,42.000,41.780,0.220,3.000,0.025,0.000,0.660,10.800,0.000,11.460,30.000,0.200,4.000,1.000
41.790,39.260,37.730,39.940,42.000,41.790,0.210,3.000,0.025,0.000,0.630,10.800,0.000,11.440,30.000,0.200,4.000,1.000
41.800,39.260,37.740,39.950,42.000,41.800,0.200,3.000,0.025,0.000,0.610,10.800,0.000,11.420,30.000,0.200,4.000,1.000
41.810,39.260,37.740,39.940,42.000,41.810,0.190,3.000,0.025,0.000,0.560,10.810,0.000,11.370,30.000,0.200,4.000,1.000
41.830,39.250,37.740,39.940,42.000,41.830,0.170,3.000,0.025,0.000,0.510,10.810,0.000,11.320,30.000,0.200,4.000,1.000
41.830,39.250,37.740,39.950,42.000,41.830,0.170,3.000,0.025,0.000,0.510,10.810,0.000,11.310,30.000,0.200,4.000,1.000
41.840,39.250,37.740,39.950,42.000,41.840,0.160,3.000,0.025,0.000,0.490,10.810,0.000,11.300,30.000,0.200,4.000,1.000
41.850,39.250,37.740,39.940,42.000,41.850,0.150,3.000,0.025,0.000,0.440,10.810,0.000,11.250,30.000,0.200,4.000,1.000
41.860,39.240,37.740,39.950,42.000,41.860,0.140,3.000,0.025,0.000,0.410,10.810,0.000,11.220,30.000,0.200,4.000,1.000
41.860,39.240,37.750,39.950,42.000,41.860,0.140,3.000,0.025,0.000,0.410,10.810,0.000,11.220,30.000,0.200,4.000,1.000
41.870,39.250,37.750,39.950,42.000,41.870,0.130,3.000,0.025,0.000,0.390,10.810,0.000,11.200,30.000,0.200,4.000,1.000
41.880,39.250,37.740,39.950,42.000,41.880,0.120,3.000,0.025,0.000,0.350,10.810,0.000,11.160,30.000,0.200,4.000,1.000
41.890,39.240,37.740,39.960,42.000,41.890,0.110,3.000,0.025,0.000,0.330,10.810,0.000,11.140,30.000,0.200,4.000,1.000
41.890,39.240,37.750,39.950,42.000,41.890,0.110,3.000,0.025,0.000,0.320,10.810,0.000,11.130,30.000,0.200,4.000,1.000
41.910,39.250,37.740,39.950,42.000,41.910,0.090,3.000,0.025,0.000,0.280,10.810,0.000,11.100,30.000,0.200,4.000,1.000
41.910,39.240,37.750,39.960,42.000,41.910,0.090,3.000,0.025,0.000,0.260,10.810,0.000,11.070,30.000,0.200,4.000,1.000
41.910,39.250,37.750,39.960,42.000,41.910,0.090,3.000,0.025,0.000,0.280,10.810,0.000,11.090,30.000,0.200,4.000,1.000
41.920,39.260,37.760,39.950,42.000,41.920,0.080,3.000,0.025,0.000,0.250,10.810,0.000,11.060,30.000,0.200,4.000,1.000
41.930,39.260,37.750,39.960,42.000,41.930,0.070,3.000,0.025,0.000,0.210,10.810,0.000,11.030,30.000,0.200,4.000,1.000
41.930,39.250,37.750,39.960,42.000,41.930,0.070,3.000,0.025,0.000,0.210,10.810,0.000,11.030,30.000,0.200,4.000,1.000
41.940,39.260,37.750,39.960,42.000,41.940,0.060,3.000,0.025,0.000,0.170,10.810,0.000,10.990,30.000,0.200,4.000,1.000
41.960,39.270,37.740,39.960,42.000,41.960,0.040,3.000,0.025,0.000,0.130,10.820,0.000,10.940,30.000,0.200,4.000,1.000
41.980,39.270,37.740,39.960,42.000,41.980,0.020,3.000,0.025,0.000,0.070,10.820,0.000,10.890,30.000,0.200,4.000,1.000
41.980,39.280,37.750,39.960,42.000,41.980,0.020,3.000,0.025,0.000,0.060,10.820,0.000,10.870,30.000,0.200,4.000,1.000
42.000,39.290,37.750,39.960,42.000,42.000,0.000,3.000,0.025,0.000,0.010,10.820,0.000,10.830,30.000,0.200,4.000,1.000
42.020,39.300,37.750,39.960,42.000,42.020,-0.020,3.000,0.025,0.000,-0.050,10.820,0.000,10.770,30.000,0.200,4.000,1.000
42.020,39.300,37.750,39.960,42.000,42.020,-0.020,3.000,0.025,0.000,-0.060,10.820,0.000,10.760,30.000,0.200,4.000,1.000
42.030,39.320,37.750,39.960,42.000,42.030,-0.030,3.000,0.025,0.000,-0.090,10.820,0.000,10.720,30.000,0.200,4.000,1.000
42.050,39.330,37.750,39.960,42.000,42.050,-0.050,3.000,0.025,0.000,-0.150,10.810,0.000,10.670,30.000,0.200,4.000,1.000
42.050,39.330,37.750,39.960,42.000,42.050,-0.050,3.000,0.025,0.000,-0.160,10.810,0.000,10.660,30.000,0.200,4.000,1.000
42.050,39.350,37.760,39.960,42.000,42.050,-0.050,3.000,0.025,0.000,-0.160,10.810,0.000,10.650,30.000,0.200,4.000,1.000
42.070,39.370,37.760,39.960,42.000,42.070,-0.070,3.000,0.025,0.000,-0.210,10.810,0.000,10.600,30.000,0.200,4.000,1.000
42.080,39.380,37.740,39.960,42.000,42.080,-0.080,3.000,0.025,0.000,-0.230,10.810,0.000,10.590,30.000,0.200,4.000,1.000
42.070,39.380,37.750,39.970,42.000,42.070,-0.070,3.000,0.025,0.000,-0.220,10.810,0.000,10.590,30.000,0.200,4.000,1.000
42.080,39.380,37.750,39.970,42.000,42.080,-0.080,3.000,0.025,0.000,-0.240,10.810,0.000,10.570,30.000,0.200,4.000,1.000
42.090,39.390,37.750,39.960,42.000,42.090,-0.090,3.000,0.025,0.000,-0.260,10.810,0.000,10.550,30.000,0.200,4.000,1.000
42.080,39.390,37.750,39.970,42.000,42.080,-0.080,3.000,0.025,0.000,-0.250,10.810,0.000,10.560,30.000,0.200,4.000,1.000
42.080,39.390,37.750,39.960,42.000,42.080,-0.080,3.000,0.025,0.000,-0.230,10.810,0.000,10.580,30.000,0.200,4.000,1.000
42.080,39.410,37.750,39.950,42.000,42.080,-0.080,3.000,0.025,0.000,-0.250,10.810,0.000,10.560,30.000,0.200,4.000,1.000
42.080,39.400,37.740,39.960,42.000,42.080,-0.080,3.000,0.025,0.000,-0.250,10.810,0.000,10.560,30.000,0.200,4.000,1.000
42.080,39.410,37.750,39.960,42.000,42.080,-0.080,3.000,0.025,0.000,-0.230,10.810,0.000,10.580,30.000,0.200,4.000,1.000
42.080,39.420,37.750,39.950,42.000,42.080,-0.080,3.000,0.025,0.000,-0.230,10.810,0.000,10.580,30.000,0.200,4.000,1.000
42.070,39.420,37.740,39.960,42.000,42.070,-0.070,3.000,0.025,0.000,-0.210,10.810,0.000,10.590,30.000,0.200,4.000,1.000
42.060,39.420,37.750,39.960,42.000,42.060,-0.060,3.000,0.025,0.000,-0.170,10.810,0.000,10.630,30.000,0.200,4.000,1.000
42.040,39.430,37.740,39.950,42.000,42.040,-0.040,3.000,0.025,0.000,-0.130,10.810,0.000,10.680,30.000,0.200,4.000,1.000
42.040,39.440,37.740,39.950,42.000,42.040,-0.040,3.000,0.025,0.000,-0.110,10.810,0.000,10.700,30.000,0.200,4.000,1.000
42.020,39.430,37.740,39.960,42.000,42.020,-0.020,3.000,0.025,0.000,-0.060,10.810,0.000,10.750,30.000,0.200,4.000,1.000
42.010,39.440,37.750,39.950,42.000,42.010,-0.010,3.000,0.025,0.000,-0.040,10.810,0.000,10.770,30.000,0.200,4.000,1.000
42.010,39.440,37.740,39.950,42.000,42.010,-0.010,3.000,0.025,0.000,-0.040,10.810,0.000,10.760,30.000,0.200,4.000,1.000
42.000,39.440,37.740,39.950,42.000,42.000,0.000,3.000,0.025,0.000,0.000,10.810,0.000,10.810,30.000,0.200,4.000,1.000
42.000,39.440,37.750,39.950,42.000,42.000,0.000,3.000,0.025,0.000,0.000,10.810,0.000,10.810,30.000,0.200,4.000,1.000
42.010,39.460,37.740,39.940,42.000,42.010,-0.010,3.000,0.025,0.000,-0.030,10.810,0.000,10.780,30.000,0.200,4.000,1.000
42.010,39.450,37.740,39.950,42.000,42.010,-0.010,3.000,0.025,0.000,-0.040,10.810,0.000,10.770,30.000,0.200,4.000,1.000
42.020,39.460,37.740,39.950,42.000,42.020,-0.020,3.000,0.025,0.000,-0.050,10.810,0.000,10.760,30.000,0.200,4.000,1.000
42.030,39.470,37.740,39.940,42.000,42.030,-0.030,3.000,0.025,0.000,-0.090,10.810,0.000,10.720,30.000,0.200,4.000,1.000
42.040,39.470,37.730,39.950,42.000,42.040,-0.040,3.000,0.025,0.000,-0.130,10.810,0.000,10.680,30.000,0.200,4.000,1.000
42.040,39.480,37.740,39.940,42.000,42.040,-0.040,3.000,0.025,0.000,-0.130,10.810,0.000,10.680,30.000,0.200,4.000,1.000
42.060,39.490,37.740,39.940,42.000,42.060,-0.060,3.000,0.025,0.000,-0.180,10.810,0.000,10.630,30.000,0.200,4.000,1.000
42.070,39.490,37.730,39.940,42.000,42.070,-0.070,3.000,0.025,0.000,-0.210,10.810,0.000,10.600,30.000,0.200,4.000,1.000
42.060,39.490,37.730,39.950,42.000,42.060,-0.060,3.000,0.025,0.000,-0.180,10.810,0.000,10.630,30.000,0.200,4.000,1.000
42.070,39.500,37.730,39.940,42.000,42.070,-0.070,3.000,0.025,0.000,-0.200,10.810,0.000,10.610,30.000,0.200,4.000,1.000
42.070,39.490,37.720,39.930,42.000,42.070,-0.070,3.000,0.025,0.000,-0.200,10.810,0.000,10.600,30.000,0.200,4.000,1.000
42.060,39.480,37.730,39.940,42.000,42.060,-0.060,3.000,0.025,0.000,-0.180,10.810,0.000,10.630,30.000,0.200,4.000,1.000
42.060,39.490,37.740,39.940,42.000,42.060,-0.060,3.000,0.025,0.000,-0.170,10.810,0.000,10.640,30.000,0.200,4.000,1.000
42.050,39.480,37.730,39.930,42.000,42.050,-0.050,3.000,0.025,0.000,-0.150,10.810,0.000,10.650,30.000,0.200,4.000,1.000
42.040,39.470,37.720,39.930,42.000,42.040,-0.040,3.000,0.025,0.000,-0.110,10.810,0.000,10.690,30.000,0.200,4.000,1.000
42.030,39.460,37.730,39.930,42.000,42.030,-0.030,3.000,0.025,0.000,-0.080,10.810,0.000,10.720,30.000,0.200,4.000,1.000
42.020,39.460,37.720,39.920,42.000,42.020,-0.020,3.000,0.025,0.000,-0.060,10.800,0.000,10.740,30.000,0.200,4.000,1.000
42.010,39.450,37.720,39.930,42.000,42.010,-0.010,3.000,0.025,0.000,-0.030,10.800,0.000,10.780,30.000,0.200,4.000,1.000
42.000,39.440,37.720,39.930,42.000,42.000,0.000,3.000,0.025,0.000,0.010,10.800,0.000,10.820,30.000,0.200,4.000,1.000
41.990,39.430,37.720,39.920,42.000,41.990,0.010,3.000,0.025,0.000,0.030,10.800,0.000,10.840,30.000,0.200,4.000,1.000
41.980,39.420,37.710,39.920,42.000,41.980,0.020,3.000,0.025,0.000,0.050,10.810,0.000,10.850,30.000,0.200,4.000,1.000
41.970,39.410,37.710,39.930,42.000,41.970,0.030,3.000,0.025,0.000,0.080,10.810,0.000,10.880,30.000,0.200,4.000,1.000
41.960,39.410,37.710,39.920,42.000,41.960,0.040,3.000,0.025,0.000,0.110,10.810,0.000,10.910,30.000,0.200,4.000,1.000
41.970,39.400,37.710,39.910,42.000,41.970,0.030,3.000,0.025,0.000,0.090,10.810,0.000,10.900,30.000,0.200,4.000,1.000
41.960,39.390,37.700,39.920,42.000,41.960,0.040,3.000,0.025,0.000,0.120,10.810,0.000,10.920,30.000,0.200,4.000,1.000
41.950,39.380,37.710,39.920,42.000,41.950,0.050,3.000,0.025,0.000,0.150,10.810,0.000,10.950,30.000,0.200,4.000,1.000
41.960,39.390,37.700,39.910,42.000,41.960,0.040,3.000,0.025,0.000,0.130,10.810,0.000,10.940,30.000,0.200,4.000,1.000
41.960,39.380,37.700,39.920,42.000,41.960,0.040,3.000,0.025,0.000,0.130,10.810,0.000,10.940,30.000,0.200,4.000,1.000
41.950,39.380,37.700,39.910,42.000,41.950,0.050,3.000,0.025,0.000,0.140,10.810,0.000,10.950,30.000,0.200,4.000,1.000
41.960,39.380,37.710,39.910,42.000,41.960,0.040,3.000,0.025,0.000,0.130,10.810,0.000,10.930,30.000,0.200,4.000,1.000
41.970,39.380,37.690,39.900,42.000,41.970,0.030,3.000,0.025,0.000,0.100,10.810,0.000,10.910,30.000,0.200,4.000,1.000
41.970,39.370,37.700,39.910,42.000,41.970,0.030,3.000,0.025,0.000,0.100,10.810,0.000,10.910,30.000,0.200,4.000,1.000
41.970,39.370,37.700,39.900,42.000,41.970,0.030,3.000,0.025,0.000,0.100,10.810,0.000,10.910,30.000,0.200,4.000,1.000
41.980,39.380,37.690,39.900,42.000,41.980,0.020,3.000,0.025,0.000,0.070,10.810,0.000,10.880,30.000,0.200,4.000,1.000
41.980,39.380,37.690,39.900,42.000,41.980,0.020,3.000,0.025,0.000,0.060,10.810,0.000,10.870,30.000,0.200,4.000,1.000
41.970,39.370,37.690,39.910,42.000,41.970,0.030,3.000,0.025,0.000,0.090,10.810,0.000,10.890,30.000,0.200,4.000,1.000
41.980,39.380,37.690,39.900,42.000,41.980,0.020,3.000,0.025,0.000,0.060,10.810,0.000,10.870,30.000,0.200,4.000,1.000
41.980,39.380,37.680,39.900,42.000,41.980,0.020,3.000,0.025,0.000,0.050,10.810,0.000,10.860,30.000,0.200,4.000,1.000
41.970,39.380,37.690,39.910,42.000,41.970,0.030,3.000,0.025,0.000,0.100,10.810,0.000,10.910,30.000,0.200,4.000,1.000
41.960,39.390,37.690,39.900,42.000,41.960,0.040,3.000,0.025,0.000,0.120,10.810,0.000,10.930,30.000,0.200,4.000,1.000
41.970,39.390,37.680,39.890,42.000,41.970,0.030,3.000,0.025,0.000,0.100,10.810,0.000,10.910,30.000,0.200,4.000,1.000
41.950,39.380,37.680,39.900,42.000,41.950,0.050,3.000,0.025,0.000,0.150,10.810,0.000,10.960,30.000,0.200,4.000,1.000
41.940,39.380,37.690,39.890,42.000,41.940,0.060,3.000,0.025,0.000,0.170,10.810,0.000,10.970,30.000,0.200,4.000,1.000
41.950,39.380,37.680,39.890,42.000,41.950,0.050,3.000,0.025,0.000,0.150,10.810,0.000,10.960,30.000,0.200,4.000,1.000
41.940,39.370,37.680,39.890,42.000,41.940,0.060,3.000,0.025,0.000,0.190,10.810,0.000,11.000,30.000,0.200,4.000,1.000
41.930,39.380,37.680,39.890,42.000,41.930,0.070,3.000,0.025,0.000,0.220,10.810,0.000,11.030,30.000,0.200,4.000,1.000
41.930,39.380,37.670,39.880,42.000,41.930,0.070,3.000,0.025,0.000,0.210,10.810,0.000,11.020,30.000,0.200,4.000,1.000
41.920,39.380,37.670,39.890,42.000,41.920,0.080,3.000,0.025,0.000,0.240,10.810,0.000,11.050,30.000,0.200,4.000,1.000
41.910,39.390,37.680,39.880,42.000,41.910,0.090,3.000,0.025,0.000,0.260,10.810,0.000,11.070,30.000,0.200,4.000,1.000
41.920,39.400,37.670,39.880,42.000,41.920,0.080,3.000,0.025,0.000,0.240,10.810,0.000,11.050,30.000,0.200,4.000,1.000
41.920,39.390,37.670,39.890,42.000,41.920,0.080,3.000,0.025,0.000,0.250,10.810,0.000,11.060,30.000,0.200,4.000,1.000
41.900,39.400,37.670,39.880,42.000,41.900,0.100,3.000,0.025,0.000,0.290,10.810,0.000,11.100,30.000,0.200,4.000,1.000
41.910,39.410,37.670,39.880,42.000,41.910,0.090,3.000,0.025,0.000,0.260,10.810,0.000,11.070,30.000,0.200,4.000,1.000
41.920,39.410,37.660,39.880,42.000,41.920,0.080,3.000,0.025,0.000,0.250,10.810,0.000,11.070,30.000,0.200,4.000,1.000
41.910,39.420,37.680,39.880,42.000,41.910,0.090,3.000,0.025,0.000,0.270,10.810,0.000,11.090,30.000,0.200,4.000,1.000
41.910,39.430,37.670,39.870,42.000,41.910,0.090,3.000,0.025,0.000,0.260,10.810,0.000,11.080,30.000,0.200,4.000,1.000
41.920,39.430,37.660,39.880,42.000,41.920,0.080,3.000,0.025,0.000,0.250,10.810,0.000,11.060,30.000,0.200,4.000,1.000
41.920,39.430,37.660,39.880,42.000,41.920,0.080,3.000,0.025,0.000,0.240,10.810,0.000,11.050,30.000,0.200,4.000,1.000
41.920,39.450,37.670,39.870,42.000,41.920,0.080,3.000,0.025,0.000,0.250,10.820,0.000,11.060,30.000,0.200,4.000,1.000
41.930,39.450,37.660,39.870,42.000,41.930,0.070,3.000,0.025,0.000,0.220,10.820,0.000,11.040,30.000,0.200,4.000,1.000
41.930,39.450,37.660,39.870,42.000,41.930,0.070,3.000,0.025,0.000,0.210,10.820,0.000,11.030,30.000,0.200,4.000,1.000
41.930,39.460,37.660,39.870,42.000,41.930,0.070,3.000,0.025,0.000,0.210,10.820,0.000,11.030,30.000,0.200,4.000,1.000
41.940,39.470,37.650,39.870,42.000,41.940,0.060,3.000,0.025,0.000,0.180,10.820,0.000,10.990,30.000,0.200,4.000,1.000
41.950,39.470,37.650,39.870,42.000,41.950,0.050,3.000,0.025,0.000,0.160,10.820,0.000,10.980,30.000,0.200,4.000,1.000
41.950,39.470,37.660,39.870,42.000,41.950,0.050,3.000,0.025,0.000,0.150,10.820,0.000,10.960,30.000,0.200,4.000,1.000
41.960,39.480,37.650,39.870,42.000,41.960,0.040,3.000,0.025,0.000,0.110,10.820,0.000,10.920,30.000,0.200,4.000,1.000
41.970,39.480,37.650,39.870,42.000,41.970,0.030,3.000,0.025,0.000,0.090,10.820,0.000,10.910,30.000,0.200,4.000,1.000
41.970,39.490,37.650,39.870,42.000,41.970,0.030,3.000,0.025,0.000,0.080,10.820,0.000,10.900,30.000,0.200,4.000,1.000
41.980,39.500,37.650,39.870,42.000,41.980,0.020,3.000,0.025,0.000,0.050,10.820,0.000,10.860,30.000,0.200,4.000,1.000
41.980,39.500,37.640,39.870,42.000,41.980,0.020,3.000,0.025,0.000,0.050,10.820,0.000,10.860,30.000,0.200,4.000,1.000
41.980,39.510,37.640,39.870,42.000,41.980,0.020,3.000,0.025,0.000,0.060,10.820,0.000,10.880,30.000,0.200,4.000,1.000
41.980,39.520,37.650,39.860,42.000,41.980,0.020,3.000,0.025,0.000,0.050,10.820,0.000,10.870,30.000,0.200,4.000,1.000
41.990,39.510,37.640,39.860,42.000,41.990,0.010,3.000,0.025,0.000,0.040,10.820,0.000,10.860,30.000,0.200,4.000,1.000
41.980,39.510,37.640,39.870,42.000,41.980,0.020,3.000,0.025,0.000,0.070,10.820,0.000,10.890,30.000,0.200,4.000,1.000
41.970,39.530,37.640,39.860,42.000,41.970,0.030,3.000,0.025,0.000,0.080,10.820,0.000,10.900,30.000,0.200,4.000,1.000
41.980,39.530,37.640,39.860,42.000,41.980,0.020,3.000,0.025,0.000,0.060,10.820,0.000,10.880,30.000,0.200,4.000,1.000
41.970,39.530,37.640,39.870,42.000,41.970,0.030,3.000,0.025,0.000,0.090,10.820,0.000,10.910,30.000,0.200,4.000,1.000
41.970,39.540,37.640,39.850,42.000,41.970,0.030,3.000,0.025,0.000,0.080,10.820,0.000,10.900,30.000,0.200,4.000,1.000
41.980,39.550,37.630,39.860,42.000,41.980,0.020,3.000,0.025,0.000,0.070,10.820,0.000,10.890,30.000,0.200,4.000,1.000
41.970,39.550,37.640,39.860,42.000,41.970,0.030,3.000,0.025,0.000,0.090,10.820,0.000,10.910,30.000,0.200,4.000,1.000
41.970,39.560,37.640,39.860,42.000,41.970,0.030,3.000,0.025,0.000,0.080,10.820,0.000,10.900,30.000,0.200,4.000,1.000
41.970,39.570,37.630,39.860,42.000,41.970,0.030,3.000,0.025,0.000,0.080,10.820,0.000,10.900,30.000,0.200,4.000,1.000
41.970,39.580,37.640,39.860,42.000,41.970,0.030,3.000,0.025,0.000,0.090,10.820,0.000,10.910,30.000,0.200,4.000,1.000
41.980,39.590,37.640,39.850,42.000,41.980,0.020,3.000,0.025,0.000,0.060,10.820,0.000,10.880,30.000,0.200,4.000,1.000
41.980,39.590,37.630,39.860,42.000,41.980,0.020,3.000,0.025,0.000,0.060,10.820,0.000,10.880,30.000,0.200,4.000,1.000
41.980,39.600,37.640,39.860,42.000,41.980,0.020,3.000,0.025,0.000,0.070,10.820,0.000,10.890,30.000,0.200,4.000,1.000
41.980,39.610,37.630,39.850,42.000,41.980,0.020,3.000,0.025,0.000,0.050,10.820,0.000,10.870,30.000,0.200,4.000,1.000
41.980,39.610,37.630,39.860,42.000,41.980,0.020,3.000,0.025,0.000,0.070,10.820,0.000,10.890,30.000,0.200,4.000,1.000
41.970,39.620,37.630,39.850,42.000,41.970,0.030,3.000,0.025,0.000,0.100,10.820,0.000,10.920,30.000,0.200,4.000,1.000
41.970,39.620,37.630,39.850,42.000,41.970,0.030,3.000,0.025,0.000,0.090,10.820,0.000,10.910,30.000,0.200,4.000,1.000
41.960,39.620,37.630,39.850,42.000,41.960,0.040,3.000,0.025,0.000,0.130,10.820,0.000,10.950,30.000,0.200,4.000,1.000
41.960,39.620,37.630,39.850,42.000,41.960,0.040,3.000,0.025,0.000,0.130,10.820,0.000,10.950,30.000,0.200,4.000,1.000
41.970,39.630,37.620,39.850,42.000,41.970,0.030,3.000,0.025,0.000,0.090,10.820,0.000,10.910,30.000,0.200,4.000,1.000
41.960,39.630,37.630,39.850,42.000,41.960,0.040,3.000,0.025,0.000,0.110,10.820,0.000,10.940,30.000,0.200,4.000,1.000
41.970,39.640,37.630,39.840,42.000,41.970,0.030,3.000,0.025,0.000,0.090,10.820,0.000,10.910,30.000,0.200,4.000,1.000
41.980,39.640,37.620,39.850,42.000,41.980,0.020,3.000,0.025,0.000,0.050,10.820,0.000,10.880,30.000,0.200,4.000,1.000
41.980,39.640,37.630,39.850,42.000,41.980,0.020,3.000,0.025,0.000,0.060,10.820,0.000,10.880,30.000,0.200,4.000,1.000
41.990,39.650,37.630,39.840,42.000,41.990,0.010,3.000,0.025,0.000,0.040,10.820,0.000,10.860,30.000,0.200,4.000,1.000
42.000,39.650,37.620,39.850,42.000,42.000,0.000,3.000,0.025,0.000,0.010,10.820,0.000,10.840,30.000,0.200,4.000,1.000
41.990,39.650,37.630,39.840,42.000,41.990,0.010,3.000,0.025,0.000,0.030,10.820,0.000,10.850,30.000,0.200,4.000,1.000
41.990,39.660,37.620,39.840,42.000,41.990,0.010,3.000,0.025,0.000,0.020,10.820,0.000,10.840,30.000,0.200,4.000,1.000
42.000,39.660,37.630,39.840,42.000,42.000,0.000,3.000,0.025,0.000,0.010,10.820,0.000,10.840,30.000,0.200,4.000,1.000
41.990,39.660,37.620,39.840,42.000,41.990,0.010,3.000,0.025,0.000,0.030,10.820,0.000,10.850,30.000,0.200,4.000,1.000
42.000,39.670,37.620,39.840,42.000,42.000,0.000,3.000,0.025,0.000,-0.010,10.820,0.000,10.810,30.000,0.200,4.000,1.000
42.010,39.660,37.620,39.840,42.000,42.010,-0.010,3.000,0.025,0.000,-0.030,10.820,0.000,10.790,30.000,0.200,4.000,1.000
42.010,39.660,37.630,39.840,42.000,42.010,-0.010,3.000,0.025,0.000,-0.030,10.820,0.000,10.790,30.000,0.200,4.000,1.000
42.020,39.670,37.620,39.830,42.000,42.020,-0.020,3.000,0.025,0.000,-0.060,10.820,0.000,10.760,30.000,0.200,4.000,1.000
42.020,39.660,37.620,39.840,42.000,42.020,-0.020,3.000,0.025,0.000,-0.070,10.820,0.000,10.750,30.000,0.200,4.000,1.000
42.020,39.660,37.620,39.840,42.000,42.020,-0.020,3.000,0.025,0.000,-0.060,10.820,0.000,10.760,30.000,0.200,4.000,1.000
42.030,39.670,37.630,39.840,42.000,42.030,-0.030,3.000,0.025,0.000,-0.080,10.820,0.000,10.740,30.000,0.200,4.000,1.000
42.040,39.670,37.620,39.830,42.000,42.040,-0.040,3.000,0.025,0.000,-0.110,10.820,0.000,10.710,30.000,0.200,4.000,1.000
42.030,39.660,37.620,39.840,42.000,42.030,-0.030,3.000,0.025,0.000,-0.090,10.820,0.000,10.730,30.000,0.200,4.000,1.000
42.030,39.670,37.620,39.830,42.000,42.030,-0.030,3.000,0.025,0.000,-0.090,10.820,0.000,10.730,30.000,0.200,4.000,1.000
42.040,39.680,37.610,39.830,42.000,42.040,-0.040,3.000,0.025,0.000,-0.130,10.820,0.000,10.690,30.000,0.200,4.000,1.000
42.050,39.670,37.610,39.840,42.000,42.050,-0.050,3.000,0.025,0.000,-0.140,10.820,0.000,10.680,30.000,0.200,4.000,1.000
42.050,39.690,37.620,39.830,42.000,42.050,-0.050,3.000,0.025,0.000,-0.160,10.820,0.000,10.660,30.000,0.200,4.000,1.000
42.070,39.690,37.610,39.830,42.000,42.070,-0.070,3.000,0.025,0.000,-0.220,10.820,0.000,10.600,30.000,0.200,4.000,1.000
42.090,39.690,37.610,39.840,42.000,42.090,-0.090,3.000,0.025,0.000,-0.260,10.820,0.000,10.560,30.000,0.200,4.000,1.000
42.090,39.700,37.620,39.830,42.000,42.090,-0.090,3.000,0.025,0.000,-0.280,10.820,0.000,10.540,30.000,0.200,4.000,1.000
42.110,39.710,37.610,39.830,42.000,42.110,-0.110,3.000,0.025,0.000,-0.340,10.820,0.000,10.480,30.000,0.200,4.000,1.000
42.120,39.700,37.610,39.830,42.000,42.120,-0.120,3.000,0.025,0.000,-0.360,10.820,0.000,10.450,30.000,0.200,4.000,1.000
42.130,39.720,37.620,39.820,42.000,42.130,-0.130,3.000,0.025,0.000,-0.390,10.820,0.000,10.420,30.000,0.200,4.000,1.000
42.150,39.720,37.610,39.830,42.000,42.150,-0.150,3.000,0.025,0.000,-0.440,10.820,0.000,10.370,30.000,0.200,4.000,1.000
42.150,39.720,37.600,39.830,42.000,42.150,-0.150,3.000,0.025,0.000,-0.460,10.820,0.000,10.360,30.000,0.200,4.000,1.000
42.160,39.730,37.620,39.830,42.000,42.160,-0.160,3.000,0.025,0.000,-0.470,10.810,0.000,10.350,30.000,0.200,4.000,1.000
42.180,39.730,37.610,39.830,42.000,42.180,-0.180,3.000,0.025,0.000,-0.540,10.810,0.000,10.280,30.000,0.200,4.000,1.000
42.180,39.730,37.600,39.830,42.000,42.180,-0.180,3.000,0.025,0.000,-0.540,10.810,0.000,10.270,30.000,0.200,4.000,1.000
42.190,39.740,37.610,39.830,42.000,42.190,-0.190,3.000,0.025,0.000,-0.580,10.810,0.000,10.230,30.000,0.200,4.000,1.000
42.210,39.750,37.600,39.820,42.000,42.210,-0.210,3.000,0.025,0.000,-0.630,10.810,0.000,10.180,30.000,0.200,4.000,1.000
42.220,39.750,37.600,39.830,42.000,42.220,-0.220,3.000,0.025,0.000,-0.650,10.810,0.000,10.160,30.000,0.200,4.000,1.000
42.220,39.760,37.600,39.820,42.000,42.220,-0.220,3.000,0.025,0.000,-0.670,10.810,0.000,10.140,30.000,0.200,4.000,1.000
42.240,39.770,37.600,39.820,42.000,42.240,-0.240,3.000,0.025,0.000,-0.710,10.810,0.000,10.090,30.000,0.200,4.000,1.000
42.240,39.770,37.600,39.830,42.000,42.240,-0.240,3.000,0.025,0.000,-0.720,10.810,0.000,10.090,30.000,0.200,4.000,1.000
42.240,39.780,37.600,39.820,42.000,42.240,-0.240,3.000,0.025,0.000,-0.720,10.800,0.000,10.080,30.000,0.200,4.000,1.000
42.250,39.790,37.590,39.820,42.000,42.250,-0.250,3.000,0.025,0.000,-0.760,10.800,0.000,10.040,30.000,0.200,4.000,1.000
42.250,39.790,37.600,39.830,42.000,42.250,-0.250,3.000,0.025,0.000,-0.740,10.800,0.000,10.060,30.000,0.200,4.000,1.000
42.260,39.800,37.600,39.820,42.000,42.260,-0.260,3.000,0.025,0.000,-0.770,10.800,0.000,10.040,30.000,0.200,4.000,1.000
42.270,39.810,37.590,39.820,42.000,42.270,-0.270,3.000,0.025,0.000,-0.800,10.800,0.000,10.000,30.000,0.200,4.000,1.000
42.260,39.810,37.590,39.820,42.000,42.260,-0.260,3.000,0.025,0.000,-0.790,10.800,0.000,10.010,30.000,0.200,4.000,1.000
42.270,39.820,37.590,39.820,42.000,42.270,-0.270,3.000,0.025,0.000,-0.800,10.800,0.000,9.990,30.000,0.200,4.000,1.000
42.280,39.830,37.580,39.810,42.000,42.280,-0.280,3.000,0.025,0.000,-0.830,10.800,0.000,9.970,30.000,0.200,4.000,1.000
42.260,39.820,37.590,39.820,42.000,42.260,-0.260,3.000,0.025,0.000,-0.790,10.790,0.000,10.000,30.000,0.200,4.000,1.000
42.270,39.840,37.590,39.810,42.000,42.270,-0.270,3.000,0.025,0.000,-0.800,10.790,0.000,9.990,30.000,0.200,4.000,1.000
42.270,39.840,37.580,39.810,42.000,42.270,-0.270,3.000,0.025,0.000,-0.810,10.790,0.000,9.980,30.000,0.200,4.000,1.000
42.260,39.840,37.580,39.810,42.000,42.260,-0.260,3.000,0.025,0.000,-0.790,10.790,0.000,10.000,30.000,0.200,4.000,1.000
42.270,39.850,37.580,39.800,42.000,42.270,-0.270,3.000,0.025,0.000,-0.810,10.790,0.000,9.980,30.000,0.200,4.000,1.000
42.270,39.860,37.570,39.810,42.000,42.270,-0.270,3.000,0.025,0.000,-0.820,10.790,0.000,9.970,30.000,0.200,4.000,1.000
42.260,39.850,37.580,39.810,42.000,42.260,-0.260,3.000,0.025,0.000,-0.790,10.790,0.000,9.990,30.000,0.200,4.000,1.000
42.270,39.870,37.570,39.800,42.000,42.270,-0.270,3.000,0.025,0.000,-0.800,10.790,0.000,9.990,30.000,0.200,4.000,1.000
42.270,39.870,37.570,39.800,42.000,42.270,-0.270,3.000,0.025,0.000,-0.820,10.780,0.000,9.970,30.000,0.200,4.000,1.000
42.260,39.870,37.570,39.810,42.000,42.260,-0.260,3.000,0.025,0.000,-0.790,10.780,0.000,9.990,30.000,0.200,4.000,1.000
42.270,39.880,37.570,39.800,42.000,42.270,-0.270,3.000,0.025,0.000,-0.810,10.780,0.000,9.970,30.000,0.200,4.000,1.000
42.270,39.890,37.560,39.800,42.000,42.270,-0.270,3.000,0.025,0.000,-0.820,10.780,0.000,9.960,30.000,0.200,4.000,1.000
42.260,39.890,37.560,39.800,42.000,42.260,-0.260,3.000,0.025,0.000,-0.780,10.780,0.000,10.000,30.000,0.200,4.000,1.000
42.260,39.900,37.560,39.790,42.000,42.260,-0.260,3.000,0.025,0.000,-0.790,10.780,0.000,9.980,30.000,0.200,4.000,1.000
42.270,39.900,37.550,39.790,42.000,42.270,-0.270,3.000,0.025,0.000,-0.810,10.780,0.000,9.960,30.000,0.200,4.000,1.000
42.260,39.900,37.560,39.800,42.000,42.260,-0.260,3.000,0.025,0.000,-0.780,10.770,0.000,9.990,30.000,0.200,4.000,1.000
42.270,39.920,37.550,39.790,42.000,42.270,-0.270,3.000,0.025,0.000,-0.800,10.770,0.000,9.970,30.000,0.200,4.000,1.000
42.270,39.920,37.550,39.790,42.000,42.270,-0.270,3.000,0.025,0.000,-0.820,10.770,0.000,9.960,30.000,0.200,4.000,1.000
42.260,39.920,37.550,39.790,42.000,42.260,-0.260,3.000,0.025,0.000,-0.790,10.770,0.000,9.980,30.000,0.200,4.000,1.000
42.270,39.930,37.550,39.780,42.000,42.270,-0.270,3.000,0.025,0.000,-0.820,10.770,0.000,9.950,30.000,0.200,4.000,1.000
42.270,39.920,37.540,39.780,42.000,42.270,-0.270,3.000,0.025,0.000,-0.810,10.770,0.000,9.960,30.000,0.200,4.000,1.000
42.260,39.920,37.550,39.780,42.000,42.260,-0.260,3.000,0.025,0.000,-0.780,10.770,0.000,9.980,30.000,0.200,4.000,1.000
42.270,39.940,37.550,39.770,42.000,42.270,-0.270,3.000,0.025,0.000,-0.800,10.770,0.000,9.970,30.000,0.200,4.000,1.000
42.250,39.930,37.540,39.780,42.000,42.250,-0.250,3.000,0.025,0.000,-0.760,10.760,0.000,10.000,30.000,0.200,4.000,1.000
42.250,39.940,37.550,39.780,42.000,42.250,-0.250,3.000,0.025,0.000,-0.740,10.760,0.000,10.020,30.000,0.200,4.000,1.000
42.250,39.940,37.540,39.770,42.000,42.250,-0.250,3.000,0.025,0.000,-0.740,10.760,0.000,10.020,30.000,0.200,4.000,1.000
42.240,39.930,37.530,39.780,42.000,42.240,-0.240,3.000,0.025,0.000,-0.710,10.760,0.000,10.050,30.000,0.200,4.000,1.000
42.230,39.940,37.540,39.770,42.000,42.230,-0.230,3.000,0.025,0.000,-0.700,10.760,0.000,10.060,30.000,0.200,4.000,1.000
42.240,39.940,37.530,39.770,42.000,42.240,-0.240,3.000,0.025,0.000,-0.710,10.760,0.000,10.050,30.000,0.200,4.000,1.000
42.230,39.940,37.530,39.770,42.000,42.230,-0.230,3.000,0.025,0.000,-0.690,10.760,0.000,10.060,30.000,0.200,4.000,1.000
42.230,39.950,37.530,39.760,42.000,42.230,-0.230,3.000,0.025,0.000,-0.690,10.760,0.000,10.060,30.000,0.200,4.000,1.000
42.240,39.950,37.520,39.770,42.000,42.240,-0.240,3.000,0.025,0.000,-0.710,10.750,0.000,10.040,30.000,0.200,4.000,1.000
42.230,39.940,37.530,39.770,42.000,42.230,-0.230,3.000,0.025,0.000,-0.690,10.750,0.000,10.060,30.000,0.200,4.000,1.000
42.230,39.940,37.530,39.750,42.000,42.230,-0.230,3.000,0.025,0.000,-0.680,10.750,0.000,10.080,30.000,0.200,4.000,1.000
42.230,39.940,37.520,39.760,42.000,42.230,-0.230,3.000,0.025,0.000,-0.690,10.750,0.000,10.060,30.000,0.200,4.000,1.000
42.220,39.940,37.520,39.760,42.000,42.220,-0.220,3.000,0.025,0.000,-0.670,10.750,0.000,10.080,30.000,0.200,4.000,1.000
42.220,39.950,37.520,39.750,42.000,42.220,-0.220,3.000,0.025,0.000,-0.670,10.750,0.000,10.080,30.000,0.200,4.000,1.000
42.230,39.950,37.510,39.750,42.000,42.230,-0.230,3.000,0.025,0.000,-0.690,10.750,0.000,10.060,30.000,0.200,4.000,1.000
42.220,39.940,37.510,39.750,42.000,42.220,-0.220,3.000,0.025,0.000,-0.650,10.750,0.000,10.090,30.000,0.200,4.000,1.000
42.220,39.950,37.510,39.740,42.000,42.220,-0.220,3.000,0.025,0.000,-0.660,10.750,0.000,10.090,30.000,0.200,4.000,1.000
42.220,39.950,37.500,39.740,42.000,42.220,-0.220,3.000,0.025,0.000,-0.650,10.740,0.000,10.090,30.000,0.200,4.000,1.000
42.200,39.950,37.510,39.750,42.000,42.200,-0.200,3.000,0.025,0.000,-0.610,10.740,0.000,10.140,30.000,0.200,4.000,1.000
42.200,39.960,37.510,39.740,42.000,42.200,-0.200,3.000,0.025,0.000,-0.600,10.740,0.000,10.140,30.000,0.200,4.000,1.000
42.200,39.960,37.500,39.740,42.000,42.200,-0.200,3.000,0.025,0.000,-0.610,10.740,0.000,10.130,30.000,0.200,4.000,1.000
42.190,39.950,37.500,39.740,42.000,42.190,-0.190,3.000,0.025,0.000,-0.570,10.740,0.000,10.170,30.000,0.200,4.000,1.000
42.180,39.960,37.500,39.730,42.000,42.180,-0.180,3.000,0.025,0.000,-0.550,10.740,0.000,10.190,30.000,0.200,4.000,1.000
42.190,39.960,37.490,39.730,42.000,42.190,-0.190,3.000,0.025,0.000,-0.560,10.740,0.000,10.180,30.000,0.200,4.000,1.000
42.180,39.960,37.490,39.740,42.000,42.180,-0.180,3.000,0.025,0.000,-0.530,10.740,0.000,10.210,30.000,0.200,4.000,1.000
42.180,39.970,37.490,39.720,42.000,42.180,-0.180,3.000,0.025,0.000,-0.530,10.740,0.000,10.200,30.000,0.200,4.000,1.000
42.180,39.970,37.480,39.730,42.000,42.180,-0.180,3.000,0.025,0.000,-0.540,10.740,0.000,10.200,30.000,0.200,4.000,1.000
42.160,39.970,37.490,39.730,42.000,42.160,-0.160,3.000,0.025,0.000,-0.480,10.730,0.000,10.250,30.000,0.200,4.000,1.000
42.160,39.970,37.490,39.720,42.000,42.160,-0.160,3.000,0.025,0.000,-0.470,10.730,0.000,10.260,30.000,0.200,4.000,1.000
42.160,39.970,37.480,39.720,42.000,42.160,-0.160,3.000,0.025,0.000,-0.470,10.730,0.000,10.260,30.000,0.200,4.000,1.000
42.150,39.970,37.480,39.720,42.000,42.150,-0.150,3.000,0.025,0.000,-0.450,10.730,0.000,10.280,30.000,0.200,4.000,1.000
42.140,39.970,37.490,39.720,42.000,42.140,-0.140,3.000,0.025,0.000,-0.430,10.730,0.000,10.310,30.000,0.200,4.000,1.000
42.140,39.970,37.470,39.710,42.000,42.140,-0.140,3.000,0.025,0.000,-0.430,10.730,0.000,10.310,30.000,0.200,4.000,1.000
42.130,39.960,37.480,39.720,42.000,42.130,-0.130,3.000,0.025,0.000,-0.390,10.730,0.000,10.340,30.000,0.200,4.000,1.000
42.120,39.970,37.480,39.710,42.000,42.120,-0.120,3.000,0.025,0.000,-0.360,10.730,0.000,10.370,30.000,0.200,4.000,1.000
42.120,39.960,37.460,39.710,42.000,42.120,-0.120,3.000,0.025,0.000,-0.370,10.730,0.000,10.360,30.000,0.200,4.000,1.000
42.100,39.950,37.470,39.710,42.000,42.100,-0.100,3.000,0.025,0.000,-0.310,10.730,0.000,10.420,30.000,0.200,4.000,1.000
42.090,39.960,37.470,39.710,42.000,42.090,-0.090,3.000,0.025,0.000,-0.270,10.730,0.000,10.450,30.000,0.200,4.000,1.000
42.090,39.950,37.460,39.700,42.000,42.090,-0.090,3.000,0.025,0.000,-0.280,10.730,0.000,10.450,30.000,0.200,4.000,1.000
42.080,39.950,37.460,39.710,42.000,42.080,-0.080,3.000,0.025,0.000,-0.230,10.730,0.000,10.500,30.000,0.200,4.000,1.000
42.060,39.940,37.460,39.700,42.000,42.060,-0.060,3.000,0.025,0.000,-0.190,10.730,0.000,10.540,30.000,0.200,4.000,1.000
42.070,39.940,37.460,39.700,42.000,42.070,-0.070,3.000,0.025,0.000,-0.200,10.730,0.000,10.530,30.000,0.200,4.000,1.000
42.050,39.920,37.460,39.700,42.000,42.050,-0.050,3.000,0.025,0.000,-0.150,10.730,0.000,10.570,30.000,0.200,4.000,1.000
42.050,39.930,37.460,39.690,42.000,42.050,-0.050,3.000,0.025,0.000,-0.150,10.730,0.000,10.580,30.000,0.200,4.000,1.000
42.050,39.920,37.450,39.700,42.000,42.050,-0.050,3.000,0.025,0.000,-0.160,10.730,0.000,10.570,30.000,0.200,4.000,1.000
42.040,39.910,37.450,39.700,42.000,42.040,-0.040,3.000,0.025,0.000,-0.110,10.730,0.000,10.620,30.000,0.200,4.000,1.000
42.040,39.920,37.450,39.680,42.000,42.040,-0.040,3.000,0.025,0.000,-0.120,10.730,0.000,10.600,30.000,0.200,4.000,1.000
42.040,39.900,37.440,39.690,42.000,42.040,-0.040,3.000,0.025,0.000,-0.110,10.730,0.000,10.610,30.000,0.200,4.000,1.000
42.030,39.890,37.450,39.690,42.000,42.030,-0.030,3.000,0.025,0.000,-0.090,10.730,0.000,10.630,30.000,0.200,4.000,1.000
42.040,39.890,37.450,39.680,42.000,42.040,-0.040,3.000,0.025,0.000,-0.110,10.730,0.000,10.620,30.000,0.200,4.000,1.000
42.020,39.870,37.440,39.690,42.000,42.020,-0.020,3.000,0.025,0.000,-0.070,10.720,0.000,10.650,30.000,0.200,4.000,1.000
42.010,39.870,37.450,39.680,42.000,42.010,-0.010,3.000,0.025,0.000,-0.040,10.720,0.000,10.680,30.000,0.200,4.000,1.000
42.020,39.870,37.440,39.680,42.000,42.020,-0.020,3.000,0.025,0.000,-0.050,10.720,0.000,10.670,30.000,0.200,4.000,1.000
42.000,39.860,37.440,39.680,42.000,42.000,0.000,3.000,0.025,0.000,0.000,10.720,0.000,10.720,30.000,0.200,4.000,1.000
41.990,39.860,37.440,39.680,42.000,41.990,0.010,3.000,0.025,0.000,0.030,10.720,0.000,10.760,30.000,0.200,4.000,1.000
41.990,39.860,37.430,39.670,42.000,41.990,0.010,3.000,0.025,0.000,0.040,10.720,0.000,10.760,30.000,0.200,4.000,1.000
41.970,39.840,37.430,39.680,42.000,41.970,0.030,3.000,0.025,0.000,0.080,10.730,0.000,10.800,30.000,0.200,4.000,1.000
41.970,39.850,37.440,39.670,42.000,41.970,0.030,3.000,0.025,0.000,0.100,10.730,0.000,10.830,30.000,0.200,4.000,1.000
41.960,39.840,37.430,39.670,42.000,41.960,0.040,3.000,0.025,0.000,0.130,10.730,0.000,10.860,30.000,0.200,4.000,1.000
41.940,39.830,37.430,39.670,42.000,41.940,0.060,3.000,0.025,0.000,0.190,10.730,0.000,10.910,30.000,0.200,4.000,1.000
41.930,39.830,37.430,39.670,42.000,41.930,0.070,3.000,0.025,0.000,0.200,10.730,0.000,10.930,30.000,0.200,4.000,1.000
41.930,39.830,37.420,39.660,42.000,41.930,0.070,3.000,0.025,0.000,0.210,10.730,0.000,10.940,30.000,0.200,4.000,1.000
41.910,39.810,37.430,39.670,42.000,41.910,0.090,3.000,0.025,0.000,0.260,10.730,0.000,10.990,30.000,0.200,4.000,1.000
41.900,39.810,37.420,39.660,42.000,41.900,0.100,3.000,0.025,0.000,0.290,10.730,0.000,11.020,30.000,0.200,4.000,1.000
41.900,39.810,37.420,39.660,42.000,41.900,0.100,3.000,0.025,0.000,0.290,10.730,0.000,11.020,30.000,0.200,4.000,1.000
41.890,39.800,37.420,39.660,42.000,41.890,0.110,3.000,0.025,0.000,0.320,10.730,0.000,11.050,30.000,0.200,4.000,1.000
41.890,39.800,37.420,39.660,42.000,41.890,0.110,3.000,0.025,0.000,0.320,10.730,0.000,11.050,30.000,0.200,4.000,1.000
41.890,39.780,37.410,39.660,42.000,41.890,0.110,3.000,0.025,0.000,0.320,10.730,0.000,11.050,30.000,0.200,4.000,1.000
41.880,39.780,37.420,39.660,42.000,41.880,0.120,3.000,0.025,0.000,0.360,10.730,0.000,11.090,30.000,0.200,4.000,1.000
41.880,39.780,37.410,39.650,42.000,41.880,0.120,3.000,0.025,0.000,0.350,10.730,0.000,11.080,30.000,0.200,4.000,1.000
41.880,39.770,37.410,39.660,42.000,41.880,0.120,3.000,0.025,0.000,0.350,10.730,0.000,11.080,30.000,0.200,4.000,1.000
41.880,39.770,37.410,39.660,42.000,41.880,0.120,3.000,0.025,0.000,0.360,10.730,0.000,11.090,30.000,0.200,4.000,1.000
41.880,39.770,37.410,39.650,42.000,41.880,0.120,3.000,0.025,0.000,0.360,10.730,0.000,11.090,30.000,0.200,4.000,1.000
41.880,39.760,37.410,39.650,42.000,41.880,0.120,3.000,0.025,0.000,0.360,10.730,0.000,11.100,30.000,0.200,4.000,1.000
41.870,39.760,37.410,39.650,42.000,41.870,0.130,3.000,0.025,0.000,0.390,10.730,0.000,11.120,30.000,0.200,4.000,1.000
41.880,39.760,37.410,39.640,42.000,41.880,0.120,3.000,0.025,0.000,0.360,10.730,0.000,11.100,30.000,0.200,4.000,1.000
41.880,39.760,37.400,39.650,42.000,41.880,0.120,3.000,0.025,0.000,0.360,10.730,0.000,11.100,30.000,0.200,4.000,1.000
41.860,39.750,37.410,39.650,42.000,41.860,0.140,3.000,0.025,0.000,0.410,10.740,0.000,11.150,30.000,0.200,4.000,1.000
41.860,39.750,37.410,39.640,42.000,41.860,0.140,3.000,0.025,0.000,0.420,10.740,0.000,11.160,30.000,0.200,4.000,1.000
41.860,39.750,37.400,39.650,42.000,41.860,0.140,3.000,0.025,0.000,0.420,10.740,0.000,11.160,30.000,0.200,4.000,1.000
41.850,39.750,37.400,39.650,42.000,41.850,0.150,3.000,0.025,0.000,0.450,10.740,0.000,11.190,30.000,0.200,4.000,1.000
41.860,39.750,37.400,39.640,42.000,41.860,0.140,3.000,0.025,0.000,0.430,10.740,0.000,11.170,30.000,0.200,4.000,1.000
41.850,39.740,37.400,39.640,42.000,41.850,0.150,3.000,0.025,0.000,0.440,10.740,0.000,11.180,30.000,0.200,4.000,1.000
41.850,39.750,37.410,39.650,42.000,41.850,0.150,3.000,0.025,0.000,0.440,10.740,0.000,11.180,30.000,0.200,4.000,1.000
41.860,39.750,37.400,39.640,42.000,41.860,0.140,3.000,0.025,0.000,0.410,10.740,0.000,11.150,30.000,0.200,4.000,1.000
41.860,39.740,37.390,39.650,42.000,41.860,0.140,3.000,0.025,0.000,0.410,10.740,0.000,11.150,30.000,0.200,4.000,1.000
41.860,39.750,37.410,39.640,42.000,41.860,0.140,3.000,0.025,0.000,0.420,10.740,0.000,11.160,30.000,0.200,4.000,1.000
41.870,39.750,37.400,39.640,42.000,41.870,0.130,3.000,0.025,0.000,0.380,10.740,0.000,11.120,30.000,0.200,4.000,1.000
41.880,39.740,37.400,39.650,42.000,41.880,0.120,3.000,0.025,0.000,0.370,10.740,0.000,11.110,30.000,0.200,4.000,1.000
41.870,39.740,37.400,39.640,42.000,41.870,0.130,3.000,0.025,0.000,0.380,10.740,0.000,11.120,30.000,0.200,4.000,1.000
41.880,39.740,37.390,39.640,42.000,41.880,0.120,3.000,0.025,0.000,0.350,10.740,0.000,11.090,30.000,0.200,4.000,1.000
41.890,39.720,37.400,39.650,42.000,41.890,0.110,3.000,0.025,0.000,0.340,10.750,0.000,11.090,30.000,0.200,4.000,1.000
41.880,39.730,37.400,39.640,42.000,41.880,0.120,3.000,0.025,0.000,0.350,10.750,0.000,11.100,30.000,0.200,4.000,1.000
41.890,39.730,37.390,39.640,42.000,41.890,0.110,3.000,0.025,0.000,0.330,10.750,0.000,11.080,30.000,0.200,4.000,1.000
41.890,39.710,37.400,39.650,42.000,41.890,0.110,3.000,0.025,0.000,0.340,10.750,0.000,11.080,30.000,0.200,4.000,1.000
41.880,39.720,37.400,39.640,42.000,41.880,0.120,3.000,0.025,0.000,0.350,10.750,0.000,11.090,30.000,0.200,4.000,1.000
41.890,39.710,37.390,39.640,42.000,41.890,0.110,3.000,0.025,0.000,0.340,10.750,0.000,11.090,30.000,0.200,4.000,1.000
41.880,39.700,37.390,39.650,42.000,41.880,0.120,3.000,0.025,0.000,0.360,10.750,0.000,11.110,30.000,0.200,4.000,1.000
41.880,39.700,37.390,39.640,42.000,41.880,0.120,3.000,0.025,0.000,0.350,10.750,0.000,11.100,30.000,0.200,4.000,1.000
41.880,39.700,37.390,39.640,42.000,41.880,0.120,3.000,0.025,0.000,0.350,10.750,0.000,11.100,30.000,0.200,4.000,1.000
41.870,39.690,37.390,39.650,42.000,41.870,0.130,3.000,0.025,0.000,0.380,10.750,0.000,11.130,30.000,0.200,4.000,1.000
41.880,39.680,37.400,39.640,42.000,41.880,0.120,3.000,0.025,0.000,0.370,10.750,0.000,11.130,30.000,0.200,4.000,1.000
41.880,39.690,37.390,39.640,42.000,41.880,0.120,3.000,0.025,0.000,0.360,10.750,0.000,11.120,30.000,0.200,4.000,1.000
41.870,39.670,37.390,39.650,42.000,41.870,0.130,3.000,0.025,0.000,0.380,10.750,0.000,11.130,30.000,0.200,4.000,1.000
41.870,39.680,37.390,39.640,42.000,41.870,0.130,3.000,0.025,0.000,0.380,10.750,0.000,11.140,30.000,0.200,4.000,1.000
41.880,39.680,37.390,39.640,42.000,41.880,0.120,3.000,0.025,0.000,0.370,10.750,0.000,11.120,30.000,0.200,4.000,1.000
41.870,39.660,37.390,39.650,42.000,41.870,0.130,3.000,0.025,0.000,0.400,10.750,0.000,11.150,30.000,0.200,4.000,1.000
41.870,39.660,37.390,39.640,42.000,41.870,0.130,3.000,0.025,0.000,0.400,10.750,0.000,11.160,30.000,0.200,4.000,1.000
41.870,39.660,37.390,39.640,42.000,41.870,0.130,3.000,0.025,0.000,0.400,10.760,0.000,11.150,30.000,0.200,4.000,1.000
41.860,39.650,37.390,39.650,42.000,41.860,0.140,3.000,0.025,0.000,0.430,10.760,0.000,11.180,30.000,0.200,4.000,1.000
41.840,39.650,37.390,39.640,42.000,41.840,0.160,3.000,0.025,0.000,0.470,10.760,0.000,11.220,30.000,0.200,4.000,1.000
41.840,39.640,37.390,39.640,42.000,41.840,0.160,3.000,0.025,0.000,0.470,10.760,0.000,11.230,30.000,0.200,4.000,1.000
41.830,39.630,37.390,39.640,42.000,41.830,0.170,3.000,0.025,0.000,0.520,10.760,0.000,11.270,30.000,0.200,4.000,1.000
41.820,39.630,37.400,39.640,42.000,41.820,0.180,3.000,0.025,0.000,0.530,10.760,0.000,11.290,30.000,0.200,4.000,1.000
41.820,39.620,37.390,39.640,42.000,41.820,0.180,3.000,0.025,0.000,0.530,10.760,0.000,11.290,30.000,0.200,4.000,1.000
41.810,39.610,37.400,39.640,42.000,41.810,0.190,3.000,0.025,0.000,0.560,10.760,0.000,11.320,30.000,0.200,4.000,1.000
41.810,39.610,37.390,39.640,42.000,41.810,0.190,3.000,0.025,0.000,0.570,10.760,0.000,11.330,30.000,0.200,4.000,1.000
41.800,39.590,37.390,39.640,42.000,41.800,0.200,3.000,0.025,0.000,0.600,10.760,0.000,11.360,30.000,0.200,4.000,1.000
41.790,39.580,37.400,39.640,42.000,41.790,0.210,3.000,0.025,0.000,0.630,10.760,0.000,11.390,30.000,0.200,4.000,1.000
41.790,39.580,37.400,39.630,42.000,41.790,0.210,3.000,0.025,0.000,0.640,10.770,0.000,11.400,30.000,0.200,4.000,1.000
41.780,39.560,37.390,39.650,42.000,41.780,0.220,3.000,0.025,0.000,0.660,10.770,0.000,11.430,30.000,0.200,4.000,1.000
41.770,39.550,37.390,39.640,42.000,41.770,0.230,3.000,0.025,0.000,0.700,10.770,0.000,11.470,30.000,0.200,4.000,1.000
41.770,39.550,37.390,39.640,42.000,41.770,0.230,3.000,0.025,0.000,0.690,10.770,0.000,11.460,30.000,0.200,4.000,1.000
41.770,39.540,37.390,39.650,42.000,41.770,0.230,3.000,0.025,0.000,0.700,10.770,0.000,11.470,30.000,0.200,4.000,1.000
41.760,39.530,37.400,39.630,42.000,41.760,0.240,3.000,0.025,0.000,0.720,10.770,0.000,11.490,30.000,0.200,4.000,1.000
41.770,39.530,37.390,39.640,42.000,41.770,0.230,3.000,0.025,0.000,0.700,10.770,0.000,11.470,30.000,0.200,4.000,1.000
41.760,39.510,37.390,39.650,42.000,41.760,0.240,3.000,0.025,0.000,0.720,10.770,0.000,11.500,30.000,0.200,4.000,1.000
41.760,39.510,37.400,39.640,42.000,41.760,0.240,3.000,0.025,0.000,0.730,10.770,0.000,11.510,30.000,0.200,4.000,1.000
41.770,39.510,37.390,39.640,42.000,41.770,0.230,3.000,0.025,0.000,0.700,10.780,0.000,11.470,30.000,0.200,4.000,1.000
41.760,39.490,37.400,39.650,42.000,41.760,0.240,3.000,0.025,0.000,0.720,10.780,0.000,11.490,30.000,0.200,4.000,1.000
41.750,39.490,37.400,39.650,42.000,41.750,0.250,3.000,0.025,0.000,0.740,10.780,0.000,11.520,30.000,0.200,4.000,1.000
41.760,39.490,37.400,39.640,42.000,41.760,0.240,3.000,0.025,0.000,0.720,10.780,0.000,11.500,30.000,0.200,4.000,1.000
41.750,39.480,37.400,39.650,42.000,41.750,0.250,3.000,0.025,0.000,0.750,10.780,0.000,11.530,30.000,0.200,4.000,1.000
41.740,39.480,37.400,39.640,42.000,41.740,0.260,3.000,0.025,0.000,0.770,10.780,0.000,11.550,30.000,0.200,4.000,1.000
41.740,39.470,37.400,39.640,42.000,41.740,0.260,3.000,0.025,0.000,0.770,10.780,0.000,11.550,30.000,0.200,4.000,1.000
41.740,39.460,37.400,39.650,42.000,41.740,0.260,3.000,0.025,0.000,0.780,10.780,0.000,11.570,30.000,0.200,4.000,1.000
41.740,39.460,37.410,39.650,42.000,41.740,0.260,3.000,0.025,0.000,0.790,10.790,0.000,11.580,30.000,0.200,4.000,1.000
41.740,39.460,37.400,39.640,42.000,41.740,0.260,3.000,0.025,0.000,0.780,10.790,0.000,11.560,30.000,0.200,4.000,1.000
41.740,39.450,37.400,39.650,42.000,41.740,0.260,3.000,0.025,0.000,0.790,10.790,0.000,11.570,30.000,0.200,4.000,1.000
41.740,39.440,37.410,39.650,42.000,41.740,0.260,3.000,0.025,0.000,0.790,10.790,0.000,11.580,30.000,0.200,4.000,1.000
41.750,39.440,37.400,39.650,42.000,41.750,0.250,3.000,0.025,0.000,0.760,10.790,0.000,11.550,30.000,0.200,4.000,1.000
41.750,39.420,37.400,39.650,42.000,41.750,0.250,3.000,0.025,0.000,0.760,10.790,0.000,11.550,30.000,0.200,4.000,1.000
41.750,39.420,37.410,39.650,42.000,41.750,0.250,3.000,0.025,0.000,0.750,10.790,0.000,11.550,30.000,0.200,4.000,1.000
41.760,39.410,37.400,39.640,42.000,41.760,0.240,3.000,0.025,0.000,0.710,10.790,0.000,11.500,30.000,0.200,4.000,1.000
41.770,39.400,37.400,39.650,42.000,41.770,0.230,3.000,0.025,0.000,0.700,10.800,0.000,11.490,30.000,0.200,4.000,1.000
41.770,39.400,37.410,39.650,42.000,41.770,0.230,3.000,0.025,0.000,0.680,10.800,0.000,11.470,30.000,0.200,4.000,1.000
41.790,39.390,37.400,39.650,42.000,41.790,0.210,3.000,0.025,0.000,0.630,10.800,0.000,11.430,30.000,0.200,4.000,1.000
41.790,39.380,37.410,39.660,42.000,41.790,0.210,3.000,0.025,0.000,0.620,10.800,0.000,11.420,30.000,0.200,4.000,1.000
41.800,39.380,37.420,39.650,42.000,41.800,0.200,3.000,0.025,0.000,0.590,10.800,0.000,11.390,30.000,0.200,4.000,1.000
41.820,39.380,37.410,39.650,42.000,41.820,0.180,3.000,0.025,0.000,0.540,10.800,0.000,11.340,30.000,0.200,4.000,1.000
41.820,39.370,37.420,39.660,42.000,41.820,0.180,3.000,0.025,0.000,0.530,10.800,0.000,11.330,30.000,0.200,4.000,1.000
41.840,39.380,37.410,39.650,42.000,41.840,0.160,3.000,0.025,0.000,0.480,10.800,0.000,11.280,30.000,0.200,4.000,1.000
41.850,39.380,37.410,39.660,42.000,41.850,0.150,3.000,0.025,0.000,0.450,10.800,0.000,11.250,30.000,0.200,4.000,1.000
41.850,39.380,37.420,39.660,42.000,41.850,0.150,3.000,0.025,0.000,0.440,10.800,0.000,11.240,30.000,0.200,4.000,1.000
41.870,39.390,37.410,39.660,42.000,41.870,0.130,3.000,0.025,0.000,0.380,10.800,0.000,11.180,30.000,0.200,4.000,1.000
41.890,39.380,37.410,39.670,42.000,41.890,0.110,3.000,0.025,0.000,0.340,10.810,0.000,11.150,30.000,0.200,4.000,1.000
41.890,39.380,37.420,39.660,42.000,41.890,0.110,3.000,0.025,0.000,0.330,10.810,0.000,11.130,30.000,0.200,4.000,1.000
41.910,39.380,37.410,39.660,42.000,41.910,0.090,3.000,0.025,0.000,0.280,10.810,0.000,11.090,30.000,0.200,4.000,1.000
41.920,39.380,37.420,39.670,42.000,41.920,0.080,3.000,0.025,0.000,0.240,10.810,0.000,11.050,30.000,0.200,4.000,1.000
41.930,39.390,37.420,39.660,42.000,41.930,0.070,3.000,0.025,0.000,0.220,10.810,0.000,11.030,30.000,0.200,4.000,1.000
41.940,39.390,37.420,39.670,42.000,41.940,0.060,3.000,0.025,0.000,0.170,10.810,0.000,10.980,30.000,0.200,4.000,1.000
41.950,39.380,37.420,39.670,42.000,41.950,0.050,3.000,0.025,0.000,0.150,10.810,0.000,10.960,30.000,0.200,4.000,1.000
41.960,39.390,37.420,39.660,42.000,41.960,0.040,3.000,0.025,0.000,0.120,10.810,0.000,10.920,30.000,0.200,4.000,1.000
41.970,39.390,37.420,39.670,42.000,41.970,0.030,3.000,0.025,0.000,0.090,10.810,0.000,10.900,30.000,0.200,4.000,1.000
41.980,39.390,37.420,39.670,42.000,41.980,0.020,3.000,0.025,0.000,0.060,10.810,0.000,10.870,30.000,0.200,4.000,1.000
41.980,39.400,37.430,39.670,42.000,41.980,0.020,3.000,0.025,0.000,0.060,10.810,0.000,10.860,30.000,0.200,4.000,1.000
42.000,39.390,37.420,39.670,42.000,42.000,0.000,3.000,0.025,0.000,0.010,10.810,0.000,10.810,30.000,0.200,4.000,1.000
41.990,39.390,37.430,39.670,42.000,41.990,0.010,3.000,0.025,0.000,0.020,10.810,0.000,10.830,30.000,0.200,4.000,1.000
42.010,39.400,37.420,39.670,42.000,42.010,-0.010,3.000,0.025,0.000,-0.020,10.810,0.000,10.790,30.000,0.200,4.000,1.000
42.010,39.400,37.430,39.680,42.000,42.010,-0.010,3.000,0.025,0.000,-0.040,10.810,0.000,10.770,30.000,0.200,4.000,1.000
42.010,39.400,37.430,39.680,42.000,42.010,-0.010,3.000,0.025,0.000,-0.040,10.810,0.000,10.770,30.000,0.200,4.000,1.000
42.030,39.410,37.420,39.670,42.000,42.030,-0.030,3.000,0.025,0.000,-0.090,10.810,0.000,10.720,30.000,0.200,4.000,1.000
42.030,39.410,37.420,39.680,42.000,42.030,-0.030,3.000,0.025,0.000,-0.090,10.810,0.000,10.720,30.000,0.200,4.000,1.000
42.030,39.410,37.430,39.680,42.000,42.030,-0.030,3.000,0.025,0.000,-0.090,10.810,0.000,10.710,30.000,0.200,4.000,1.000
42.040,39.420,37.430,39.680,42.000,42.040,-0.040,3.000,0.025,0.000,-0.130,10.810,0.000,10.670,30.000,0.200,4.000,1.000
42.040,39.420,37.430,39.680,42.000,42.040,-0.040,3.000,0.025,0.000,-0.120,10.810,0.000,10.680,30.000,0.200,4.000,1.000
42.050,39.430,37.430,39.670,42.000,42.050,-0.050,3.000,0.025,0.000,-0.160,10.810,0.000,10.640,30.000,0.200,4.000,1.000
42.060,39.430,37.430,39.680,42.000,42.060,-0.060,3.000,0.025,0.000,-0.170,10.810,0.000,10.630,30.000,0.200,4.000,1.000
42.060,39.430,37.430,39.670,42.000,42.060,-0.060,3.000,0.025,0.000,-0.170,10.810,0.000,10.630,30.000,0.200,4.000,1.000
42.060,39.440,37.430,39.670,42.000,42.060,-0.060,3.000,0.025,0.000,-0.180,10.810,0.000,10.620,30.000,0.200,4.000,1.000
42.060,39.440,37.430,39.680,42.000,42.060,-0.060,3.000,0.025,0.000,-0.190,10.810,0.000,10.610,30.000,0.200,4.000,1.000
42.060,39.450,37.430,39.680,42.000,42.060,-0.060,3.000,0.025,0.000,-0.190,10.810,0.000,10.620,30.000,0.200,4.000,1.000
42.070,39.460,37.430,39.680,42.000,42.070,-0.070,3.000,0.025,0.000,-0.200,10.810,0.000,10.610,30.000,0.200,4.000,1.000
42.050,39.450,37.430,39.680,42.000,42.050,-0.050,3.000,0.025,0.000,-0.160,10.800,0.000,10.640,30.000,0.200,4.000,1.000
42.050,39.470,37.430,39.680,42.000,42.050,-0.050,3.000,0.025,0.000,-0.150,10.800,0.000,10.660,30.000,0.200,4.000,1.000
42.040,39.470,37.430,39.690,42.000,42.040,-0.040,3.000,0.025,0.000,-0.130,10.800,0.000,10.680,30.000,0.200,4.000,1.000
42.030,39.470,37.430,39.680,42.000,42.030,-0.030,3.000,0.025,0.000,-0.100,10.800,0.000,10.700,30.000,0.200,4.000,1.000
42.030,39.480,37.430,39.680,42.000,42.030,-0.030,3.000,0.025,0.000,-0.100,10.800,0.000,10.710,30.000,0.200,4.000,1.000
42.020,39.470,37.430,39.680,42.000,42.020,-0.020,3.000,0.025,0.000,-0.070,10.800,0.000,10.730,30.000,0.200,4.000,1.000
42.010,39.490,37.430,39.680,42.000,42.010,-0.010,3.000,0.025,0.000,-0.040,10.800,0.000,10.770,30.000,0.200,4.000,1.000
42.010,39.480,37.430,39.680,42.000,42.010,-0.010,3.000,0.025,0.000,-0.020,10.800,0.000,10.790,30.000,0.200,4.000,1.000
41.990,39.480,37.440,39.680,42.000,41.990,0.010,3.000,0.025,0.000,0.030,10.800,0.000,10.840,30.000,0.200,4.000,1.000
41.980,39.490,37.430,39.680,42.000,41.980,0.020,3.000,0.025,0.000,0.060,10.800,0.000,10.870,30.000,0.200,4.000,1.000
41.970,39.480,37.430,39.680,42.000,41.970,0.030,3.000,0.025,0.000,0.090,10.800,0.000,10.890,30.000,0.200,4.000,1.000
41.960,39.480,37.440,39.680,42.000,41.960,0.040,3.000,0.025,0.000,0.120,10.800,0.000,10.930,30.000,0.200,4.000,1.000
41.970,39.490,37.430,39.680,42.000,41.970,0.030,3.000,0.025,0.000,0.100,10.800,0.000,10.910,30.000,0.200,4.000,1.000
41.960,39.480,37.430,39.680,42.000,41.960,0.040,3.000,0.025,0.000,0.130,10.800,0.000,10.930,30.000,0.200,4.000,1.000
41.960,39.480,37.430,39.670,42.000,41.960,0.040,3.000,0.025,0.000,0.120,10.800,0.000,10.930,30.000,0.200,4.000,1.000
41.960,39.470,37.430,39.680,42.000,41.960,0.040,3.000,0.025,0.000,0.120,10.810,0.000,10.920,30.000,0.200,4.000,1.000
41.950,39.480,37.430,39.670,42.000,41.950,0.050,3.000,0.025,0.000,0.140,10.810,0.000,10.950,30.000,0.200,4.000,1.000
41.960,39.480,37.430,39.670,42.000,41.960,0.040,3.000,0.025,0.000,0.120,10.810,0.000,10.920,30.000,0.200,4.000,1.000
41.950,39.470,37.430,39.670,42.000,41.950,0.050,3.000,0.025,0.000,0.150,10.810,0.000,10.960,30.000,0.200,4.000,1.000
41.950,39.480,37.430,39.670,42.000,41.950,0.050,3.000,0.025,0.000,0.160,10.810,0.000,10.970,30.000,0.200,4.000,1.000
41.950,39.460,37.430,39.680,42.000,41.950,0.050,3.000,0.025,0.000,0.160,10.810,0.000,10.970,30.000,0.200,4.000,1.000
41.930,39.460,37.430,39.670,42.000,41.930,0.070,3.000,0.025,0.000,0.210,10.810,0.000,11.020,30.000,0.200,4.000,1.000
41.930,39.460,37.420,39.670,42.000,41.930,0.070,3.000,0.025,0.000,0.200,10.810,0.000,11.010,30.000,0.200,4.000,1.000
41.920,39.450,37.430,39.680,42.000,41.920,0.080,3.000,0.025,0.000,0.240,10.810,0.000,11.040,30.000,0.200,4.000,1.000
41.910,39.460,37.430,39.660,42.000,41.910,0.090,3.000,0.025,0.000,0.270,10.810,0.000,11.080,30.000,0.200,4.000,1.000
41.910,39.450,37.420,39.670,42.000,41.910,0.090,3.000,0.025,0.000,0.280,10.810,0.000,11.090,30.000,0.200,4.000,1.000
41.890,39.450,37.430,39.670,42.000,41.890,0.110,3.000,0.025,0.000,0.340,10.810,0.000,11.150,30.000,0.200,4.000,1.000
41.890,39.450,37.420,39.670,42.000,41.890,0.110,3.000,0.025,0.000,0.330,10.810,0.000,11.140,30.000,0.200,4.000,1.000
41.880,39.430,37.420,39.670,42.000,41.880,0.120,3.000,0.025,0.000,0.360,10.810,0.000,11.170,30.000,0.200,4.000,1.000
41.860,39.440,37.430,39.660,42.000,41.860,0.140,3.000,0.025,0.000,0.420,10.810,0.000,11.230,30.000,0.200,4.000,1.000
41.850,39.430,37.420,39.670,42.000,41.850,0.150,3.000,0.025,0.000,0.450,10.810,0.000,11.260,30.000,0.200,4.000,1.000
41.830,39.420,37.420,39.670,42.000,41.830,0.170,3.000,0.025,0.000,0.520,10.810,0.000,11.330,30.000,0.200,4.000,1.000
41.820,39.430,37.420,39.660,42.000,41.820,0.180,3.000,0.025,0.000,0.530,10.810,0.000,11.340,30.000,0.200,4.000,1.000
41.800,39.410,37.420,39.670,42.000,41.800,0.200,3.000,0.025,0.000,0.600,10.810,0.000,11.420,30.000,0.200,4.000,1.000
