I0,I1,I2,I3,I4,I5,I6,I7,I8,I9,I10,I11,I12,I13,I14,I15,I16,I17
35.730,34.210,33.450,34.770,42.000,35.730,6.270,3.000,0.025,0.000,18.810,5.560,0.000,24.370,30.000,0.200,4.000,1.000
35.730,34.220,33.450,34.750,42.000,35.730,6.270,3.000,0.025,0.000,18.820,5.590,0.000,24.420,30.000,0.200,4.000,1.000
35.720,34.210,33.430,34.740,42.000,35.720,6.280,3.000,0.025,0.000,18.830,5.620,0.000,24.460,30.000,0.200,4.000,1.000
35.710,34.200,33.430,34.750,42.000,35.710,6.290,3.000,0.025,0.000,18.880,5.660,0.000,24.540,30.000,0.200,4.000,1.000
35.700,34.200,33.420,34.730,42.000,35.700,6.300,3.000,0.025,0.000,18.910,5.690,0.000,24.600,30.000,0.200,4.000,1.000
35.700,34.190,33.410,34.720,42.000,35.700,6.300,3.000,0.025,0.000,18.910,5.720,0.000,24.630,30.000,0.200,4.000,1.000
35.680,34.180,33.420,34.730,42.000,35.680,6.320,3.000,0.025,0.000,18.950,5.750,0.000,24.700,30.000,0.200,4.000,1.000
35.680,34.180,33.430,34.720,42.000,35.680,6.320,3.000,0.025,0.000,18.970,5.780,0.000,24.750,30.000,0.200,4.000,1.000
35.670,34.170,33.410,34.730,42.000,35.670,6.330,3.000,0.025,0.000,18.980,5.810,0.000,24.790,30.000,0.200,4.000,1.000
35.660,34.160,33.420,34.730,42.000,35.660,6.340,3.000,0.025,0.000,19.010,5.850,0.000,24.850,30.000,0.200,4.000,1.000
35.660,34.160,33.440,34.720,42.000,35.660,6.340,3.000,0.025,0.000,19.020,5.880,0.000,24.900,30.000,0.200,4.000,1.000
35.660,34.150,33.440,34.740,42.000,35.660,6.340,3.000,0.025,0.000,19.010,5.910,0.000,24.920,30.000,0.200,4.000,1.000
35.650,34.140,33.460,34.750,42.000,35.650,6.350,3.000,0.025,0.000,19.050,5.940,0.000,24.990,30.000,0.200,4.000,1.000
35.650,34.140,33.470,34.750,42.000,35.650,6.350,3.000,0.025,0.000,19.040,5.970,0.000,25.020,30.000,0.200,4.000,1.000
35.650,34.130,33.480,34.770,42.000,35.650,6.350,3.000,0.025,0.000,19.060,6.000,0.000,25.060,30.000,0.200,4.000,1.000
35.640,34.120,33.500,34.790,42.000,35.640,6.360,3.000,0.025,0.000,19.090,6.040,0.000,25.130,30.000,0.200,4.000,1.000
35.640,34.120,33.520,34.800,42.000,35.640,6.360,3.000,0.025,0.000,19.070,6.070,0.000,25.130,30.000,0.200,4.000,1.000
35.640,34.110,33.540,34.830,42.000,35.640,6.360,3.000,0.025,0.000,19.070,6.100,0.000,25.170,30.000,0.200,4.000,1.000
35.640,34.110,33.570,34.850,42.000,35.640,6.360,3.000,0.025,0.000,19.080,6.130,0.000,25.210,30.000,0.200,4.000,1.000
35.650,34.110,33.590,34.870,42.000,35.650,6.350,3.000,0.025,0.000,19.040,6.160,0.000,25.200,30.000,0.200,4.000,1.000
35.660,34.100,33.620,34.900,42.000,35.660,6.340,3.000,0.025,0.000,19.030,6.200,0.000,25.220,30.000,0.200,4.000,1.000
35.670,34.110,33.650,34.920,42.000,35.670,6.330,3.000,0.025,0.000,19.000,6.230,0.000,25.230,30.000,0.200,4.000,1.000
35.680,34.110,33.670,34.950,42.000,35.680,6.320,3.000,0.025,0.000,18.950,6.260,0.000,25.210,30.000,0.200,4.000,1.000
35.690,34.100,33.710,34.990,42.000,35.690,6.310,3.000,0.025,0.000,18.930,6.290,0.000,25.220,30.000,0.200,4.000,1.000
35.700,34.120,33.740,35.010,42.000,35.700,6.300,3.000,0.025,0.000,18.890,6.320,0.000,25.210,30.000,0.200,4.000,1.000
35.720,34.110,33.770,35.050,42.000,35.720,6.280,3.000,0.025,0.000,18.850,6.350,0.000,25.210,30.000,0.200,4.000,1.000
35.720,34.110,33.810,35.080,42.000,35.720,6.280,3.000,0.025,0.000,18.830,6.380,0.000,25.220,30.000,0.200,4.000,1.000
35.740,34.130,33.840,35.110,42.000,35.740,6.260,3.000,0.025,0.000,18.780,6.420,0.000,25.200,30.000,0.200,4.000,1.000
35.750,34.120,33.880,35.160,42.000,35.750,6.250,3.000,0.025,0.000,18.760,6.450,0.000,25.210,30.000,0.200,4.000,1.000
35.760,34.130,33.920,35.190,42.000,35.760,6.240,3.000,0.025,0.000,18.720,6.480,0.000,25.200,30.000,0.200,4.000,1.000
35.780,34.140,33.950,35.230,42.000,35.780,6.220,3.000,0.025,0.000,18.660,6.510,0.000,25.170,30.000,0.200,4.000,1.000
35.790,34.130,34.000,35.280,42.000,35.790,6.210,3.000,0.025,0.000,18.640,6.540,0.000,25.180,30.000,0.200,4.000,1.000
35.810,34.150,34.040,35.310,42.000,35.810,6.190,3.000,0.025,0.000,18.570,6.570,0.000,25.140,30.000,0.200,4.000,1.000
35.840,34.160,34.080,35.360,42.000,35.840,6.160,3.000,0.025,0.000,18.490,6.600,0.000,25.090,30.000,0.200,4.000,1.000
35.850,34.160,34.130,35.400,42.000,35.850,6.150,3.000,0.025,0.000,18.450,6.630,0.000,25.080,30.000,0.200,4.000,1.000
35.890,34.190,34.160,35.440,42.000,35.890,6.110,3.000,0.025,0.000,18.330,6.660,0.000,25.000,30.000,0.200,4.000,1.000
35.910,34.190,34.210,35.500,42.000,35.910,6.090,3.000,0.025,0.000,18.280,6.690,0.000,24.980,30.000,0.200,4.000,1.000
35.930,34.210,34.260,35.540,42.000,35.930,6.070,3.000,0.025,0.000,18.210,6.720,0.000,24.940,30.000,0.200,4.000,1.000
35.970,34.220,34.290,35.590,42.000,35.970,6.030,3.000,0.025,0.000,18.090,6.750,0.000,24.850,30.000,0.200,4.000,1.000
35.990,34.240,34.350,35.640,42.000,35.990,6.010,3.000,0.025,0.000,18.040,6.780,0.000,24.820,30.000,0.200,4.000,1.000
36.030,34.260,34.400,35.680,42.000,36.030,5.970,3.000,0.025,0.000,17.910,6.810,0.000,24.720,30.000,0.200,4.000,1.000
36.060,34.270,34.440,35.750,42.000,36.060,5.940,3.000,0.025,0.000,17.810,6.840,0.000,24.660,30.000,0.200,4.000,1.000
36.090,34.300,34.500,35.790,42.000,36.090,5.910,3.000,0.025,0.000,17.740,6.870,0.000,24.610,30.000,0.200,4.000,1.000
36.140,34.330,34.530,35.840,42.000,36.140,5.860,3.000,0.025,0.000,17.580,6.900,0.000,24.480,30.000,0.200,4.000,1.000
36.170,34.340,34.590,35.900,42.000,36.170,5.830,3.000,0.025,0.000,17.480,6.930,0.000,24.410,30.000,0.200,4.000,1.000
36.210,34.380,34.640,35.940,42.000,36.210,5.790,3.000,0.025,0.000,17.360,6.960,0.000,24.320,30.000,0.200,4.000,1.000
36.260,34.400,34.680,36.000,42.000,36.260,5.740,3.000,0.025,0.000,17.230,6.990,0.000,24.210,30.000,0.200,4.000,1.000
36.290,34.430,34.750,36.050,42.000,36.290,5.710,3.000,0.025,0.000,17.120,7.020,0.000,24.140,30.000,0.200,4.000,1.000
36.340,34.470,34.780,36.110,42.000,36.340,5.660,3.000,0.025,0.000,16.980,7.050,0.000,24.020,30.000,0.200,4.000,1.000
36.370,34.480,34.840,36.180,42.000,36.370,5.630,3.000,0.025,0.000,16.880,7.070,0.000,23.950,30.000,0.200,4.000,1.000
36.420,34.530,34.890,36.220,42.000,36.420,5.580,3.000,0.025,0.000,16.740,7.100,0.000,23.840,30.000,0.200,4.000,1.000
36.470,34.550,34.940,36.290,42.000,36.470,5.530,3.000,0.025,0.000,16.580,7.130,0.000,23.710,30.000,0.200,4.000,1.000
36.510,34.580,35.000,36.340,42.000,36.510,5.490,3.000,0.025,0.000,16.470,7.160,0.000,23.620,30.000,0.200,4.000,1.000
36.570,34.620,35.040,36.400,42.000,36.570,5.430,3.000,0.025,0.000,16.280,7.180,0.000,23.470,30.000,0.200,4.000,1.000
36.610,34.640,35.100,36.450,42.000,36.610,5.390,3.000,0.025,0.000,16.170,7.210,0.000,23.380,30.000,0.200,4.000,1.000
36.670,34.690,35.160,36.510,42.000,36.670,5.330,3.000,0.025,0.000,15.990,7.240,0.000,23.220,30.000,0.200,4.000,1.000
36.730,34.720,35.200,36.570,42.000,36.730,5.270,3.000,0.025,0.000,15.820,7.260,0.000,23.090,30.000,0.200,4.000,1.000
36.770,34.760,35.260,36.620,42.000,36.770,5.230,3.000,0.025,0.000,15.690,7.290,0.000,22.980,30.000,0.200,4.000,1.000
36.840,34.800,35.310,36.690,42.000,36.840,5.160,3.000,0.025,0.000,15.480,7.320,0.000,22.800,30.000,0.200,4.000,1.000
36.880,34.830,35.370,36.750,42.000,36.880,5.120,3.000,0.025,0.000,15.370,7.340,0.000,22.710,30.000,0.200,4.000,1.000
36.940,34.870,35.410,36.800,42.000,36.940,5.060,3.000,0.025,0.000,15.180,7.370,0.000,22.550,30.000,0.200,4.000,1.000
36.990,34.890,35.470,36.870,42.000,36.990,5.010,3.000,0.025,0.000,15.040,7.390,0.000,22.430,30.000,0.200,4.000,1.000
37.040,34.930,35.520,36.920,42.000,37.040,4.960,3.000,0.025,0.000,14.880,7.420,0.000,22.300,30.000,0.200,4.000,1.000
37.100,34.960,35.570,36.990,42.000,37.100,4.900,3.000,0.025,0.000,14.700,7.440,0.000,22.140,30.000,0.200,4.000,1.000
37.140,35.000,35.640,37.040,42.000,37.140,4.860,3.000,0.025,0.000,14.570,7.470,0.000,22.040,30.000,0.200,4.000,1.000
37.210,35.050,35.680,37.100,42.000,37.210,4.790,3.000,0.025,0.000,14.370,7.490,0.000,21.860,30.000,0.200,4.000,1.000
37.260,35.080,35.740,37.160,42.000,37.260,4.740,3.000,0.025,0.000,14.230,7.510,0.000,21.750,30.000,0.200,4.000,1.000
37.320,35.130,35.780,37.220,42.000,37.320,4.680,3.000,0.025,0.000,14.050,7.540,0.000,21.590,30.000,0.200,4.000,1.000
37.370,35.160,35.840,37.290,42.000,37.370,4.630,3.000,0.025,0.000,13.880,7.560,0.000,21.440,30.000,0.200,4.000,1.000
37.430,35.220,35.890,37.340,42.000,37.430,4.570,3.000,0.025,0.000,13.710,7.580,0.000,21.290,30.000,0.200,4.000,1.000
37.490,35.260,35.940,37.400,42.000,37.490,4.510,3.000,0.025,0.000,13.520,7.610,0.000,21.130,30.000,0.200,4.000,1.000
37.550,35.300,36.000,37.460,42.000,37.550,4.450,3.000,0.025,0.000,13.350,7.630,0.000,20.980,30.000,0.200,4.000,1.000
37.620,35.340,36.040,37.520,42.000,37.620,4.380,3.000,0.025,0.000,13.130,7.650,0.000,20.780,30.000,0.200,4.000,1.000
37.680,35.390,36.100,37.580,42.000,37.680,4.320,3.000,0.025,0.000,12.970,7.670,0.000,20.640,30.000,0.200,4.000,1.000
37.740,35.440,36.150,37.640,42.000,37.740,4.260,3.000,0.025,0.000,12.770,7.690,0.000,20.460,30.000,0.200,4.000,1.000
37.800,35.470,36.200,37.710,42.000,37.800,4.200,3.000,0.025,0.000,12.600,7.710,0.000,20.310,30.000,0.200,4.000,1.000
37.870,35.530,36.250,37.750,42.000,37.870,4.130,3.000,0.025,0.000,12.390,7.730,0.000,20.120,30.000,0.200,4.000,1.000
37.930,35.570,36.310,37.820,42.000,37.930,4.070,3.000,0.025,0.000,12.210,7.750,0.000,19.970,30.000,0.200,4.000,1.000
37.990,35.620,36.360,37.870,42.000,37.990,4.010,3.000,0.025,0.000,12.020,7.770,0.000,19.790,30.000,0.200,4.000,1.000
38.060,35.660,36.400,37.940,42.000,38.060,3.940,3.000,0.025,0.000,11.810,7.790,0.000,19.610,30.000,0.200,4.000,1.000
38.130,35.720,36.460,37.990,42.000,38.130,3.870,3.000,0.025,0.000,11.620,7.810,0.000,19.430,30.000,0.200,4.000,1.000
38.190,35.760,36.500,38.060,42.000,38.190,3.810,3.000,0.025,0.000,11.420,7.830,0.000,19.250,30.000,0.200,4.000,1.000
38.260,35.820,36.550,38.110,42.000,38.260,3.740,3.000,0.025,0.000,11.230,7.850,0.000,19.080,30.000,0.200,4.000,1.000
38.330,35.860,36.590,38.170,42.000,38.330,3.670,3.000,0.025,0.000,11.020,7.870,0.000,18.890,30.000,0.200,4.000,1.000
38.390,35.920,36.650,38.220,42.000,38.390,3.610,3.000,0.025,0.000,10.840,7.890,0.000,18.730,30.000,0.200,4.000,1.000
38.460,35.960,36.690,38.280,42.000,38.460,3.540,3.000,0.025,0.000,10.630,7.910,0.000,18.540,30.000,0.200,4.000,1.000
38.510,36.010,36.740,38.340,42.000,38.510,3.490,3.000,0.025,0.000,10.470,7.920,0.000,18.390,30.000,0.200,4.000,1.000
38.580,36.050,36.780,38.400,42.000,38.580,3.420,3.000,0.025,0.000,10.260,7.940,0.000,18.200,30.000,0.200,4.000,1.000
38.640,36.100,36.830,38.450,42.000,38.640,3.360,3.000,0.025,0.000,10.090,7.960,0.000,18.040,30.000,0.200,4.000,1.000
38.700,36.150,36.870,38.510,42.000,38.700,3.300,3.000,0.025,0.000,9.890,7.970,0.000,17.870,30.000,0.200,4.000,1.000
38.760,36.190,36.920,38.570,42.000,38.760,3.240,3.000,0.025,0.000,9.720,7.990,0.000,17.710,30.000,0.200,4.000,1.000
38.830,36.240,36.960,38.610,42.000,38.830,3.170,3.000,0.025,0.000,9.520,8.010,0.000,17.520,30.000,0.200,4.000,1.000
38.880,36.280,37.010,38.670,42.000,38.880,3.120,3.000,0.025,0.000,9.360,8.020,0.000,17.380,30.000,0.200,4.000,1.000
38.940,36.330,37.050,38.720,42.000,38.940,3.060,3.000,0.025,0.000,9.170,8.040,0.000,17.210,30.000,0.200,4.000,1.000
39.000,36.370,37.100,38.780,42.000,39.000,3.000,3.000,0.025,0.000,9.010,8.050,0.000,17.060,30.000,0.200,4.000,1.000
39.050,36.420,37.140,38.830,42.000,39.050,2.950,3.000,0.025,0.000,8.850,8.070,0.000,16.920,30.000,0.200,4.000,1.000
39.110,36.470,37.180,38.880,42.000,39.110,2.890,3.000,0.025,0.000,8.670,8.080,0.000,16.750,30.000,0.200,4.000,1.000
39.160,36.530,37.230,38.930,42.000,39.160,2.840,3.000,0.025,0.000,8.520,8.090,0.000,16.620,30.000,0.200,4.000,1.000
39.220,36.580,37.260,38.980,42.000,39.220,2.780,3.000,0.025,0.000,8.330,8.110,0.000,16.440,30.000,0.200,4.000,1.000
39.270,36.620,37.310,39.030,42.000,39.270,2.730,3.000,0.025,0.000,8.190,8.120,0.000,16.310,30.000,0.200,4.000,1.000
39.330,36.670,37.350,39.080,42.000,39.330,2.670,3.000,0.025,0.000,8.010,8.140,0.000,16.140,30.000,0.200,4.000,1.000
39.380,36.720,37.390,39.140,42.000,39.380,2.620,3.000,0.025,0.000,7.870,8.150,0.000,16.020,30.000,0.200,4.000,1.000
39.440,36.770,37.430,39.180,42.000,39.440,2.560,3.000,0.025,0.000,7.690,8.160,0.000,15.850,30.000,0.200,4.000,1.000
39.480,36.810,37.470,39.230,42.000,39.480,2.520,3.000,0.025,0.000,7.560,8.170,0.000,15.740,30.000,0.200,4.000,1.000
39.530,36.870,37.510,39.280,42.000,39.530,2.470,3.000,0.025,0.000,7.400,8.190,0.000,15.590,30.000,0.200,4.000,1.000
39.580,36.910,37.550,39.330,42.000,39.580,2.420,3.000,0.025,0.000,7.270,8.200,0.000,15.470,30.000,0.200,4.000,1.000
39.630,36.960,37.580,39.370,42.000,39.630,2.370,3.000,0.025,0.000,7.120,8.210,0.000,15.330,30.000,0.200,4.000,1.000
39.670,37.000,37.620,39.420,42.000,39.670,2.330,3.000,0.025,0.000,6.980,8.220,0.000,15.200,30.000,0.200,4.000,1.000
39.720,37.060,37.660,39.470,42.000,39.720,2.280,3.000,0.025,0.000,6.830,8.230,0.000,15.070,30.000,0.200,4.000,1.000
39.780,37.090,37.690,39.520,42.000,39.780,2.220,3.000,0.025,0.000,6.650,8.240,0.000,14.890,30.000,0.200,4.000,1.000
39.830,37.130,37.740,39.560,42.000,39.830,2.170,3.000,0.025,0.000,6.520,8.260,0.000,14.780,30.000,0.200,4.000,1.000
39.880,37.180,37.770,39.600,42.000,39.880,2.120,3.000,0.025,0.000,6.360,8.270,0.000,14.630,30.000,0.200,4.000,1.000
39.920,37.220,37.800,39.660,42.000,39.920,2.080,3.000,0.025,0.000,6.230,8.280,0.000,14.500,30.000,0.200,4.000,1.000
39.980,37.270,37.840,39.690,42.000,39.980,2.020,3.000,0.025,0.000,6.070,8.290,0.000,14.360,30.000,0.200,4.000,1.000
40.020,37.300,37.870,39.740,42.000,40.020,1.980,3.000,0.025,0.000,5.940,8.300,0.000,14.240,30.000,0.200,4.000,1.000
40.060,37.350,37.920,39.780,42.000,40.060,1.940,3.000,0.025,0.000,5.810,8.310,0.000,14.120,30.000,0.200,4.000,1.000
40.110,37.390,37.940,39.820,42.000,40.110,1.890,3.000,0.025,0.000,5.660,8.320,0.000,13.970,30.000,0.200,4.000,1.000
40.160,37.430,37.980,39.860,42.000,40.160,1.840,3.000,0.025,0.000,5.530,8.320,0.000,13.850,30.000,0.200,4.000,1.000
40.220,37.470,38.000,39.900,42.000,40.220,1.780,3.000,0.025,0.000,5.350,8.330,0.000,13.680,30.000,0.200,4.000,1.000
40.260,37.510,38.040,39.950,42.000,40.260,1.740,3.000,0.025,0.000,5.210,8.340,0.000,13.550,30.000,0.200,4.000,1.000
40.310,37.560,38.070,39.980,42.000,40.310,1.690,3.000,0.025,0.000,5.070,8.350,0.000,13.420,30.000,0.200,4.000,1.000
40.370,37.590,38.100,40.020,42.000,40.370,1.630,3.000,0.025,0.000,4.900,8.360,0.000,13.260,30.000,0.200,4.000,1.000
40.420,37.630,38.140,40.060,42.000,40.420,1.580,3.000,0.025,0.000,4.750,8.370,0.000,13.110,30.000,0.200,4.000,1.000
40.470,37.670,38.160,40.100,42.000,40.470,1.530,3.000,0.025,0.000,4.580,8.370,0.000,12.950,30.000,0.200,4.000,1.000
40.530,37.700,38.200,40.140,42.000,40.530,1.470,3.000,0.025,0.000,4.420,8.380,0.000,12.800,30.000,0.200,4.000,1.000
40.580,37.750,38.220,40.170,42.000,40.580,1.420,3.000,0.025,0.000,4.260,8.390,0.000,12.650,30.000,0.200,4.000,1.000
40.630,37.780,38.250,40.210,42.000,40.630,1.370,3.000,0.025,0.000,4.120,8.400,0.000,12.520,30.000,0.200,4.000,1.000
40.680,37.810,38.280,40.250,42.000,40.680,1.320,3.000,0.025,0.000,3.970,8.400,0.000,12.370,30.000,0.200,4.000,1.000
40.730,37.850,38.310,40.280,42.000,40.730,1.270,3.000,0.025,0.000,3.800,8.410,0.000,12.210,30.000,0.200,4.000,1.000
40.780,37.880,38.340,40.320,42.000,40.780,1.220,3.000,0.025,0.000,3.670,8.420,0.000,12.090,30.000,0.200,4.000,1.000
40.830,37.910,38.370,40.350,42.000,40.830,1.170,3.000,0.025,0.000,3.520,8.420,0.000,11.940,30.000,0.200,4.000,1.000
40.870,37.940,38.390,40.400,42.000,40.870,1.130,3.000,0.025,0.000,3.390,8.430,0.000,11.820,30.000,0.200,4.000,1.000
40.920,37.980,38.420,40.420,42.000,40.920,1.080,3.000,0.025,0.000,3.240,8.430,0.000,11.670,30.000,0.200,4.000,1.000
40.970,38.000,38.440,40.460,42.000,40.970,1.030,3.000,0.025,0.000,3.080,8.440,0.000,11.520,30.000,0.200,4.000,1.000
41.020,38.040,38.470,40.490,42.000,41.020,0.980,3.000,0.025,0.000,2.950,8.440,0.000,11.390,30.000,0.200,4.000,1.000
41.070,38.070,38.490,40.520,42.000,41.070,0.930,3.000,0.025,0.000,2.780,8.450,0.000,11.230,30.000,0.200,4.000,1.000
41.100,38.100,38.520,40.550,42.000,41.100,0.900,3.000,0.025,0.000,2.690,8.450,0.000,11.140,30.000,0.200,4.000,1.000
41.160,38.140,38.540,40.580,42.000,41.160,0.840,3.000,0.025,0.000,2.520,8.460,0.000,10.970,30.000,0.200,4.000,1.000
41.200,38.160,38.560,40.610,42.000,41.200,0.800,3.000,0.025,0.000,2.400,8.460,0.000,10.850,30.000,0.200,4.000,1.000
41.250,38.200,38.590,40.630,42.000,41.250,0.750,3.000,0.025,0.000,2.260,8.460,0.000,10.720,30.000,0.200,4.000,1.000
41.290,38.230,38.610,40.670,42.000,41.290,0.710,3.000,0.025,0.000,2.130,8.470,0.000,10.600,30.000,0.200,4.000,1.000
41.330,38.260,38.630,40.690,42.000,41.330,0.670,3.000,0.025,0.000,2.010,8.470,0.000,10.490,30.000,0.200,4.000,1.000
41.380,38.290,38.650,40.720,42.000,41.380,0.620,3.000,0.025,0.000,1.850,8.470,0.000,10.330,30.000,0.200,4.000,1.000
41.420,38.320,38.670,40.750,42.000,41.420,0.580,3.000,0.025,0.000,1.740,8.480,0.000,10.220,30.000,0.200,4.000,1.000
41.460,38.350,38.690,40.770,42.000,41.460,0.540,3.000,0.025,0.000,1.620,8.480,0.000,10.090,30.000,0.200,4.000,1.000
41.500,38.380,38.710,40.810,42.000,41.500,0.500,3.000,0.025,0.000,1.510,8.480,0.000,9.990,30.000,0.200,4.000,1.000
41.540,38.410,38.730,40.820,42.000,41.540,0.460,3.000,0.025,0.000,1.390,8.480,0.000,9.880,30.000,0.200,4.000,1.000
41.580,38.440,38.740,40.850,42.000,41.580,0.420,3.000,0.025,0.000,1.270,8.490,0.000,9.760,30.000,0.200,4.000,1.000
41.610,38.460,38.770,40.870,42.000,41.610,0.390,3.000,0.025,0.000,1.180,8.490,0.000,9.660,30.000,0.200,4.000,1.000
41.650,38.490,38.780,40.900,42.000,41.650,0.350,3.000,0.025,0.000,1.060,8.490,0.000,9.550,30.000,0.200,4.000,1.000
41.680,38.510,38.800,40.920,42.000,41.680,0.320,3.000,0.025,0.000,0.970,8.490,0.000,9.460,30.000,0.200,4.000,1.000
41.720,38.540,38.810,40.940,42.000,41.720,0.280,3.000,0.025,0.000,0.840,8.490,0.000,9.330,30.000,0.200,4.000,1.000
41.750,38.560,38.830,40.970,42.000,41.750,0.250,3.000,0.025,0.000,0.750,8.490,0.000,9.240,30.000,0.200,4.000,1.000
41.790,38.600,38.840,40.980,42.000,41.790,0.210,3.000,0.025,0.000,0.620,8.490,0.000,9.120,30.000,0.200,4.000,1.000
41.830,38.620,38.860,41.010,42.000,41.830,0.170,3.000,0.025,0.000,0.520,8.500,0.000,9.020,30.000,0.200,4.000,1.000
41.860,38.650,38.880,41.020,42.000,41.860,0.140,3.000,0.025,0.000,0.410,8.500,0.000,8.910,30.000,0.200,4.000,1.000
41.910,38.670,38.880,41.050,42.000,41.910,0.090,3.000,0.025,0.000,0.280,8.500,0.000,8.770,30.000,0.200,4.000,1.000
41.940,38.700,38.900,41.060,42.000,41.940,0.060,3.000,0.025,0.000,0.180,8.500,0.000,8.680,30.000,0.200,4.000,1.000
41.980,38.720,38.910,41.080,42.000,41.980,0.020,3.000,0.025,0.000,0.060,8.500,0.000,8.560,30.000,0.200,4.000,1.000
42.010,38.750,38.930,41.100,42.000,42.010,-0.010,3.000,0.025,0.000,-0.020,8.500,0.000,8.480,30.000,0.200,4.000,1.000
42.050,38.780,38.930,41.120,42.000,42.050,-0.050,3.000,0.025,0.000,-0.150,8.500,0.000,8.340,30.000,0.200,4.000,1.000
42.080,38.800,38.950,41.130,42.000,42.080,-0.080,3.000,0.025,0.000,-0.240,8.500,0.000,8.260,30.000,0.200,4.000,1.000
42.130,38.840,38.960,41.150,42.000,42.130,-0.130,3.000,0.025,0.000,-0.380,8.500,0.000,8.110,30.000,0.200,4.000,1.000
42.150,38.850,38.970,41.170,42.000,42.150,-0.150,3.000,0.025,0.000,-0.450,8.500,0.000,8.050,30.000,0.200,4.000,1.000
42.190,38.890,38.970,41.170,42.000,42.190,-0.190,3.000,0.025,0.000,-0.570,8.490,0.000,7.930,30.000,0.200,4.000,1.000
42.220,38.910,38.980,41.200,42.000,42.220,-0.220,3.000,0.025,0.000,-0.650,8.490,0.000,7.840,30.000,0.200,4.000,1.000
42.240,38.940,38.990,41.200,42.000,42.240,-0.240,3.000,0.025,0.000,-0.710,8.490,0.000,7.780,30.000,0.200,4.000,1.000
42.260,38.950,38.990,41.220,42.000,42.260,-0.260,3.000,0.025,0.000,-0.780,8.490,0.000,7.710,30.000,0.200,4.000,1.000
42.270,38.960,39.010,41.220,42.000,42.270,-0.270,3.000,0.025,0.000,-0.810,8.490,0.000,7.680,30.000,0.200,4.000,1.000
42.300,38.980,39.000,41.240,42.000,42.300,-0.300,3.000,0.025,0.000,-0.890,8.490,0.000,7.600,30.000,0.200,4.000,1.000
42.300,39.000,39.020,41.250,42.000,42.300,-0.300,3.000,0.025,0.000,-0.900,8.490,0.000,7.590,30.000,0.200,4.000,1.000
42.320,39.020,39.020,41.250,42.000,42.320,-0.320,3.000,0.025,0.000,-0.970,8.480,0.000,7.520,30.000,0.200,4.000,1.000
42.340,39.020,39.020,41.270,42.000,42.340,-0.340,3.000,0.025,0.000,-1.020,8.480,0.000,7.470,30.000,0.200,4.000,1.000
42.360,39.050,39.030,41.270,42.000,42.360,-0.360,3.000,0.025,0.000,-1.080,8.480,0.000,7.400,30.000,0.200,4.000,1.000
42.390,39.050,39.030,41.290,42.000,42.390,-0.390,3.000,0.025,0.000,-1.160,8.480,0.000,7.320,30.000,0.200,4.000,1.000
42.400,39.080,39.040,41.290,42.000,42.400,-0.400,3.000,0.025,0.000,-1.200,8.480,0.000,7.270,30.000,0.200,4.000,1.000
42.440,39.080,39.030,41.300,42.000,42.440,-0.440,3.000,0.025,0.000,-1.310,8.470,0.000,7.170,30.000,0.200,4.000,1.000
42.440,39.100,39.040,41.310,42.000,42.440,-0.440,3.000,0.025,0.000,-1.330,8.470,0.000,7.140,30.000,0.200,4.000,1.000
42.480,39.120,39.040,41.310,42.000,42.480,-0.480,3.000,0.025,0.000,-1.430,8.470,0.000,7.040,30.000,0.200,4.000,1.000
42.490,39.120,39.040,41.320,42.000,42.490,-0.490,3.000,0.025,0.000,-1.460,8.470,0.000,7.010,30.000,0.200,4.000,1.000
42.510,39.150,39.050,41.310,42.000,42.510,-0.510,3.000,0.025,0.000,-1.530,8.470,0.000,6.940,30.000,0.200,4.000,1.000
42.520,39.150,39.040,41.330,42.000,42.520,-0.520,3.000,0.025,0.000,-1.570,8.460,0.000,6.890,30.000,0.200,4.000,1.000
42.530,39.170,39.050,41.330,42.000,42.530,-0.530,3.000,0.025,0.000,-1.600,8.460,0.000,6.860,30.000,0.200,4.000,1.000
42.560,39.190,39.030,41.340,42.000,42.560,-0.560,3.000,0.025,0.000,-1.670,8.460,0.000,6.790,30.000,0.200,4.000,1.000
42.550,39.200,39.050,41.340,42.000,42.550,-0.550,3.000,0.025,0.000,-1.660,8.450,0.000,6.790,30.000,0.200,4.000,1.000
42.570,39.220,39.030,41.340,42.000,42.570,-0.570,3.000,0.025,0.000,-1.720,8.450,0.000,6.730,30.000,0.200,4.000,1.000
42.580,39.220,39.030,41.350,42.000,42.580,-0.580,3.000,0.025,0.000,-1.730,8.450,0.000,6.720,30.000,0.200,4.000,1.000
42.580,39.250,39.030,41.340,42.000,42.580,-0.580,3.000,0.025,0.000,-1.750,8.450,0.000,6.690,30.000,0.200,4.000,1.000
42.600,39.250,39.030,41.350,42.000,42.600,-0.600,3.000,0.025,0.000,-1.790,8.440,0.000,6.650,30.000,0.200,4.000,1.000
42.600,39.270,39.030,41.340,42.000,42.600,-0.600,3.000,0.025,0.000,-1.800,8.440,0.000,6.640,30.000,0.200,4.000,1.000
42.620,39.290,39.020,41.340,42.000,42.620,-0.620,3.000,0.025,0.000,-1.850,8.440,0.000,6.580,30.000,0.200,4.000,1.000
42.620,39.290,39.020,41.350,42.000,42.620,-0.620,3.000,0.025,0.000,-1.870,8.430,0.000,6.570,30.000,0.200,4.000,1.000
42.630,39.320,39.020,41.340,42.000,42.630,-0.630,3.000,0.025,0.000,-1.890,8.430,0.000,6.540,30.000,0.200,4.000,1.000
42.650,39.320,39.010,41.340,42.000,42.650,-0.650,3.000,0.025,0.000,-1.950,8.430,0.000,6.480,30.000,0.200,4.000,1.000
42.650,39.340,39.020,41.340,42.000,42.650,-0.650,3.000,0.025,0.000,-1.940,8.420,0.000,6.490,30.000,0.200,4.000,1.000
42.670,39.350,39.000,41.340,42.000,42.670,-0.670,3.000,0.025,0.000,-2.000,8.420,0.000,6.420,30.000,0.200,4.000,1.000
42.670,39.370,39.000,41.330,42.000,42.670,-0.670,3.000,0.025,0.000,-2.010,8.420,0.000,6.410,30.000,0.200,4.000,1.000
42.690,39.390,38.990,41.330,42.000,42.690,-0.690,3.000,0.025,0.000,-2.060,8.410,0.000,6.350,30.000,0.200,4.000,1.000
42.700,39.410,38.980,41.330,42.000,42.700,-0.700,3.000,0.025,0.000,-2.090,8.410,0.000,6.320,30.000,0.200,4.000,1.000
42.700,39.430,38.990,41.320,42.000,42.700,-0.700,3.000,0.025,0.000,-2.090,8.410,0.000,6.320,30.000,0.200,4.000,1.000
42.720,39.440,38.970,41.320,42.000,42.720,-0.720,3.000,0.025,0.000,-2.150,8.400,0.000,6.260,30.000,0.200,4.000,1.000
42.700,39.460,38.970,41.320,42.000,42.700,-0.700,3.000,0.025,0.000,-2.110,8.400,0.000,6.290,30.000,0.200,4.000,1.000
42.720,39.480,38.960,41.310,42.000,42.720,-0.720,3.000,0.025,0.000,-2.150,8.400,0.000,6.240,30.000,0.200,4.000,1.000
42.720,39.490,38.960,41.310,42.000,42.720,-0.720,3.000,0.025,0.000,-2.160,8.390,0.000,6.240,30.000,0.200,4.000,1.000
42.720,39.520,38.950,41.300,42.000,42.720,-0.720,3.000,0.025,0.000,-2.150,8.390,0.000,6.240,30.000,0.200,4.000,1.000
42.720,39.530,38.940,41.290,42.000,42.720,-0.720,3.000,0.025,0.000,-2.150,8.390,0.000,6.230,30.000,0.200,4.000,1.000
42.720,39.550,38.940,41.290,42.000,42.720,-0.720,3.000,0.025,0.000,-2.150,8.380,0.000,6.230,30.000,0.200,4.000,1.000
42.720,39.560,38.920,41.280,42.000,42.720,-0.720,3.000,0.025,0.000,-2.170,8.380,0.000,6.210,30.000,0.200,4.000,1.000
42.720,39.580,38.920,41.270,42.000,42.720,-0.720,3.000,0.025,0.000,-2.170,8.370,0.000,6.210,30.000,0.200,4.000,1.000
42.730,39.610,38.910,41.260,42.000,42.730,-0.730,3.000,0.025,0.000,-2.190,8.370,0.000,6.180,30.000,0.200,4.000,1.000
42.730,39.620,38.900,41.260,42.000,42.730,-0.730,3.000,0.025,0.000,-2.200,8.370,0.000,6.170,30.000,0.200,4.000,1.000
42.740,39.640,38.890,41.240,42.000,42.740,-0.740,3.000,0.025,0.000,-2.210,8.360,0.000,6.150,30.000,0.200,4.000,1.000
42.750,39.660,38.880,41.240,42.000,42.750,-0.750,3.000,0.025,0.000,-2.240,8.360,0.000,6.120,30.000,0.200,4.000,1.000
42.740,39.680,38.880,41.230,42.000,42.740,-0.740,3.000,0.025,0.000,-2.220,8.360,0.000,6.140,30.000,0.200,4.000,1.000
42.740,39.700,38.870,41.220,42.000,42.740,-0.740,3.000,0.025,0.000,-2.210,8.350,0.000,6.150,30.000,0.200,4.000,1.000
42.730,39.720,38.860,41.220,42.000,42.730,-0.730,3.000,0.025,0.000,-2.200,8.350,0.000,6.150,30.000,0.200,4.000,1.000
42.740,39.740,38.850,41.210,42.000,42.740,-0.740,3.000,0.025,0.000,-2.220,8.350,0.000,6.120,30.000,0.200,4.000,1.000
42.740,39.760,38.840,41.200,42.000,42.740,-0.740,3.000,0.025,0.000,-2.220,8.340,0.000,6.120,30.000,0.200,4.000,1.000
42.750,39.790,38.830,41.190,42.000,42.750,-0.750,3.000,0.025,0.000,-2.250,8.340,0.000,6.090,30.000,0.200,4.000,1.000
42.760,39.800,38.820,41.180,42.000,42.760,-0.760,3.000,0.025,0.000,-2.270,8.330,0.000,6.060,30.000,0.200,4.000,1.000
42.750,39.820,38.810,41.170,42.000,42.750,-0.750,3.000,0.025,0.000,-2.260,8.330,0.000,6.070,30.000,0.200,4.000,1.000
42.770,39.850,38.800,41.160,42.000,42.770,-0.770,3.000,0.025,0.000,-2.310,8.330,0.000,6.010,30.000,0.200,4.000,1.000
42.770,39.860,38.790,41.150,42.000,42.770,-0.770,3.000,0.025,0.000,-2.320,8.320,0.000,6.010,30.000,0.200,4.000,1.000
42.780,39.890,38.780,41.130,42.000,42.780,-0.780,3.000,0.025,0.000,-2.350,8.320,0.000,5.970,30.000,0.200,4.000,1.000
42.800,39.900,38.760,41.130,42.000,42.800,-0.800,3.000,0.025,0.000,-2.400,8.310,0.000,5.920,30.000,0.200,4.000,1.000
42.810,39.920,38.750,41.110,42.000,42.810,-0.810,3.000,0.025,0.000,-2.430,8.310,0.000,5.880,30.000,0.200,4.000,1.000
42.820,39.940,38.740,41.100,42.000,42.820,-0.820,3.000,0.025,0.000,-2.460,8.310,0.000,5.840,30.000,0.200,4.000,1.000
42.820,39.950,38.740,41.090,42.000,42.820,-0.820,3.000,0.025,0.000,-2.460,8.300,0.000,5.840,30.000,0.200,4.000,1.000
42.830,39.970,38.730,41.080,42.000,42.830,-0.830,3.000,0.025,0.000,-2.480,8.300,0.000,5.820,30.000,0.200,4.000,1.000
42.830,39.980,38.710,41.070,42.000,42.830,-0.830,3.000,0.025,0.000,-2.490,8.290,0.000,5.810,30.000,0.200,4.000,1.000
42.830,39.990,38.700,41.050,42.000,42.830,-0.830,3.000,0.025,0.000,-2.490,8.290,0.000,5.800,30.000,0.200,4.000,1.000
42.830,40.000,38.690,41.050,42.000,42.830,-0.830,3.000,0.025,0.000,-2.500,8.290,0.000,5.790,30.000,0.200,4.000,1.000
42.820,40.010,38.680,41.030,42.000,42.820,-0.820,3.000,0.025,0.000,-2.470,8.280,0.000,5.810,30.000,0.200,4.000,1.000
42.820,40.020,38.670,41.020,42.000,42.820,-0.820,3.000,0.025,0.000,-2.450,8.280,0.000,5.820,30.000,0.200,4.000,1.000
42.820,40.030,38.650,41.010,42.000,42.820,-0.820,3.000,0.025,0.000,-2.460,8.270,0.000,5.810,30.000,0.200,4.000,1.000
42.820,40.030,38.640,40.990,42.000,42.820,-0.820,3.000,0.025,0.000,-2.450,8.270,0.000,5.820,30.000,0.200,4.000,1.000
42.820,40.050,38.630,40.980,42.000,42.820,-0.820,3.000,0.025,0.000,-2.450,8.270,0.000,5.810,30.000,0.200,4.000,1.000
42.820,40.050,38.610,40.970,42.000,42.820,-0.820,3.000,0.025,0.000,-2.450,8.260,0.000,5.810,30.000,0.200,4.000,1.000
42.810,40.050,38.610,40.950,42.000,42.810,-0.810,3.000,0.025,0.000,-2.430,8.260,0.000,5.820,30.000,0.200,4.000,1.000
42.820,40.060,38.590,40.940,42.000,42.820,-0.820,3.000,0.025,0.000,-2.460,8.250,0.000,5.790,30.000,0.200,4.000,1.000
42.810,40.060,38.580,40.930,42.000,42.810,-0.810,3.000,0.025,0.000,-2.440,8.250,0.000,5.810,30.000,0.200,4.000,1.000
42.820,40.070,38.570,40.920,42.000,42.820,-0.820,3.000,0.025,0.000,-2.460,8.240,0.000,5.780,30.000,0.200,4.000,1.000
42.820,40.070,38.560,40.910,42.000,42.820,-0.820,3.000,0.025,0.000,-2.460,8.240,0.000,5.780,30.000,0.200,4.000,1.000
42.810,40.070,38.550,40.900,42.000,42.810,-0.810,3.000,0.025,0.000,-2.440,8.240,0.000,5.790,30.000,0.200,4.000,1.000
42.820,40.080,38.530,40.880,42.000,42.820,-0.820,3.000,0.025,0.000,-2.450,8.230,0.000,5.780,30.000,0.200,4.000,1.000
42.820,40.080,38.520,40.870,42.000,42.820,-0.820,3.000,0.025,0.000,-2.460,8.230,0.000,5.770,30.000,0.200,4.000,1.000
42.820,40.090,38.510,40.850,42.000,42.820,-0.820,3.000,0.025,0.000,-2.450,8.220,0.000,5.770,30.000,0.200,4.000,1.000
42.830,40.090,38.490,40.840,42.000,42.830,-0.830,3.000,0.025,0.000,-2.480,8.220,0.000,5.740,30.000,0.200,4.000,1.000
42.820,40.090,38.490,40.830,42.000,42.820,-0.820,3.000,0.025,0.000,-2.460,8.220,0.000,5.750,30.000,0.200,4.000,1.000
42.830,40.100,38.480,40.810,42.000,42.830,-0.830,3.000,0.025,0.000,-2.480,8.210,0.000,5.740,30.000,0.200,4.000,1.000
42.820,40.110,38.460,40.800,42.000,42.820,-0.820,3.000,0.025,0.000,-2.470,8.210,0.000,5.740,30.000,0.200,4.000,1.000
42.820,40.110,38.450,40.790,42.000,42.820,-0.820,3.000,0.025,0.000,-2.450,8.200,0.000,5.760,30.000,0.200,4.000,1.000
42.810,40.120,38.440,40.770,42.000,42.810,-0.810,3.000,0.025,0.000,-2.420,8.200,0.000,5.780,30.000,0.200,4.000,1.000
42.800,40.120,38.420,40.760,42.000,42.800,-0.800,3.000,0.025,0.000,-2.390,8.200,0.000,5.810,30.000,0.200,4.000,1.000
42.780,40.130,38.410,40.750,42.000,42.780,-0.780,3.000,0.025,0.000,-2.340,8.190,0.000,5.850,30.000,0.200,4.000,1.000
42.770,40.140,38.400,40.730,42.000,42.770,-0.770,3.000,0.025,0.000,-2.310,8.190,0.000,5.880,30.000,0.200,4.000,1.000
42.750,40.140,38.390,40.720,42.000,42.750,-0.750,3.000,0.025,0.000,-2.260,8.180,0.000,5.930,30.000,0.200,4.000,1.000
42.740,40.140,38.370,40.700,42.000,42.740,-0.740,3.000,0.025,0.000,-2.210,8.180,0.000,5.970,30.000,0.200,4.000,1.000
42.730,40.150,38.360,40.680,42.000,42.730,-0.730,3.000,0.025,0.000,-2.190,8.180,0.000,5.990,30.000,0.200,4.000,1.000
42.720,40.140,38.350,40.670,42.000,42.720,-0.720,3.000,0.025,0.000,-2.160,8.170,0.000,6.020,30.000,0.200,4.000,1.000
42.720,40.160,38.330,40.660,42.000,42.720,-0.720,3.000,0.025,0.000,-2.160,8.170,0.000,6.010,30.000,0.200,4.000,1.000
42.720,40.160,38.320,40.640,42.000,42.720,-0.720,3.000,0.025,0.000,-2.160,8.170,0.000,6.010,30.000,0.200,4.000,1.000
42.720,40.160,38.310,40.630,42.000,42.720,-0.720,3.000,0.025,0.000,-2.150,8.160,0.000,6.020,30.000,0.200,4.000,1.000
42.720,40.170,38.300,40.610,42.000,42.720,-0.720,3.000,0.025,0.000,-2.150,8.160,0.000,6.010,30.000,0.200,4.000,1.000
42.720,40.170,38.280,40.600,42.000,42.720,-0.720,3.000,0.025,0.000,-2.160,8.160,0.000,5.990,30.000,0.200,4.000,1.000
42.710,40.170,38.270,40.580,42.000,42.710,-0.710,3.000,0.025,0.000,-2.140,8.150,0.000,6.010,30.000,0.200,4.000,1.000
42.710,40.170,38.260,40.570,42.000,42.710,-0.710,3.000,0.025,0.000,-2.130,8.150,0.000,6.010,30.000,0.200,4.000,1.000
42.720,40.170,38.240,40.550,42.000,42.720,-0.720,3.000,0.025,0.000,-2.150,8.140,0.000,6.000,30.000,0.200,4.000,1.000
42.700,40.160,38.230,40.540,42.000,42.700,-0.700,3.000,0.025,0.000,-2.110,8.140,0.000,6.030,30.000,0.200,4.000,1.000
42.700,40.160,38.220,40.520,42.000,42.700,-0.700,3.000,0.025,0.000,-2.100,8.140,0.000,6.040,30.000,0.200,4.000,1.000
42.700,40.150,38.200,40.510,42.000,42.700,-0.700,3.000,0.025,0.000,-2.090,8.130,0.000,6.050,30.000,0.200,4.000,1.000
42.670,40.130,38.190,40.500,42.000,42.670,-0.670,3.000,0.025,0.000,-2.020,8.130,0.000,6.120,30.000,0.200,4.000,1.000
42.650,40.120,38.180,40.480,42.000,42.650,-0.650,3.000,0.025,0.000,-1.960,8.130,0.000,6.160,30.000,0.200,4.000,1.000
42.640,40.100,38.170,40.470,42.000,42.640,-0.640,3.000,0.025,0.000,-1.930,8.120,0.000,6.190,30.000,0.200,4.000,1.000
42.610,40.080,38.160,40.450,42.000,42.610,-0.610,3.000,0.025,0.000,-1.840,8.120,0.000,6.280,30.000,0.200,4.000,1.000
42.600,40.070,38.150,40.430,42.000,42.600,-0.600,3.000,0.025,0.000,-1.790,8.120,0.000,6.330,30.000,0.200,4.000,1.000
42.570,40.040,38.130,40.420,42.000,42.570,-0.570,3.000,0.025,0.000,-1.700,8.120,0.000,6.420,30.000,0.200,4.000,1.000
42.540,40.020,38.120,40.410,42.000,42.540,-0.540,3.000,0.025,0.000,-1.610,8.110,0.000,6.510,30.000,0.200,4.000,1.000
42.520,40.000,38.110,40.390,42.000,42.520,-0.520,3.000,0.025,0.000,-1.550,8.110,0.000,6.560,30.000,0.200,4.000,1.000
42.490,39.980,38.090,40.380,42.000,42.490,-0.490,3.000,0.025,0.000,-1.460,8.110,0.000,6.640,30.000,0.200,4.000,1.000
42.460,39.950,38.080,40.360,42.000,42.460,-0.460,3.000,0.025,0.000,-1.380,8.110,0.000,6.720,30.000,0.200,4.000,1.000
42.440,39.940,38.070,40.350,42.000,42.440,-0.440,3.000,0.025,0.000,-1.320,8.100,0.000,6.780,30.000,0.200,4.000,1.000
42.420,39.910,38.060,40.340,42.000,42.420,-0.420,3.000,0.025,0.000,-1.250,8.100,0.000,6.850,30.000,0.200,4.000,1.000
42.400,39.890,38.040,40.330,42.000,42.400,-0.400,3.000,0.025,0.000,-1.200,8.100,0.000,6.890,30.000,0.200,4.000,1.000
42.380,39.890,38.030,40.310,42.000,42.380,-0.380,3.000,0.025,0.000,-1.150,8.100,0.000,6.950,30.000,0.200,4.000,1.000
42.380,39.860,38.020,40.300,42.000,42.380,-0.380,3.000,0.025,0.000,-1.140,8.100,0.000,6.960,30.000,0.200,4.000,1.000
42.360,39.840,38.010,40.280,42.000,42.360,-0.360,3.000,0.025,0.000,-1.080,8.090,0.000,7.020,30.000,0.200,4.000,1.000
42.360,39.830,38.000,40.270,42.000,42.360,-0.360,3.000,0.025,0.000,-1.070,8.090,0.000,7.020,30.000,0.200,4.000,1.000
42.350,39.820,37.990,40.260,42.000,42.350,-0.350,3.000,0.025,0.000,-1.040,8.090,0.000,7.050,30.000,0.200,4.000,1.000
42.340,39.810,37.980,40.240,42.000,42.340,-0.340,3.000,0.025,0.000,-1.030,8.090,0.000,7.060,30.000,0.200,4.000,1.000
42.340,39.800,37.970,40.230,42.000,42.340,-0.340,3.000,0.025,0.000,-1.030,8.090,0.000,7.060,30.000,0.200,4.000,1.000
42.340,39.790,37.960,40.220,42.000,42.340,-0.340,3.000,0.025,0.000,-1.030,8.080,0.000,7.060,30.000,0.200,4.000,1.000
42.330,39.780,37.950,40.210,42.000,42.330,-0.330,3.000,0.025,0.000,-1.000,8.080,0.000,7.080,30.000,0.200,4.000,1.000
42.330,39.780,37.940,40.190,42.000,42.330,-0.330,3.000,0.025,0.000,-0.990,8.080,0.000,7.090,30.000,0.200,4.000,1.000
42.330,39.770,37.920,40.180,42.000,42.330,-0.330,3.000,0.025,0.000,-0.980,8.080,0.000,7.100,30.000,0.200,4.000,1.000
42.310,39.760,37.910,40.170,42.000,42.310,-0.310,3.000,0.025,0.000,-0.940,8.080,0.000,7.140,30.000,0.200,4.000,1.000
42.310,39.760,37.910,40.150,42.000,42.310,-0.310,3.000,0.025,0.000,-0.920,8.080,0.000,7.160,30.000,0.200,4.000,1.000
42.300,39.760,37.890,40.150,42.000,42.300,-0.300,3.000,0.025,0.000,-0.900,8.080,0.000,7.170,30.000,0.200,4.000,1.000
42.290,39.750,37.880,40.140,42.000,42.290,-0.290,3.000,0.025,0.000,-0.880,8.070,0.000,7.200,30.000,0.200,4.000,1.000
42.280,39.750,37.880,40.120,42.000,42.280,-0.280,3.000,0.025,0.000,-0.830,8.070,0.000,7.240,30.000,0.200,4.000,1.000
42.270,39.750,37.860,40.110,42.000,42.270,-0.270,3.000,0.025,0.000,-0.820,8.070,0.000,7.250,30.000,0.200,4.000,1.000
42.260,39.750,37.860,40.100,42.000,42.260,-0.260,3.000,0.025,0.000,-0.770,8.070,0.000,7.300,30.000,0.200,4.000,1.000
42.250,39.750,37.850,40.090,42.000,42.250,-0.250,3.000,0.025,0.000,-0.760,8.070,0.000,7.310,30.000,0.200,4.000,1.000
42.240,39.740,37.830,40.070,42.000,42.240,-0.240,3.000,0.025,0.000,-0.710,8.070,0.000,7.360,30.000,0.200,4.000,1.000
42.230,39.740,37.830,40.070,42.000,42.230,-0.230,3.000,0.025,0.000,-0.680,8.070,0.000,7.380,30.000,0.200,4.000,1.000
42.210,39.740,37.820,40.060,42.000,42.210,-0.210,3.000,0.025,0.000,-0.640,8.070,0.000,7.420,30.000,0.200,4.000,1.000
42.210,39.740,37.810,40.040,42.000,42.210,-0.210,3.000,0.025,0.000,-0.640,8.060,0.000,7.430,30.000,0.200,4.000,1.000
42.210,39.740,37.800,40.030,42.000,42.210,-0.210,3.000,0.025,0.000,-0.630,8.060,0.000,7.430,30.000,0.200,4.000,1.000
42.210,39.730,37.800,40.020,42.000,42.210,-0.210,3.000,0.025,0.000,-0.620,8.060,0.000,7.450,30.000,0.200,4.000,1.000
42.200,39.730,37.780,40.010,42.000,42.200,-0.200,3.000,0.025,0.000,-0.610,8.060,0.000,7.450,30.000,0.200,4.000,1.000
42.210,39.730,37.770,40.000,42.000,42.210,-0.210,3.000,0.025,0.000,-0.620,8.060,0.000,7.440,30.000,0.200,4.000,1.000
42.200,39.720,37.770,39.990,42.000,42.200,-0.200,3.000,0.025,0.000,-0.590,8.060,0.000,7.470,30.000,0.200,4.000,1.000
42.190,39.730,37.760,39.970,42.000,42.190,-0.190,3.000,0.025,0.000,-0.570,8.060,0.000,7.480,30.000,0.200,4.000,1.000
42.190,39.720,37.740,39.970,42.000,42.190,-0.190,3.000,0.025,0.000,-0.560,8.060,0.000,7.500,30.000,0.200,4.000,1.000
42.180,39.720,37.740,39.960,42.000,42.180,-0.180,3.000,0.025,0.000,-0.530,8.060,0.000,7.530,30.000,0.200,4.000,1.000
42.170,39.710,37.740,39.950,42.000,42.170,-0.170,3.000,0.025,0.000,-0.500,8.060,0.000,7.560,30.000,0.200,4.000,1.000
42.160,39.710,37.730,39.940,42.000,42.160,-0.160,3.000,0.025,0.000,-0.490,8.050,0.000,7.570,30.000,0.200,4.000,1.000
42.150,39.710,37.720,39.930,42.000,42.150,-0.150,3.000,0.025,0.000,-0.460,8.050,0.000,7.600,30.000,0.200,4.000,1.000
42.140,39.700,37.710,39.920,42.000,42.140,-0.140,3.000,0.025,0.000,-0.420,8.050,0.000,7.630,30.000,0.200,4.000,1.000
42.140,39.700,37.710,39.910,42.000,42.140,-0.140,3.000,0.025,0.000,-0.410,8.050,0.000,7.650,30.000,0.200,4.000,1.000
42.140,39.690,37.700,39.900,42.000,42.140,-0.140,3.000,0.025,0.000,-0.410,8.050,0.000,7.650,30.000,0.200,4.000,1.000
42.120,39.690,37.690,39.900,42.000,42.120,-0.120,3.000,0.025,0.000,-0.370,8.050,0.000,7.680,30.000,0.200,4.000,1.000
42.120,39.690,37.690,39.890,42.000,42.120,-0.120,3.000,0.025,0.000,-0.350,8.050,0.000,7.710,30.000,0.200,4.000,1.000
42.110,39.690,37.680,39.870,42.000,42.110,-0.110,3.000,0.025,0.000,-0.340,8.050,0.000,7.710,30.000,0.200,4.000,1.000
42.100,39.680,37.660,39.880,42.000,42.100,-0.100,3.000,0.025,0.000,-0.300,8.050,0.000,7.750,30.000,0.200,4.000,1.000
42.090,39.670,37.670,39.860,42.000,42.090,-0.090,3.000,0.025,0.000,-0.260,8.050,0.000,7.790,30.000,0.200,4.000,1.000
42.080,39.680,37.660,39.850,42.000,42.080,-0.080,3.000,0.025,0.000,-0.250,8.050,0.000,7.800,30.000,0.200,4.000,1.000
42.070,39.660,37.650,39.840,42.000,42.070,-0.070,3.000,0.025,0.000,-0.220,8.050,0.000,7.830,30.000,0.200,4.000,1.000
42.060,39.650,37.640,39.840,42.000,42.060,-0.060,3.000,0.025,0.000,-0.170,8.050,0.000,7.870,30.000,0.200,4.000,1.000
42.040,39.640,37.640,39.830,42.000,42.040,-0.040,3.000,0.025,0.000,-0.120,8.050,0.000,7.920,30.000,0.200,4.000,1.000
42.040,39.640,37.630,39.820,42.000,42.040,-0.040,3.000,0.025,0.000,-0.120,8.050,0.000,7.920,30.000,0.200,4.000,1.000
42.030,39.630,37.630,39.820,42.000,42.030,-0.030,3.000,0.025,0.000,-0.100,8.050,0.000,7.950,30.000,0.200,4.000,1.000
42.010,39.610,37.620,39.820,42.000,42.010,-0.010,3.000,0.025,0.000,-0.030,8.050,0.000,8.010,30.000,0.200,4.000,1.000
42.000,39.610,37.620,39.800,42.000,42.000,0.000,3.000,0.025,0.000,-0.010,8.050,0.000,8.030,30.000,0.200,4.000,1.000
42.000,39.600,37.610,39.790,42.000,42.000,0.000,3.000,0.025,0.000,0.000,8.050,0.000,8.050,30.000,0.200,4.000,1.000
41.990,39.590,37.610,39.790,42.000,41.990,0.010,3.000,0.025,0.000,0.040,8.050,0.000,8.090,30.000,0.200,4.000,1.000
41.970,39.580,37.600,39.790,42.000,41.970,0.030,3.000,0.025,0.000,0.090,8.050,0.000,8.140,30.000,0.200,4.000,1.000
41.960,39.570,37.600,39.780,42.000,41.960,0.040,3.000,0.025,0.000,0.110,8.050,0.000,8.160,30.000,0.200,4.000,1.000
41.950,39.560,37.590,39.770,42.000,41.950,0.050,3.000,0.025,0.000,0.150,8.050,0.000,8.200,30.000,0.200,4.000,1.000
41.940,39.550,37.580,39.770,42.000,41.940,0.060,3.000,0.025,0.000,0.190,8.050,0.000,8.230,30.000,0.200,4.000,1.000
41.920,39.540,37.590,39.770,42.000,41.920,0.080,3.000,0.025,0.000,0.240,8.050,0.000,8.280,30.000,0.200,4.000,1.000
41.910,39.530,37.580,39.760,42.000,41.910,0.090,3.000,0.025,0.000,0.270,8.050,0.000,8.320,30.000,0.200,4.000,1.000
41.900,39.520,37.570,39.750,42.000,41.900,0.100,3.000,0.025,0.000,0.290,8.050,0.000,8.340,30.000,0.200,4.000,1.000
41.880,39.500,37.570,39.750,42.000,41.880,0.120,3.000,0.025,0.000,0.350,8.050,0.000,8.400,30.000,0.200,4.000,1.000
41.870,39.490,37.570,39.740,42.000,41.870,0.130,3.000,0.025,0.000,0.380,8.050,0.000,8.430,30.000,0.200,4.000,1.000
41.870,39.480,37.570,39.740,42.000,41.870,0.130,3.000,0.025,0.000,0.400,8.050,0.000,8.450,30.000,0.200,4.000,1.000
41.860,39.470,37.560,39.740,42.000,41.860,0.140,3.000,0.025,0.000,0.420,8.050,0.000,8.470,30.000,0.200,4.000,1.000
41.850,39.450,37.560,39.730,42.000,41.850,0.150,3.000,0.025,0.000,0.450,8.050,0.000,8.500,30.000,0.200,4.000,1.000
41.840,39.440,37.560,39.730,42.000,41.840,0.160,3.000,0.025,0.000,0.480,8.050,0.000,8.530,30.000,0.200,4.000,1.000
41.830,39.440,37.550,39.730,42.000,41.830,0.170,3.000,0.025,0.000,0.500,8.050,0.000,8.550,30.000,0.200,4.000,1.000
41.820,39.420,37.550,39.720,42.000,41.820,0.180,3.000,0.025,0.000,0.530,8.060,0.000,8.590,30.000,0.200,4.000,1.000
41.810,39.410,37.550,39.720,42.000,41.810,0.190,3.000,0.025,0.000,0.570,8.060,0.000,8.620,30.000,0.200,4.000,1.000
41.800,39.400,37.550,39.710,42.000,41.800,0.200,3.000,0.025,0.000,0.600,8.060,0.000,8.650,30.000,0.200,4.000,1.000
41.800,39.400,37.540,39.700,42.000,41.800,0.200,3.000,0.025,0.000,0.600,8.060,0.000,8.660,30.000,0.200,4.000,1.000
41.800,39.380,37.540,39.710,42.000,41.800,0.200,3.000,0.025,0.000,0.610,8.060,0.000,8.670,30.000,0.200,4.000,1.000
41.790,39.370,37.540,39.710,42.000,41.790,0.210,3.000,0.025,0.000,0.640,8.060,0.000,8.700,30.000,0.200,4.000,1.000
41.790,39.360,37.540,39.700,42.000,41.790,0.210,3.000,0.025,0.000,0.640,8.060,0.000,8.700,30.000,0.200,4.000,1.000
41.780,39.350,37.540,39.700,42.000,41.780,0.220,3.000,0.025,0.000,0.660,8.060,0.000,8.720,30.000,0.200,4.000,1.000
41.760,39.330,37.530,39.700,42.000,41.760,0.240,3.000,0.025,0.000,0.710,8.060,0.000,8.770,30.000,0.200,4.000,1.000
41.760,39.320,37.530,39.690,42.000,41.760,0.240,3.000,0.025,0.000,0.710,8.070,0.000,8.780,30.000,0.200,4.000,1.000
41.760,39.310,37.530,39.690,42.000,41.760,0.240,3.000,0.025,0.000,0.730,8.070,0.000,8.790,30.000,0.200,4.000,1.000
41.760,39.300,37.530,39.690,42.000,41.760,0.240,3.000,0.025,0.000,0.720,8.070,0.000,8.790,30.000,0.200,4.000,1.000
41.750,39.280,37.530,39.690,42.000,41.750,0.250,3.000,0.025,0.000,0.750,8.070,0.000,8.820,30.000,0.200,4.000,1.000
41.750,39.270,37.530,39.680,42.000,41.750,0.250,3.000,0.025,0.000,0.750,8.070,0.000,8.820,30.000,0.200,4.000,1.000
41.760,39.260,37.520,39.680,42.000,41.760,0.240,3.000,0.025,0.000,0.730,8.070,0.000,8.800,30.000,0.200,4.000,1.000
41.740,39.250,37.520,39.690,42.000,41.740,0.260,3.000,0.025,0.000,0.770,8.070,0.000,8.850,30.000,0.200,4.000,1.000
41.740,39.240,37.530,39.680,42.000,41.740,0.260,3.000,0.025,0.000,0.780,8.070,0.000,8.850,30.000,0.200,4.000,1.000
41.740,39.250,37.520,39.670,42.000,41.740,0.260,3.000,0.025,0.000,0.790,8.080,0.000,8.860,30.000,0.200,4.000,1.000
41.730,39.230,37.520,39.680,42.000,41.730,0.270,3.000,0.025,0.000,0.810,8.080,0.000,8.890,30.000,0.200,4.000,1.000
41.720,39.230,37.520,39.680,42.000,41.720,0.280,3.000,0.025,0.000,0.840,8.080,0.000,8.920,30.000,0.200,4.000,1.000
41.720,39.230,37.530,39.670,42.000,41.720,0.280,3.000,0.025,0.000,0.840,8.080,0.000,8.920,30.000,0.200,4.000,1.000
41.720,39.220,37.520,39.670,42.000,41.720,0.280,3.000,0.025,0.000,0.840,8.080,0.000,8.920,30.000,0.200,4.000,1.000
41.710,39.210,37.520,39.670,42.000,41.710,0.290,3.000,0.025,0.000,0.870,8.080,0.000,8.950,30.000,0.200,4.000,1.000
41.700,39.210,37.530,39.670,42.000,41.700,0.300,3.000,0.025,0.000,0.910,8.080,0.000,8.990,30.000,0.200,4.000,1.000
41.700,39.210,37.520,39.670,42.000,41.700,0.300,3.000,0.025,0.000,0.900,8.090,0.000,8.980,30.000,0.200,4.000,1.000
41.700,39.200,37.520,39.670,42.000,41.700,0.300,3.000,0.025,0.000,0.890,8.090,0.000,8.980,30.000,0.200,4.000,1.000
41.690,39.200,37.530,39.670,42.000,41.690,0.310,3.000,0.025,0.000,0.930,8.090,0.000,9.020,30.000,0.200,4.000,1.000
41.690,39.200,37.520,39.670,42.000,41.690,0.310,3.000,0.025,0.000,0.930,8.090,0.000,9.020,30.000,0.200,4.000,1.000
41.690,39.190,37.520,39.670,42.000,41.690,0.310,3.000,0.025,0.000,0.930,8.090,0.000,9.020,30.000,0.200,4.000,1.000
41.680,39.190,37.520,39.680,42.000,41.680,0.320,3.000,0.025,0.000,0.950,8.090,0.000,9.040,30.000,0.200,4.000,1.000
41.680,39.190,37.530,39.660,42.000,41.680,0.320,3.000,0.025,0.000,0.970,8.090,0.000,9.060,30.000,0.200,4.000,1.000
41.670,39.190,37.520,39.660,42.000,41.670,0.330,3.000,0.025,0.000,0.980,8.100,0.000,9.080,30.000,0.200,4.000,1.000
41.670,39.180,37.520,39.680,42.000,41.670,0.330,3.000,0.025,0.000,0.990,8.100,0.000,9.080,30.000,0.200,4.000,1.000
41.660,39.180,37.530,39.670,42.000,41.660,0.340,3.000,0.025,0.000,1.010,8.100,0.000,9.110,30.000,0.200,4.000,1.000
41.670,39.180,37.530,39.670,42.000,41.670,0.330,3.000,0.025,0.000,0.990,8.100,0.000,9.090,30.000,0.200,4.000,1.000
41.660,39.170,37.520,39.670,42.000,41.660,0.340,3.000,0.025,0.000,1.010,8.100,0.000,9.120,30.000,0.200,4.000,1.000
41.650,39.170,37.530,39.680,42.000,41.650,0.350,3.000,0.025,0.000,1.040,8.100,0.000,9.140,30.000,0.200,4.000,1.000
41.650,39.170,37.530,39.670,42.000,41.650,0.350,3.000,0.025,0.000,1.040,8.110,0.000,9.140,30.000,0.200,4.000,1.000
41.650,39.170,37.530,39.680,42.000,41.650,0.350,3.000,0.025,0.000,1.040,8.110,0.000,9.150,30.000,0.200,4.000,1.000
41.640,39.160,37.540,39.680,42.000,41.640,0.360,3.000,0.025,0.000,1.080,8.110,0.000,9.180,30.000,0.200,4.000,1.000
41.640,39.170,37.530,39.680,42.000,41.640,0.360,3.000,0.025,0.000,1.080,8.110,0.000,9.190,30.000,0.200,4.000,1.000
41.640,39.170,37.540,39.680,42.000,41.640,0.360,3.000,0.025,0.000,1.070,8.110,0.000,9.180,30.000,0.200,4.000,1.000
41.630,39.170,37.540,39.680,42.000,41.630,0.370,3.000,0.025,0.000,1.100,8.120,0.000,9.220,30.000,0.200,4.000,1.000
41.640,39.170,37.540,39.680,42.000,41.640,0.360,3.000,0.025,0.000,1.070,8.120,0.000,9.190,30.000,0.200,4.000,1.000
41.630,39.170,37.540,39.690,42.000,41.630,0.370,3.000,0.025,0.000,1.110,8.120,0.000,9.230,30.000,0.200,4.000,1.000
41.630,39.170,37.550,39.680,42.000,41.630,0.370,3.000,0.025,0.000,1.110,8.120,0.000,9.230,30.000,0.200,4.000,1.000
41.640,39.180,37.540,39.690,42.000,41.640,0.360,3.000,0.025,0.000,1.080,8.120,0.000,9.200,30.000,0.200,4.000,1.000
41.630,39.170,37.550,39.690,42.000,41.630,0.370,3.000,0.025,0.000,1.110,8.120,0.000,9.230,30.000,0.200,4.000,1.000
41.630,39.180,37.550,39.690,42.000,41.630,0.370,3.000,0.025,0.000,1.110,8.130,0.000,9.240,30.000,0.200,4.000,1.000
41.640,39.190,37.550,39.690,42.000,41.640,0.360,3.000,0.025,0.000,1.090,8.130,0.000,9.220,30.000,0.200,4.000,1.000
41.620,39.190,37.550,39.700,42.000,41.620,0.380,3.000,0.025,0.000,1.130,8.130,0.000,9.260,30.000,0.200,4.000,1.000
41.630,39.200,37.550,39.700,42.000,41.630,0.370,3.000,0.025,0.000,1.120,8.130,0.000,9.250,30.000,0.200,4.000,1.000
41.630,39.200,37.560,39.710,42.000,41.630,0.370,3.000,0.025,0.000,1.110,8.130,0.000,9.240,30.000,0.200,4.000,1.000
41.620,39.210,37.560,39.700,42.000,41.620,0.380,3.000,0.025,0.000,1.140,8.140,0.000,9.270,30.000,0.200,4.000,1.000
41.620,39.210,37.560,39.700,42.000,41.620,0.380,3.000,0.025,0.000,1.140,8.140,0.000,9.280,30.000,0.200,4.000,1.000
41.620,39.210,37.570,39.710,42.000,41.620,0.380,3.000,0.025,0.000,1.150,8.140,0.000,9.290,30.000,0.200,4.000,1.000
41.610,39.210,37.570,39.710,42.000,41.610,0.390,3.000,0.025,0.000,1.170,8.140,0.000,9.310,30.000,0.200,4.000,1.000
41.610,39.200,37.570,39.720,42.000,41.610,0.390,3.000,0.025,0.000,1.160,8.140,0.000,9.300,30.000,0.200,4.000,1.000
41.600,39.200,37.580,39.720,42.000,41.600,0.400,3.000,0.025,0.000,1.210,8.150,0.000,9.350,30.000,0.200,4.000,1.000
41.600,39.190,37.570,39.720,42.000,41.600,0.400,3.000,0.025,0.000,1.210,8.150,0.000,9.360,30.000,0.200,4.000,1.000
41.590,39.180,37.580,39.720,42.000,41.590,0.410,3.000,0.025,0.000,1.240,8.150,0.000,9.390,30.000,0.200,4.000,1.000
41.590,39.180,37.590,39.720,42.000,41.590,0.410,3.000,0.025,0.000,1.230,8.150,0.000,9.380,30.000,0.200,4.000,1.000
41.580,39.170,37.590,39.730,42.000,41.580,0.420,3.000,0.025,0.000,1.260,8.150,0.000,9.410,30.000,0.200,4.000,1.000
41.580,39.170,37.590,39.730,42.000,41.580,0.420,3.000,0.025,0.000,1.260,8.160,0.000,9.410,30.000,0.200,4.000,1.000
41.590,39.160,37.590,39.740,42.000,41.590,0.410,3.000,0.025,0.000,1.240,8.160,0.000,9.400,30.000,0.200,4.000,1.000
41.570,39.160,37.600,39.740,42.000,41.570,0.430,3.000,0.025,0.000,1.280,8.160,0.000,9.440,30.000,0.200,4.000,1.000
41.570,39.150,37.600,39.740,42.000,41.570,0.430,3.000,0.025,0.000,1.300,8.160,0.000,9.460,30.000,0.200,4.000,1.000
41.560,39.150,37.610,39.740,42.000,41.560,0.440,3.000,0.025,0.000,1.320,8.160,0.000,9.480,30.000,0.200,4.000,1.000
41.570,39.140,37.600,39.750,42.000,41.570,0.430,3.000,0.025,0.000,1.300,8.170,0.000,9.470,30.000,0.200,4.000,1.000
41.550,39.140,37.610,39.750,42.000,41.550,0.450,3.000,0.025,0.000,1.350,8.170,0.000,9.520,30.000,0.200,4.000,1.000
41.550,39.140,37.610,39.760,42.000,41.550,0.450,3.000,0.025,0.000,1.340,8.170,0.000,9.510,30.000,0.200,4.000,1.000
41.540,39.130,37.620,39.760,42.000,41.540,0.460,3.000,0.025,0.000,1.380,8.170,0.000,9.550,30.000,0.200,4.000,1.000
41.540,39.140,37.620,39.760,42.000,41.540,0.460,3.000,0.025,0.000,1.370,8.180,0.000,9.550,30.000,0.200,4.000,1.000
41.530,39.130,37.630,39.770,42.000,41.530,0.470,3.000,0.025,0.000,1.400,8.180,0.000,9.570,30.000,0.200,4.000,1.000
41.540,39.140,37.630,39.770,42.000,41.540,0.460,3.000,0.025,0.000,1.380,8.180,0.000,9.560,30.000,0.200,4.000,1.000
41.540,39.130,37.630,39.780,42.000,41.540,0.460,3.000,0.025,0.000,1.390,8.180,0.000,9.570,30.000,0.200,4.000,1.000
41.550,39.140,37.630,39.770,42.000,41.550,0.450,3.000,0.025,0.000,1.340,8.180,0.000,9.520,30.000,0.200,4.000,1.000
41.550,39.140,37.640,39.790,42.000,41.550,0.450,3.000,0.025,0.000,1.340,8.190,0.000,9.530,30.000,0.200,4.000,1.000
41.560,39.150,37.640,39.790,42.000,41.560,0.440,3.000,0.025,0.000,1.310,8.190,0.000,9.500,30.000,0.200,4.000,1.000
41.570,39.150,37.650,39.790,42.000,41.570,0.430,3.000,0.025,0.000,1.300,8.190,0.000,9.500,30.000,0.200,4.000,1.000
41.580,39.160,37.650,39.790,42.000,41.580,0.420,3.000,0.025,0.000,1.260,8.190,0.000,9.450,30.000,0.200,4.000,1.000
41.590,39.160,37.650,39.800,42.000,41.590,0.410,3.000,0.025,0.000,1.240,8.200,0.000,9.430,30.000,0.200,4.000,1.000
41.600,39.170,37.660,39.800,42.000,41.600,0.400,3.000,0.025,0.000,1.200,8.200,0.000,9.400,30.000,0.200,4.000,1.000
41.610,39.170,37.660,39.810,42.000,41.610,0.390,3.000,0.025,0.000,1.170,8.200,0.000,9.370,30.000,0.200,4.000,1.000
41.620,39.190,37.670,39.810,42.000,41.620,0.380,3.000,0.025,0.000,1.130,8.200,0.000,9.330,30.000,0.200,4.000,1.000
41.630,39.190,37.670,39.820,42.000,41.630,0.370,3.000,0.025,0.000,1.100,8.200,0.000,9.310,30.000,0.200,4.000,1.000
41.640,39.200,37.670,39.820,42.000,41.640,0.360,3.000,0.025,0.000,1.090,8.200,0.000,9.290,30.000,0.200,4.000,1.000
41.640,39.200,37.680,39.830,42.000,41.640,0.360,3.000,0.025,0.000,1.070,8.210,0.000,9.270,30.000,0.200,4.000,1.000
41.660,39.220,37.680,39.830,42.000,41.660,0.340,3.000,0.025,0.000,1.030,8.210,0.000,9.230,30.000,0.200,4.000,1.000
41.660,39.210,37.690,39.830,42.000,41.660,0.340,3.000,0.025,0.000,1.020,8.210,0.000,9.230,30.000,0.200,4.000,1.000
41.670,39.230,37.690,39.830,42.000,41.670,0.330,3.000,0.025,0.000,0.980,8.210,0.000,9.200,30.000,0.200,4.000,1.000
41.680,39.230,37.700,39.840,42.000,41.680,0.320,3.000,0.025,0.000,0.950,8.210,0.000,9.170,30.000,0.200,4.000,1.000
41.700,39.240,37.700,39.840,42.000,41.700,0.300,3.000,0.025,0.000,0.910,8.210,0.000,9.120,30.000,0.200,4.000,1.000
41.710,39.250,37.700,39.850,42.000,41.710,0.290,3.000,0.025,0.000,0.880,8.220,0.000,9.100,30.000,0.200,4.000,1.000
41.720,39.260,37.710,39.850,42.000,41.720,0.280,3.000,0.025,0.000,0.850,8.220,0.000,9.070,30.000,0.200,4.000,1.000
41.720,39.270,37.710,39.860,42.000,41.720,0.280,3.000,0.025,0.000,0.850,8.220,0.000,9.070,30.000,0.200,4.000,1.000
41.730,39.280,37.710,39.860,42.000,41.730,0.270,3.000,0.025,0.000,0.810,8.220,0.000,9.030,30.000,0.200,4.000,1.000
41.730,39.290,37.720,39.870,42.000,41.730,0.270,3.000,0.025,0.000,0.810,8.220,0.000,9.030,30.000,0.200,4.000,1.000
41.740,39.300,37.720,39.870,42.000,41.740,0.260,3.000,0.025,0.000,0.780,8.220,0.000,9.000,30.000,0.200,4.000,1.000
41.740,39.300,37.730,39.880,42.000,41.740,0.260,3.000,0.025,0.000,0.790,8.220,0.000,9.010,30.000,0.200,4.000,1.000
41.750,39.320,37.730,39.880,42.000,41.750,0.250,3.000,0.025,0.000,0.740,8.230,0.000,8.970,30.000,0.200,4.000,1.000
41.740,39.320,37.740,39.890,42.000,41.740,0.260,3.000,0.025,0.000,0.770,8.230,0.000,8.990,30.000,0.200,4.000,1.000
41.760,39.340,37.740,39.890,42.000,41.760,0.240,3.000,0.025,0.000,0.730,8.230,0.000,8.950,30.000,0.200,4.000,1.000
41.760,39.350,37.750,39.890,42.000,41.760,0.240,3.000,0.025,0.000,0.730,8.230,0.000,8.960,30.000,0.200,4.000,1.000
41.770,39.360,37.740,39.900,42.000,41.770,0.230,3.000,0.025,0.000,0.680,8.230,0.000,8.910,30.000,0.200,4.000,1.000
41.770,39.370,37.760,39.900,42.000,41.770,0.230,3.000,0.025,0.000,0.690,8.230,0.000,8.920,30.000,0.200,4.000,1.000
41.790,39.380,37.750,39.900,42.000,41.790,0.210,3.000,0.025,0.000,0.640,8.230,0.000,8.870,30.000,0.200,4.000,1.000
41.790,39.390,37.760,39.910,42.000,41.790,0.210,3.000,0.025,0.000,0.620,8.230,0.000,8.850,30.000,0.200,4.000,1.000
41.820,39.400,37.760,39.910,42.000,41.820,0.180,3.000,0.025,0.000,0.550,8.230,0.000,8.790,30.000,0.200,4.000,1.000
41.820,39.410,37.760,39.910,42.000,41.820,0.180,3.000,0.025,0.000,0.550,8.240,0.000,8.780,30.000,0.200,4.000,1.000
41.830,39.430,37.760,39.920,42.000,41.830,0.170,3.000,0.025,0.000,0.500,8.240,0.000,8.740,30.000,0.200,4.000,1.000
41.840,39.430,37.770,39.920,42.000,41.840,0.160,3.000,0.025,0.000,0.490,8.240,0.000,8.730,30.000,0.200,4.000,1.000
41.850,39.450,37.770,39.920,42.000,41.850,0.150,3.000,0.025,0.000,0.440,8.240,0.000,8.680,30.000,0.200,4.000,1.000
41.860,39.450,37.780,39.930,42.000,41.860,0.140,3.000,0.025,0.000,0.430,8.240,0.000,8.670,30.000,0.200,4.000,1.000
41.870,39.460,37.780,39.930,42.000,41.870,0.130,3.000,0.025,0.000,0.390,8.240,0.000,8.630,30.000,0.200,4.000,1.000
41.880,39.470,37.790,39.930,42.000,41.880,0.120,3.000,0.025,0.000,0.370,8.240,0.000,8.610,30.000,0.200,4.000,1.000
41.890,39.490,37.780,39.940,42.000,41.890,0.110,3.000,0.025,0.000,0.330,8.240,0.000,8.570,30.000,0.200,4.000,1.000
41.890,39.490,37.790,39.940,42.000,41.890,0.110,3.000,0.025,0.000,0.340,8.240,0.000,8.580,30.000,0.200,4.000,1.000
41.900,39.500,37.780,39.940,42.000,41.900,0.100,3.000,0.025,0.000,0.300,8.240,0.000,8.540,30.000,0.200,4.000,1.000
41.900,39.510,37.800,39.940,42.000,41.900,0.100,3.000,0.025,0.000,0.300,8.240,0.000,8.540,30.000,0.200,4.000,1.000
41.920,39.520,37.790,39.950,42.000,41.920,0.080,3.000,0.025,0.000,0.250,8.240,0.000,8.490,30.000,0.200,4.000,1.000
41.910,39.520,37.800,39.950,42.000,41.910,0.090,3.000,0.025,0.000,0.260,8.240,0.000,8.500,30.000,0.200,4.000,1.000
41.920,39.540,37.800,39.950,42.000,41.920,0.080,3.000,0.025,0.000,0.240,8.240,0.000,8.480,30.000,0.200,4.000,1.000
41.910,39.540,37.800,39.960,42.000,41.910,0.090,3.000,0.025,0.000,0.280,8.240,0.000,8.530,30.000,0.200,4.000,1.000
41.900,39.560,37.800,39.960,42.000,41.900,0.100,3.000,0.025,0.000,0.290,8.240,0.000,8.530,30.000,0.200,4.000,1.000
41.890,39.560,37.810,39.960,42.000,41.890,0.110,3.000,0.025,0.000,0.340,8.240,0.000,8.580,30.000,0.200,4.000,1.000
41.880,39.570,37.800,39.960,42.000,41.880,0.120,3.000,0.025,0.000,0.350,8.250,0.000,8.600,30.000,0.200,4.000,1.000
41.870,39.570,37.810,39.970,42.000,41.870,0.130,3.000,0.025,0.000,0.380,8.250,0.000,8.630,30.000,0.200,4.000,1.000
41.860,39.580,37.810,39.970,42.000,41.860,0.140,3.000,0.025,0.000,0.410,8.250,0.000,8.650,30.000,0.200,4.000,1.000
41.850,39.570,37.820,39.970,42.000,41.850,0.150,3.000,0.025,0.000,0.450,8.250,0.000,8.690,30.000,0.200,4.000,1.000
41.850,39.580,37.810,39.970,42.000,41.850,0.150,3.000,0.025,0.000,0.460,8.250,0.000,8.700,30.000,0.200,4.000,1.000
41.840,39.570,37.820,39.980,42.000,41.840,0.160,3.000,0.025,0.000,0.490,8.250,0.000,8.730,30.000,0.200,4.000,1.000
41.830,39.580,37.820,39.980,42.000,41.830,0.170,3.000,0.025,0.000,0.520,8.250,0.000,8.770,30.000,0.200,4.000,1.000
41.820,39.570,37.820,39.990,42.000,41.820,0.180,3.000,0.025,0.000,0.540,8.250,0.000,8.790,30.000,0.200,4.000,1.000
41.810,39.570,37.820,39.980,42.000,41.810,0.190,3.000,0.025,0.000,0.570,8.250,0.000,8.820,30.000,0.200,4.000,1.000
41.810,39.560,37.820,39.990,42.000,41.810,0.190,3.000,0.025,0.000,0.570,8.250,0.000,8.820,30.000,0.200,4.000,1.000
41.800,39.560,37.820,39.980,42.000,41.800,0.200,3.000,0.025,0.000,0.600,8.250,0.000,8.850,30.000,0.200,4.000,1.000
41.800,39.550,37.820,39.990,42.000,41.800,0.200,3.000,0.025,0.000,0.600,8.250,0.000,8.850,30.000,0.200,4.000,1.000
41.800,39.550,37.830,39.990,42.000,41.800,0.200,3.000,0.025,0.000,0.600,8.260,0.000,8.860,30.000,0.200,4.000,1.000
41.800,39.540,37.820,39.990,42.000,41.800,0.200,3.000,0.025,0.000,0.590,8.260,0.000,8.850,30.000,0.200,4.000,1.000
41.790,39.530,37.840,39.990,42.000,41.790,0.210,3.000,0.025,0.000,0.630,8.260,0.000,8.890,30.000,0.200,4.000,1.000
41.790,39.520,37.830,40.000,42.000,41.790,0.210,3.000,0.025,0.000,0.630,8.260,0.000,8.890,30.000,0.200,4.000,1.000
41.770,39.510,37.840,40.000,42.000,41.770,0.230,3.000,0.025,0.000,0.680,8.260,0.000,8.940,30.000,0.200,4.000,1.000
41.780,39.510,37.830,40.000,42.000,41.780,0.220,3.000,0.025,0.000,0.670,8.260,0.000,8.940,30.000,0.200,4.000,1.000
41.760,39.490,37.840,40.010,42.000,41.760,0.240,3.000,0.025,0.000,0.720,8.260,0.000,8.980,30.000,0.200,4.000,1.000
41.760,39.490,37.840,40.000,42.000,41.760,0.240,3.000,0.025,0.000,0.720,8.260,0.000,8.980,30.000,0.200,4.000,1.000
41.750,39.470,37.840,40.010,42.000,41.750,0.250,3.000,0.025,0.000,0.760,8.260,0.000,9.030,30.000,0.200,4.000,1.000
41.730,39.470,37.840,40.000,42.000,41.730,0.270,3.000,0.025,0.000,0.800,8.270,0.000,9.070,30.000,0.200,4.000,1.000
41.730,39.450,37.840,40.010,42.000,41.730,0.270,3.000,0.025,0.000,0.810,8.270,0.000,9.070,30.000,0.200,4.000,1.000
41.720,39.450,37.850,40.010,42.000,41.720,0.280,3.000,0.025,0.000,0.850,8.270,0.000,9.120,30.000,0.200,4.000,1.000
41.730,39.440,37.840,40.020,42.000,41.730,0.270,3.000,0.025,0.000,0.820,8.270,0.000,9.090,30.000,0.200,4.000,1.000
41.710,39.430,37.850,40.020,42.000,41.710,0.290,3.000,0.025,0.000,0.880,8.270,0.000,9.150,30.000,0.200,4.000,1.000
41.710,39.420,37.850,40.020,42.000,41.710,0.290,3.000,0.025,0.000,0.860,8.270,0.000,9.130,30.000,0.200,4.000,1.000
41.710,39.400,37.850,40.030,42.000,41.710,0.290,3.000,0.025,0.000,0.880,8.270,0.000,9.150,30.000,0.200,4.000,1.000
41.700,39.410,37.850,40.020,42.000,41.700,0.300,3.000,0.025,0.000,0.890,8.280,0.000,9.170,30.000,0.200,4.000,1.000
41.700,39.390,37.850,40.030,42.000,41.700,0.300,3.000,0.025,0.000,0.890,8.280,0.000,9.160,30.000,0.200,4.000,1.000
41.700,39.390,37.860,40.030,42.000,41.700,0.300,3.000,0.025,0.000,0.890,8.280,0.000,9.170,30.000,0.200,4.000,1.000
41.700,39.380,37.850,40.040,42.000,41.700,0.300,3.000,0.025,0.000,0.890,8.280,0.000,9.170,30.000,0.200,4.000,1.000
41.690,39.380,37.870,40.040,42.000,41.690,0.310,3.000,0.025,0.000,0.930,8.280,0.000,9.210,30.000,0.200,4.000,1.000
41.700,39.370,37.860,40.040,42.000,41.700,0.300,3.000,0.025,0.000,0.900,8.280,0.000,9.190,30.000,0.200,4.000,1.000
41.690,39.360,37.870,40.040,42.000,41.690,0.310,3.000,0.025,0.000,0.940,8.280,0.000,9.230,30.000,0.200,4.000,1.000
41.690,39.360,37.870,40.040,42.000,41.690,0.310,3.000,0.025,0.000,0.920,8.290,0.000,9.200,30.000,0.200,4.000,1.000
41.690,39.350,37.870,40.060,42.000,41.690,0.310,3.000,0.025,0.000,0.930,8.290,0.000,9.220,30.000,0.200,4.000,1.000
41.690,39.360,37.870,40.050,42.000,41.690,0.310,3.000,0.025,0.000,0.930,8.290,0.000,9.210,30.000,0.200,4.000,1.000
41.690,39.350,37.870,40.060,42.000,41.690,0.310,3.000,0.025,0.000,0.920,8.290,0.000,9.210,30.000,0.200,4.000,1.000
41.700,39.350,37.880,40.050,42.000,41.700,0.300,3.000,0.025,0.000,0.890,8.290,0.000,9.180,30.000,0.200,4.000,1.000
41.710,39.350,37.880,40.070,42.000,41.710,0.290,3.000,0.025,0.000,0.860,8.290,0.000,9.150,30.000,0.200,4.000,1.000
41.720,39.350,37.890,40.070,42.000,41.720,0.280,3.000,0.025,0.000,0.830,8.300,0.000,9.130,30.000,0.200,4.000,1.000
41.730,39.350,37.880,40.060,42.000,41.730,0.270,3.000,0.025,0.000,0.800,8.300,0.000,9.090,30.000,0.200,4.000,1.000
41.740,39.350,37.890,40.070,42.000,41.740,0.260,3.000,0.025,0.000,0.780,8.300,0.000,9.080,30.000,0.200,4.000,1.000
41.750,39.360,37.890,40.070,42.000,41.750,0.250,3.000,0.025,0.000,0.760,8.300,0.000,9.060,30.000,0.200,4.000,1.000
41.750,39.350,37.900,40.080,42.000,41.750,0.250,3.000,0.025,0.000,0.740,8.300,0.000,9.040,30.000,0.200,4.000,1.000
41.760,39.360,37.890,40.080,42.000,41.760,0.240,3.000,0.025,0.000,0.730,8.300,0.000,9.030,30.000,0.200,4.000,1.000
41.770,39.360,37.900,40.080,42.000,41.770,0.230,3.000,0.025,0.000,0.700,8.300,0.000,9.000,30.000,0.200,4.000,1.000
41.770,39.370,37.900,40.090,42.000,41.770,0.230,3.000,0.025,0.000,0.700,8.300,0.000,9.010,30.000,0.200,4.000,1.000
41.780,39.360,37.900,40.090,42.000,41.780,0.220,3.000,0.025,0.000,0.670,8.310,0.000,8.970,30.000,0.200,4.000,1.000
41.780,39.370,37.910,40.090,42.000,41.780,0.220,3.000,0.025,0.000,0.650,8.310,0.000,8.960,30.000,0.200,4.000,1.000
41.790,39.370,37.900,40.090,42.000,41.790,0.210,3.000,0.025,0.000,0.620,8.310,0.000,8.930,30.000,0.200,4.000,1.000
41.800,39.360,37.910,40.100,42.000,41.800,0.200,3.000,0.025,0.000,0.590,8.310,0.000,8.900,30.000,0.200,4.000,1.000
41.820,39.370,37.920,40.100,42.000,41.820,0.180,3.000,0.025,0.000,0.550,8.310,0.000,8.860,30.000,0.200,4.000,1.000
41.830,39.360,37.920,40.110,42.000,41.830,0.170,3.000,0.025,0.000,0.510,8.310,0.000,8.820,30.000,0.200,4.000,1.000
41.850,39.370,37.920,40.110,42.000,41.850,0.150,3.000,0.025,0.000,0.460,8.310,0.000,8.770,30.000,0.200,4.000,1.000
41.860,39.370,37.920,40.110,42.000,41.860,0.140,3.000,0.025,0.000,0.410,8.310,0.000,8.720,30.000,0.200,4.000,1.000
41.870,39.370,37.920,40.120,42.000,41.870,0.130,3.000,0.025,0.000,0.390,8.310,0.000,8.700,30.000,0.200,4.000,1.000
41.900,39.370,37.920,40.120,42.000,41.900,0.100,3.000,0.025,0.000,0.310,8.310,0.000,8.630,30.000,0.200,4.000,1.000
41.910,39.370,37.930,40.120,42.000,41.910,0.090,3.000,0.025,0.000,0.280,8.310,0.000,8.590,30.000,0.200,4.000,1.000
41.920,39.390,37.930,40.120,42.000,41.920,0.080,3.000,0.025,0.000,0.240,8.310,0.000,8.560,30.000,0.200,4.000,1.000
41.940,39.390,37.930,40.130,42.000,41.940,0.060,3.000,0.025,0.000,0.190,8.310,0.000,8.510,30.000,0.200,4.000,1.000
41.940,39.390,37.940,40.130,42.000,41.940,0.060,3.000,0.025,0.000,0.190,8.310,0.000,8.500,30.000,0.200,4.000,1.000
41.950,39.400,37.930,40.130,42.000,41.950,0.050,3.000,0.025,0.000,0.150,8.310,0.000,8.470,30.000,0.200,4.000,1.000
41.950,39.400,37.940,40.140,42.000,41.950,0.050,3.000,0.025,0.000,0.160,8.310,0.000,8.470,30.000,0.200,4.000,1.000
41.960,39.410,37.940,40.130,42.000,41.960,0.040,3.000,0.025,0.000,0.130,8.310,0.000,8.450,30.000,0.200,4.000,1.000
41.950,39.400,37.940,40.140,42.000,41.950,0.050,3.000,0.025,0.000,0.150,8.320,0.000,8.460,30.000,0.200,4.000,1.000
41.940,39.400,37.940,40.140,42.000,41.940,0.060,3.000,0.025,0.000,0.170,8.320,0.000,8.480,30.000,0.200,4.000,1.000
41.950,39.400,37.940,40.140,42.000,41.950,0.050,3.000,0.025,0.000,0.150,8.320,0.000,8.470,30.000,0.200,4.000,1.000
41.930,39.390,37.950,40.150,42.000,41.930,0.070,3.000,0.025,0.000,0.210,8.320,0.000,8.530,30.000,0.200,4.000,1.000
41.930,39.390,37.940,40.150,42.000,41.930,0.070,3.000,0.025,0.000,0.220,8.320,0.000,8.530,30.000,0.200,4.000,1.000
41.910,39.370,37.950,40.150,42.000,41.910,0.090,3.000,0.025,0.000,0.270,8.320,0.000,8.590,30.000,0.200,4.000,1.000
41.900,39.370,37.950,40.150,42.000,41.900,0.100,3.000,0.025,0.000,0.300,8.320,0.000,8.620,30.000,0.200,4.000,1.000
41.900,39.360,37.950,40.160,42.000,41.900,0.100,3.000,0.025,0.000,0.310,8.320,0.000,8.620,30.000,0.200,4.000,1.000
41.880,39.340,37.950,40.150,42.000,41.880,0.120,3.000,0.025,0.000,0.370,8.320,0.000,8.690,30.000,0.200,4.000,1.000
41.870,39.330,37.940,40.160,42.000,41.870,0.130,3.000,0.025,0.000,0.390,8.320,0.000,8.710,30.000,0.200,4.000,1.000
41.850,39.330,37.950,40.160,42.000,41.850,0.150,3.000,0.025,0.000,0.450,8.320,0.000,8.770,30.000,0.200,4.000,1.000
41.840,39.330,37.950,40.160,42.000,41.840,0.160,3.000,0.025,0.000,0.470,8.320,0.000,8.790,30.000,0.200,4.000,1.000
41.830,39.310,37.950,40.170,42.000,41.830,0.170,3.000,0.025,0.000,0.510,8.320,0.000,8.840,30.000,0.200,4.000,1.000
41.810,39.310,37.950,40.160,42.000,41.810,0.190,3.000,0.025,0.000,0.560,8.320,0.000,8.880,30.000,0.200,4.000,1.000
41.810,39.310,37.960,40.160,42.000,41.810,0.190,3.000,0.025,0.000,0.570,8.320,0.000,8.900,30.000,0.200,4.000,1.000
41.790,39.310,37.960,40.170,42.000,41.790,0.210,3.000,0.025,0.000,0.620,8.320,0.000,8.940,30.000,0.200,4.000,1.000
41.790,39.310,37.950,40.170,42.000,41.790,0.210,3.000,0.025,0.000,0.630,8.330,0.000,8.950,30.000,0.200,4.000,1.000
41.780,39.310,37.960,40.170,42.000,41.780,0.220,3.000,0.025,0.000,0.670,8.330,0.000,8.990,30.000,0.200,4.000,1.000
41.770,39.320,37.960,40.170,42.000,41.770,0.230,3.000,0.025,0.000,0.690,8.330,0.000,9.020,30.000,0.200,4.000,1.000
41.770,39.320,37.950,40.170,42.000,41.770,0.230,3.000,0.025,0.000,0.700,8.330,0.000,9.030,30.000,0.200,4.000,1.000
41.760,39.320,37.960,40.180,42.000,41.760,0.240,3.000,0.025,0.000,0.730,8.330,0.000,9.060,30.000,0.200,4.000,1.000
41.760,39.330,37.960,40.170,42.000,41.760,0.240,3.000,0.025,0.000,0.710,8.330,0.000,9.040,30.000,0.200,4.000,1.000
41.750,39.330,37.960,40.180,42.000,41.750,0.250,3.000,0.025,0.000,0.740,8.330,0.000,9.070,30.000,0.200,4.000,1.000
41.760,39.330,37.970,40.170,42.000,41.760,0.240,3.000,0.025,0.000,0.710,8.330,0.000,9.040,30.000,0.200,4.000,1.000
41.770,39.330,37.960,40.180,42.000,41.770,0.230,3.000,0.025,0.000,0.700,8.330,0.000,9.040,30.000,0.200,4.000,1.000
41.770,39.340,37.970,40.180,42.000,41.770,0.230,3.000,0.025,0.000,0.690,8.340,0.000,9.030,30.000,0.200,4.000,1.000
41.780,39.340,37.970,40.190,42.000,41.780,0.220,3.000,0.025,0.000,0.650,8.340,0.000,8.990,30.000,0.200,4.000,1.000
41.790,39.340,37.970,40.190,42.000,41.790,0.210,3.000,0.025,0.000,0.630,8.340,0.000,8.970,30.000,0.200,4.000,1.000
41.800,39.360,37.970,40.180,42.000,41.800,0.200,3.000,0.025,0.000,0.590,8.340,0.000,8.930,30.000,0.200,4.000,1.000
41.810,39.360,37.970,40.190,42.000,41.810,0.190,3.000,0.025,0.000,0.570,8.340,0.000,8.910,30.000,0.200,4.000,1.000
41.820,39.370,37.980,40.190,42.000,41.820,0.180,3.000,0.025,0.000,0.550,8.340,0.000,8.890,30.000,0.200,4.000,1.000
41.820,39.370,37.970,40.190,42.000,41.820,0.180,3.000,0.025,0.000,0.540,8.340,0.000,8.880,30.000,0.200,4.000,1.000
41.820,39.370,37.970,40.190,42.000,41.820,0.180,3.000,0.025,0.000,0.540,8.340,0.000,8.880,30.000,0.200,4.000,1.000
41.820,39.390,37.980,40.190,42.000,41.820,0.180,3.000,0.025,0.000,0.550,8.340,0.000,8.900,30.000,0.200,4.000,1.000
41.820,39.390,37.970,40.190,42.000,41.820,0.180,3.000,0.025,0.000,0.550,8.340,0.000,8.890,30.000,0.200,4.000,1.000
41.810,39.390,37.980,40.200,42.000,41.810,0.190,3.000,0.025,0.000,0.580,8.350,0.000,8.930,30.000,0.200,4.000,1.000
41.800,39.400,37.980,40.190,42.000,41.800,0.200,3.000,0.025,0.000,0.590,8.350,0.000,8.940,30.000,0.200,4.000,1.000
41.790,39.390,37.980,40.200,42.000,41.790,0.210,3.000,0.025,0.000,0.620,8.350,0.000,8.960,30.000,0.200,4.000,1.000
41.780,39.400,37.990,40.190,42.000,41.780,0.220,3.000,0.025,0.000,0.650,8.350,0.000,8.990,30.000,0.200,4.000,1.000
41.790,39.400,37.980,40.200,42.000,41.790,0.210,3.000,0.025,0.000,0.630,8.350,0.000,8.980,30.000,0.200,4.000,1.000
41.780,39.400,37.980,40.200,42.000,41.780,0.220,3.000,0.025,0.000,0.660,8.350,0.000,9.020,30.000,0.200,4.000,1.000
41.780,39.410,37.990,40.200,42.000,41.780,0.220,3.000,0.025,0.000,0.670,8.350,0.000,9.020,30.000,0.200,4.000,1.000
41.780,39.410,37.990,40.200,42.000,41.780,0.220,3.000,0.025,0.000,0.670,8.350,0.000,9.020,30.000,0.200,4.000,1.000
41.770,39.410,37.990,40.210,42.000,41.770,0.230,3.000,0.025,0.000,0.690,8.350,0.000,9.040,30.000,0.200,4.000,1.000
41.770,39.420,37.990,40.200,42.000,41.770,0.230,3.000,0.025,0.000,0.690,8.360,0.000,9.050,30.000,0.200,4.000,1.000
41.780,39.420,37.990,40.210,42.000,41.780,0.220,3.000,0.025,0.000,0.670,8.360,0.000,9.030,30.000,0.200,4.000,1.000
41.770,39.430,38.000,40.210,42.000,41.770,0.230,3.000,0.025,0.000,0.680,8.360,0.000,9.040,30.000,0.200,4.000,1.000
41.780,39.440,38.000,40.200,42.000,41.780,0.220,3.000,0.025,0.000,0.670,8.360,0.000,9.030,30.000,0.200,4.000,1.000
41.770,39.440,38.000,40.210,42.000,41.770,0.230,3.000,0.025,0.000,0.680,8.360,0.000,9.040,30.000,0.200,4.000,1.000
41.770,39.450,38.000,40.210,42.000,41.770,0.230,3.000,0.025,0.000,0.700,8.360,0.000,9.060,30.000,0.200,4.000,1.000
41.770,39.470,38.000,40.210,42.000,41.770,0.230,3.000,0.025,0.000,0.690,8.360,0.000,9.060,30.000,0.200,4.000,1.000
41.770,39.470,38.000,40.220,42.000,41.770,0.230,3.000,0.025,0.000,0.690,8.360,0.000,9.060,30.000,0.200,4.000,1.000
41.770,39.480,38.010,40.210,42.000,41.770,0.230,3.000,0.025,0.000,0.680,8.360,0.000,9.040,30.000,0.200,4.000,1.000
41.780,39.490,38.000,40.220,42.000,41.780,0.220,3.000,0.025,0.000,0.650,8.370,0.000,9.020,30.000,0.200,4.000,1.000
41.780,39.490,38.010,40.220,42.000,41.780,0.220,3.000,0.025,0.000,0.650,8.370,0.000,9.010,30.000,0.200,4.000,1.000
41.800,39.510,38.010,40.220,42.000,41.800,0.200,3.000,0.025,0.000,0.610,8.370,0.000,8.980,30.000,0.200,4.000,1.000
41.800,39.520,38.010,40.220,42.000,41.800,0.200,3.000,0.025,0.000,0.590,8.370,0.000,8.960,30.000,0.200,4.000,1.000
41.810,39.520,38.020,40.220,42.000,41.810,0.190,3.000,0.025,0.000,0.570,8.370,0.000,8.940,30.000,0.200,4.000,1.000
41.830,39.540,38.020,40.220,42.000,41.830,0.170,3.000,0.025,0.000,0.520,8.370,0.000,8.890,30.000,0.200,4.000,1.000
41.830,39.540,38.010,40.230,42.000,41.830,0.170,3.000,0.025,0.000,0.510,8.370,0.000,8.880,30.000,0.200,4.000,1.000
41.840,39.540,38.020,40.230,42.000,41.840,0.160,3.000,0.025,0.000,0.490,8.370,0.000,8.860,30.000,0.200,4.000,1.000
41.850,39.550,38.020,40.230,42.000,41.850,0.150,3.000,0.025,0.000,0.440,8.370,0.000,8.820,30.000,0.200,4.000,1.000
41.850,39.550,38.030,40.230,42.000,41.850,0.150,3.000,0.025,0.000,0.440,8.370,0.000,8.820,30.000,0.200,4.000,1.000
41.860,39.550,38.030,40.230,42.000,41.860,0.140,3.000,0.025,0.000,0.420,8.370,0.000,8.790,30.000,0.200,4.000,1.000
41.870,39.550,38.020,40.230,42.000,41.870,0.130,3.000,0.025,0.000,0.390,8.370,0.000,8.760,30.000,0.200,4.000,1.000
41.870,39.550,38.030,40.240,42.000,41.870,0.130,3.000,0.025,0.000,0.390,8.380,0.000,8.770,30.000,0.200,4.000,1.000
41.870,39.560,38.030,40.240,42.000,41.870,0.130,3.000,0.025,0.000,0.380,8.380,0.000,8.750,30.000,0.200,4.000,1.000
41.880,39.560,38.030,40.240,42.000,41.880,0.120,3.000,0.025,0.000,0.350,8.380,0.000,8.720,30.000,0.200,4.000,1.000
41.880,39.560,38.030,40.250,42.000,41.880,0.120,3.000,0.025,0.000,0.360,8.380,0.000,8.740,30.000,0.200,4.000,1.000
41.890,39.570,38.040,40.240,42.000,41.890,0.110,3.000,0.025,0.000,0.330,8.380,0.000,8.710,30.000,0.200,4.000,1.000
41.900,39.570,38.030,40.250,42.000,41.900,0.100,3.000,0.025,0.000,0.310,8.380,0.000,8.680,30.000,0.200,4.000,1.000
41.900,39.570,38.040,40.250,42.000,41.900,0.100,3.000,0.025,0.000,0.310,8.380,0.000,8.690,30.000,0.200,4.000,1.000
41.910,39.580,38.040,40.250,42.000,41.910,0.090,3.000,0.025,0.000,0.280,8.380,0.000,8.660,30.000,0.200,4.000,1.000
41.920,39.580,38.040,40.260,42.000,41.920,0.080,3.000,0.025,0.000,0.250,8.380,0.000,8.630,30.000,0.200,4.000,1.000
41.920,39.580,38.040,40.260,42.000,41.920,0.080,3.000,0.025,0.000,0.240,8.380,0.000,8.620,30.000,0.200,4.000,1.000
41.930,39.580,38.040,40.260,42.000,41.930,0.070,3.000,0.025,0.000,0.220,8.380,0.000,8.600,30.000,0.200,4.000,1.000
41.940,39.580,38.040,40.260,42.000,41.940,0.060,3.000,0.025,0.000,0.190,8.380,0.000,8.570,30.000,0.200,4.000,1.000
41.930,39.570,38.050,40.270,42.000,41.930,0.070,3.000,0.025,0.000,0.200,8.380,0.000,8.580,30.000,0.200,4.000,1.000
41.940,39.580,38.050,40.260,42.000,41.940,0.060,3.000,0.025,0.000,0.190,8.380,0.000,8.570,30.000,0.200,4.000,1.000
41.940,39.570,38.050,40.270,42.000,41.940,0.060,3.000,0.025,0.000,0.170,8.380,0.000,8.550,30.000,0.200,4.000,1.000
41.940,39.570,38.050,40.270,42.000,41.940,0.060,3.000,0.025,0.000,0.170,8.380,0.000,8.560,30.000,0.200,4.000,1.000
41.950,39.560,38.050,40.270,42.000,41.950,0.050,3.000,0.025,0.000,0.150,8.380,0.000,8.530,30.000,0.200,4.000,1.000
41.950,39.550,38.050,40.270,42.000,41.950,0.050,3.000,0.025,0.000,0.150,8.380,0.000,8.530,30.000,0.200,4.000,1.000
41.940,39.550,38.060,40.280,42.000,41.940,0.060,3.000,0.025,0.000,0.190,8.380,0.000,8.580,30.000,0.200,4.000,1.000
41.940,39.560,38.060,40.270,42.000,41.940,0.060,3.000,0.025,0.000,0.180,8.380,0.000,8.560,30.000,0.200,4.000,1.000
41.940,39.540,38.050,40.280,42.000,41.940,0.060,3.000,0.025,0.000,0.170,8.380,0.000,8.560,30.000,0.200,4.000,1.000
41.930,39.540,38.060,40.280,42.000,41.930,0.070,3.000,0.025,0.000,0.200,8.380,0.000,8.580,30.000,0.200,4.000,1.000
41.950,39.540,38.060,40.270,42.000,41.950,0.050,3.000,0.025,0.000,0.150,8.380,0.000,8.530,30.000,0.200,4.000,1.000
41.960,39.530,38.050,40.280,42.000,41.960,0.040,3.000,0.025,0.000,0.130,8.380,0.000,8.520,30.000,0.200,4.000,1.000
41.950,39.520,38.070,40.290,42.000,41.950,0.050,3.000,0.025,0.000,0.150,8.380,0.000,8.540,30.000,0.200,4.000,1.000
41.960,39.520,38.070,40.280,42.000,41.960,0.040,3.000,0.025,0.000,0.120,8.380,0.000,8.510,30.000,0.200,4.000,1.000
41.970,39.510,38.060,40.280,42.000,41.970,0.030,3.000,0.025,0.000,0.100,8.380,0.000,8.480,30.000,0.200,4.000,1.000
41.970,39.510,38.070,40.290,42.000,41.970,0.030,3.000,0.025,0.000,0.100,8.390,0.000,8.480,30.000,0.200,4.000,1.000
41.980,39.520,38.070,40.290,42.000,41.980,0.020,3.000,0.025,0.000,0.060,8.390,0.000,8.450,30.000,0.200,4.000,1.000
41.990,39.510,38.060,40.290,42.000,41.990,0.010,3.000,0.025,0.000,0.030,8.390,0.000,8.420,30.000,0.200,4.000,1.000
41.980,39.500,38.070,40.290,42.000,41.980,0.020,3.000,0.025,0.000,0.060,8.390,0.000,8.440,30.000,0.200,4.000,1.000
41.980,39.510,38.070,40.290,42.000,41.980,0.020,3.000,0.025,0.000,0.070,8.390,0.000,8.450,30.000,0.200,4.000,1.000
41.990,39.510,38.070,40.290,42.000,41.990,0.010,3.000,0.025,0.000,0.020,8.390,0.000,8.410,30.000,0.200,4.000,1.000
41.990,39.490,38.070,40.300,42.000,41.990,0.010,3.000,0.025,0.000,0.040,8.390,0.000,8.430,30.000,0.200,4.000,1.000
41.980,39.490,38.080,40.290,42.000,41.980,0.020,3.000,0.025,0.000,0.050,8.390,0.000,8.440,30.000,0.200,4.000,1.000
41.990,39.500,38.070,40.290,42.000,41.990,0.010,3.000,0.025,0.000,0.020,8.390,0.000,8.400,30.000,0.200,4.000,1.000
42.000,39.490,38.070,40.290,42.000,42.000,0.000,3.000,0.025,0.000,0.010,8.390,0.000,8.400,30.000,0.200,4.000,1.000
41.990,39.490,38.080,40.300,42.000,41.990,0.010,3.000,0.025,0.000,0.040,8.390,0.000,8.420,30.000,0.200,4.000,1.000
41.990,39.490,38.070,40.290,42.000,41.990,0.010,3.000,0.025,0.000,0.030,8.390,0.000,8.420,30.000,0.200,4.000,1.000
42.000,39.490,38.070,40.290,42.000,42.000,0.000,3.000,0.025,0.000,0.010,8.390,0.000,8.390,30.000,0.200,4.000,1.000
41.990,39.470,38.070,40.300,42.000,41.990,0.010,3.000,0.025,0.000,0.030,8.390,0.000,8.410,30.000,0.200,4.000,1.000
41.990,39.480,38.080,40.290,42.000,41.990,0.010,3.000,0.025,0.000,0.020,8.390,0.000,8.400,30.000,0.200,4.000,1.000
42.000,39.480,38.070,40.290,42.000,42.000,0.000,3.000,0.025,0.000,0.000,8.390,0.000,8.380,30.000,0.200,4.000,1.000
42.000,39.470,38.080,40.300,42.000,42.000,0.000,3.000,0.025,0.000,0.000,8.390,0.000,8.380,30.000,0.200,4.000,1.000
42.000,39.470,38.080,40.300,42.000,42.000,0.000,3.000,0.025,0.000,0.000,8.390,0.000,8.390,30.000,0.200,4.000,1.000
42.020,39.480,38.070,40.290,42.000,42.020,-0.020,3.000,0.025,0.000,-0.050,8.390,0.000,8.340,30.000,0.200,4.000,1.000
42.020,39.470,38.080,40.300,42.000,42.020,-0.020,3.000,0.025,0.000,-0.050,8.390,0.000,8.330,30.000,0.200,4.000,1.000
42.010,39.460,38.080,40.290,42.000,42.010,-0.010,3.000,0.025,0.000,-0.030,8.390,0.000,8.360,30.000,0.200,4.000,1.000
42.010,39.470,38.090,40.290,42.000,42.010,-0.010,3.000,0.025,0.000,-0.040,8.390,0.000,8.340,30.000,0.200,4.000,1.000
42.020,39.460,38.080,40.290,42.000,42.020,-0.020,3.000,0.025,0.000,-0.050,8.390,0.000,8.340,30.000,0.200,4.000,1.000
42.000,39.450,38.080,40.300,42.000,42.000,0.000,3.000,0.025,0.000,-0.010,8.390,0.000,8.380,30.000,0.200,4.000,1.000
42.000,39.460,38.090,40.280,42.000,42.000,0.000,3.000,0.025,0.000,-0.010,8.390,0.000,8.370,30.000,0.200,4.000,1.000
42.010,39.470,38.080,40.290,42.000,42.010,-0.010,3.000,0.025,0.000,-0.020,8.390,0.000,8.370,30.000,0.200,4.000,1.000
41.990,39.450,38.090,40.300,42.000,41.990,0.010,3.000,0.025,0.000,0.020,8.390,0.000,8.410,30.000,0.200,4.000,1.000
41.980,39.460,38.090,40.290,42.000,41.980,0.020,3.000,0.025,0.000,0.050,8.390,0.000,8.430,30.000,0.200,4.000,1.000
41.980,39.470,38.080,40.280,42.000,41.980,0.020,3.000,0.025,0.000,0.050,8.390,0.000,8.440,30.000,0.200,4.000,1.000
41.960,39.460,38.080,40.290,42.000,41.960,0.040,3.000,0.025,0.000,0.110,8.390,0.000,8.490,30.000,0.200,4.000,1.000
41.940,39.470,38.090,40.280,42.000,41.940,0.060,3.000,0.025,0.000,0.170,8.390,0.000,8.560,30.000,0.200,4.000,1.000
41.940,39.470,38.080,40.280,42.000,41.940,0.060,3.000,0.025,0.000,0.170,8.390,0.000,8.560,30.000,0.200,4.000,1.000
41.920,39.460,38.080,40.290,42.000,41.920,0.080,3.000,0.025,0.000,0.230,8.390,0.000,8.610,30.000,0.200,4.000,1.000
41.910,39.460,38.090,40.280,42.000,41.910,0.090,3.000,0.025,0.000,0.270,8.390,0.000,8.650,30.000,0.200,4.000,1.000
41.910,39.460,38.080,40.280,42.000,41.910,0.090,3.000,0.025,0.000,0.270,8.390,0.000,8.660,30.000,0.200,4.000,1.000
41.900,39.440,38.080,40.280,42.000,41.900,0.100,3.000,0.025,0.000,0.300,8.390,0.000,8.690,30.000,0.200,4.000,1.000
41.880,39.440,38.090,40.280,42.000,41.880,0.120,3.000,0.025,0.000,0.350,8.390,0.000,8.740,30.000,0.200,4.000,1.000
41.880,39.430,38.080,40.280,42.000,41.880,0.120,3.000,0.025,0.000,0.370,8.390,0.000,8.760,30.000,0.200,4.000,1.000
41.870,39.410,38.070,40.280,42.000,41.870,0.130,3.000,0.025,0.000,0.400,8.390,0.000,8.790,30.000,0.200,4.000,1.000
41.850,39.400,38.080,40.280,42.000,41.850,0.150,3.000,0.025,0.000,0.450,8.390,0.000,8.840,30.000,0.200,4.000,1.000
41.840,39.400,38.080,40.270,42.000,41.840,0.160,3.000,0.025,0.000,0.470,8.390,0.000,8.860,30.000,0.200,4.000,1.000
41.840,39.380,38.070,40.280,42.000,41.840,0.160,3.000,0.025,0.000,0.490,8.390,0.000,8.880,30.000,0.200,4.000,1.000
41.820,39.370,38.080,40.270,42.000,41.820,0.180,3.000,0.025,0.000,0.540,8.390,0.000,8.940,30.000,0.200,4.000,1.000
41.810,39.360,38.070,40.270,42.000,41.810,0.190,3.000,0.025,0.000,0.560,8.390,0.000,8.950,30.000,0.200,4.000,1.000
41.800,39.330,38.080,40.280,42.000,41.800,0.200,3.000,0.025,0.000,0.600,8.400,0.000,9.000,30.000,0.200,4.000,1.000
41.780,39.320,38.080,40.270,42.000,41.780,0.220,3.000,0.025,0.000,0.650,8.400,0.000,9.050,30.000,0.200,4.000,1.000
41.780,39.310,38.070,40.270,42.000,41.780,0.220,3.000,0.025,0.000,0.650,8.400,0.000,9.050,30.000,0.200,4.000,1.000
41.770,39.290,38.080,40.270,42.000,41.770,0.230,3.000,0.025,0.000,0.690,8.400,0.000,9.090,30.000,0.200,4.000,1.000
41.760,39.290,38.080,40.270,42.000,41.760,0.240,3.000,0.025,0.000,0.710,8.400,0.000,9.110,30.000,0.200,4.000,1.000
41.770,39.270,38.070,40.270,42.000,41.770,0.230,3.000,0.025,0.000,0.690,8.400,0.000,9.100,30.000,0.200,4.000,1.000
41.750,39.260,38.070,40.280,42.000,41.750,0.250,3.000,0.025,0.000,0.750,8.400,0.000,9.150,30.000,0.200,4.000,1.000
41.750,39.260,38.080,40.270,42.000,41.750,0.250,3.000,0.025,0.000,0.760,8.400,0.000,9.160,30.000,0.200,4.000,1.000
41.750,39.250,38.070,40.270,42.000,41.750,0.250,3.000,0.025,0.000,0.750,8.400,0.000,9.160,30.000,0.200,4.000,1.000
41.740,39.230,38.070,40.270,42.000,41.740,0.260,3.000,0.025,0.000,0.790,8.410,0.000,9.190,30.000,0.200,4.000,1.000
41.730,39.240,38.070,40.270,42.000,41.730,0.270,3.000,0.025,0.000,0.800,8.410,0.000,9.200,30.000,0.200,4.000,1.000
41.740,39.230,38.060,40.270,42.000,41.740,0.260,3.000,0.025,0.000,0.790,8.410,0.000,9.200,30.000,0.200,4.000,1.000
41.730,39.220,38.080,40.280,42.000,41.730,0.270,3.000,0.025,0.000,0.810,8.410,0.000,9.220,30.000,0.200,4.000,1.000
41.730,39.220,38.080,40.270,42.000,41.730,0.270,3.000,0.025,0.000,0.810,8.410,0.000,9.220,30.000,0.200,4.000,1.000
41.740,39.210,38.070,40.270,42.000,41.740,0.260,3.000,0.025,0.000,0.790,8.410,0.000,9.200,30.000,0.200,4.000,1.000
41.730,39.200,38.080,40.280,42.000,41.730,0.270,3.000,0.025,0.000,0.810,8.410,0.000,9.220,30.000,0.200,4.000,1.000
41.740,39.210,38.080,40.270,42.000,41.740,0.260,3.000,0.025,0.000,0.790,8.420,0.000,9.200,30.000,0.200,4.000,1.000
41.740,39.210,38.070,40.280,42.000,41.740,0.260,3.000,0.025,0.000,0.780,8.420,0.000,9.190,30.000,0.200,4.000,1.000
41.740,39.200,38.090,40.280,42.000,41.740,0.260,3.000,0.025,0.000,0.780,8.420,0.000,9.200,30.000,0.200,4.000,1.000
41.750,39.210,38.080,40.270,42.000,41.750,0.250,3.000,0.025,0.000,0.760,8.420,0.000,9.170,30.000,0.200,4.000,1.000
41.760,39.200,38.080,40.280,42.000,41.760,0.240,3.000,0.025,0.000,0.730,8.420,0.000,9.150,30.000,0.200,4.000,1.000
41.760,39.210,38.090,40.280,42.000,41.760,0.240,3.000,0.025,0.000,0.730,8.420,0.000,9.150,30.000,0.200,4.000,1.000
41.770,39.220,38.080,40.280,42.000,41.770,0.230,3.000,0.025,0.000,0.690,8.420,0.000,9.120,30.000,0.200,4.000,1.000
41.780,39.210,38.090,40.290,42.000,41.780,0.220,3.000,0.025,0.000,0.670,8.420,0.000,9.100,30.000,0.200,4.000,1.000
41.780,39.220,38.100,40.280,42.000,41.780,0.220,3.000,0.025,0.000,0.650,8.430,0.000,9.070,30.000,0.200,4.000,1.000
41.800,39.230,38.090,40.280,42.000,41.800,0.200,3.000,0.025,0.000,0.590,8.430,0.000,9.010,30.000,0.200,4.000,1.000
41.800,39.230,38.100,40.290,42.000,41.800,0.200,3.000,0.025,0.000,0.590,8.430,0.000,9.020,30.000,0.200,4.000,1.000
41.820,39.250,38.100,40.280,42.000,41.820,0.180,3.000,0.025,0.000,0.550,8.430,0.000,8.970,30.000,0.200,4.000,1.000
41.830,39.240,38.100,40.290,42.000,41.830,0.170,3.000,0.025,0.000,0.500,8.430,0.000,8.930,30.000,0.200,4.000,1.000
41.830,39.250,38.110,40.290,42.000,41.830,0.170,3.000,0.025,0.000,0.510,8.430,0.000,8.940,30.000,0.200,4.000,1.000
41.850,39.260,38.110,40.290,42.000,41.850,0.150,3.000,0.025,0.000,0.440,8.430,0.000,8.870,30.000,0.200,4.000,1.000
41.860,39.260,38.110,40.300,42.000,41.860,0.140,3.000,0.025,0.000,0.410,8.430,0.000,8.840,30.000,0.200,4.000,1.000
41.870,39.270,38.110,40.300,42.000,41.870,0.130,3.000,0.025,0.000,0.380,8.430,0.000,8.810,30.000,0.200,4.000,1.000
41.900,39.270,38.110,40.300,42.000,41.900,0.100,3.000,0.025,0.000,0.310,8.430,0.000,8.740,30.000,0.200,4.000,1.000
41.900,39.270,38.120,40.300,42.000,41.900,0.100,3.000,0.025,0.000,0.310,8.430,0.000,8.740,30.000,0.200,4.000,1.000
41.920,39.290,38.120,40.300,42.000,41.920,0.080,3.000,0.025,0.000,0.250,8.430,0.000,8.680,30.000,0.200,4.000,1.000
41.930,39.280,38.120,40.310,42.000,41.930,0.070,3.000,0.025,0.000,0.200,8.430,0.000,8.640,30.000,0.200,4.000,1.000
41.940,39.290,38.130,40.300,42.000,41.940,0.060,3.000,0.025,0.000,0.180,8.430,0.000,8.620,30.000,0.200,4.000,1.000
41.960,39.300,38.120,40.310,42.000,41.960,0.040,3.000,0.025,0.000,0.130,8.430,0.000,8.560,30.000,0.200,4.000,1.000
41.960,39.300,38.130,40.310,42.000,41.960,0.040,3.000,0.025,0.000,0.110,8.430,0.000,8.550,30.000,0.200,4.000,1.000
41.980,39.310,38.130,40.310,42.000,41.980,0.020,3.000,0.025,0.000,0.060,8.430,0.000,8.490,30.000,0.200,4.000,1.000
41.990,39.310,38.130,40.320,42.000,41.990,0.010,3.000,0.025,0.000,0.020,8.430,0.000,8.450,30.000,0.200,4.000,1.000
42.000,39.320,38.140,40.310,42.000,42.000,0.000,3.000,0.025,0.000,0.000,8.430,0.000,8.440,30.000,0.200,4.000,1.000
42.020,39.330,38.130,40.310,42.000,42.020,-0.020,3.000,0.025,0.000,-0.050,8.430,0.000,8.380,30.000,0.200,4.000,1.000
42.020,39.330,38.140,40.320,42.000,42.020,-0.020,3.000,0.025,0.000,-0.050,8.430,0.000,8.380,30.000,0.200,4.000,1.000
42.020,39.340,38.140,40.310,42.000,42.020,-0.020,3.000,0.025,0.000,-0.070,8.430,0.000,8.370,30.000,0.200,4.000,1.000
42.040,39.350,38.140,40.310,42.000,42.040,-0.040,3.000,0.025,0.000,-0.120,8.430,0.000,8.320,30.000,0.200,4.000,1.000
42.040,39.350,38.150,40.320,42.000,42.040,-0.040,3.000,0.025,0.000,-0.110,8.430,0.000,8.320,30.000,0.200,4.000,1.000
42.050,39.370,38.150,40.310,42.000,42.050,-0.050,3.000,0.025,0.000,-0.150,8.430,0.000,8.280,30.000,0.200,4.000,1.000
42.050,39.370,38.140,40.320,42.000,42.050,-0.050,3.000,0.025,0.000,-0.160,8.430,0.000,8.270,30.000,0.200,4.000,1.000
42.060,39.380,38.150,40.320,42.000,42.060,-0.060,3.000,0.025,0.000,-0.180,8.430,0.000,8.260,30.000,0.200,4.000,1.000
42.070,39.390,38.150,40.310,42.000,42.070,-0.070,3.000,0.025,0.000,-0.220,8.430,0.000,8.210,30.000,0.200,4.000,1.000
42.070,39.400,38.150,40.320,42.000,42.070,-0.070,3.000,0.025,0.000,-0.220,8.430,0.000,8.210,30.000,0.200,4.000,1.000
42.090,39.410,38.150,40.310,42.000,42.090,-0.090,3.000,0.025,0.000,-0.260,8.430,0.000,8.170,30.000,0.200,4.000,1.000
42.100,39.410,38.150,40.320,42.000,42.100,-0.100,3.000,0.025,0.000,-0.300,8.430,0.000,8.140,30.000,0.200,4.000,1.000
42.110,39.420,38.160,40.320,42.000,42.110,-0.110,3.000,0.025,0.000,-0.320,8.430,0.000,8.110,30.000,0.200,4.000,1.000
42.120,39.430,38.150,40.320,42.000,42.120,-0.120,3.000,0.025,0.000,-0.370,8.430,0.000,8.060,30.000,0.200,4.000,1.000
42.140,39.430,38.160,40.320,42.000,42.140,-0.140,3.000,0.025,0.000,-0.410,8.430,0.000,8.020,30.000,0.200,4.000,1.000
42.150,39.440,38.160,40.310,42.000,42.150,-0.150,3.000,0.025,0.000,-0.460,8.430,0.000,7.970,30.000,0.200,4.000,1.000
42.170,39.430,38.160,40.320,42.000,42.170,-0.170,3.000,0.025,0.000,-0.510,8.430,0.000,7.920,30.000,0.200,4.000,1.000
42.180,39.440,38.160,40.310,42.000,42.180,-0.180,3.000,0.025,0.000,-0.550,8.430,0.000,7.880,30.000,0.200,4.000,1.000
42.200,39.440,38.160,40.320,42.000,42.200,-0.200,3.000,0.025,0.000,-0.610,8.430,0.000,7.820,30.000,0.200,4.000,1.000
42.210,39.450,38.160,40.310,42.000,42.210,-0.210,3.000,0.025,0.000,-0.630,8.420,0.000,7.800,30.000,0.200,4.000,1.000
42.220,39.460,38.160,40.310,42.000,42.220,-0.220,3.000,0.025,0.000,-0.670,8.420,0.000,7.750,30.000,0.200,4.000,1.000
42.240,39.460,38.160,40.310,42.000,42.240,-0.240,3.000,0.025,0.000,-0.710,8.420,0.000,7.710,30.000,0.200,4.000,1.000
42.250,39.470,38.160,40.300,42.000,42.250,-0.250,3.000,0.025,0.000,-0.750,8.420,0.000,7.680,30.000,0.200,4.000,1.000
42.250,39.470,38.160,40.310,42.000,42.250,-0.250,3.000,0.025,0.000,-0.760,8.420,0.000,7.660,30.000,0.200,4.000,1.000
42.250,39.480,38.160,40.300,42.000,42.250,-0.250,3.000,0.025,0.000,-0.760,8.420,0.000,7.660,30.000,0.200,4.000,1.000
42.260,39.480,38.160,40.300,42.000,42.260,-0.260,3.000,0.025,0.000,-0.790,8.420,0.000,7.630,30.000,0.200,4.000,1.000
42.260,39.480,38.170,40.300,42.000,42.260,-0.260,3.000,0.025,0.000,-0.770,8.420,0.000,7.640,30.000,0.200,4.000,1.000
42.280,39.500,38.160,40.300,42.000,42.280,-0.280,3.000,0.025,0.000,-0.830,8.410,0.000,7.580,30.000,0.200,4.000,1.000
42.280,39.500,38.160,40.300,42.000,42.280,-0.280,3.000,0.025,0.000,-0.840,8.410,0.000,7.570,30.000,0.200,4.000,1.000
42.290,39.510,38.160,40.290,42.000,42.290,-0.290,3.000,0.025,0.000,-0.860,8.410,0.000,7.550,30.000,0.200,4.000,1.000
42.290,39.510,38.160,40.290,42.000,42.290,-0.290,3.000,0.025,0.000,-0.880,8.410,0.000,7.530,30.000,0.200,4.000,1.000
42.300,39.530,38.160,40.280,42.000,42.300,-0.300,3.000,0.025,0.000,-0.890,8.410,0.000,7.520,30.000,0.200,4.000,1.000
42.320,39.540,38.160,40.280,42.000,42.320,-0.320,3.000,0.025,0.000,-0.950,8.410,0.000,7.460,30.000,0.200,4.000,1.000
42.320,39.550,38.160,40.280,42.000,42.320,-0.320,3.000,0.025,0.000,-0.950,8.410,0.000,7.460,30.000,0.200,4.000,1.000
42.330,39.560,38.150,40.280,42.000,42.330,-0.330,3.000,0.025,0.000,-0.980,8.400,0.000,7.420,30.000,0.200,4.000,1.000
42.330,39.570,38.160,40.270,42.000,42.330,-0.330,3.000,0.025,0.000,-0.990,8.400,0.000,7.410,30.000,0.200,4.000,1.000
42.350,39.580,38.150,40.270,42.000,42.350,-0.350,3.000,0.025,0.000,-1.040,8.400,0.000,7.360,30.000,0.200,4.000,1.000
42.340,39.590,38.160,40.270,42.000,42.340,-0.340,3.000,0.025,0.000,-1.030,8.400,0.000,7.370,30.000,0.200,4.000,1.000
42.360,39.600,38.140,40.260,42.000,42.360,-0.360,3.000,0.025,0.000,-1.080,8.400,0.000,7.320,30.000,0.200,4.000,1.000
42.370,39.620,38.150,40.260,42.000,42.370,-0.370,3.000,0.025,0.000,-1.100,8.400,0.000,7.290,30.000,0.200,4.000,1.000
42.380,39.640,38.150,40.250,42.000,42.380,-0.380,3.000,0.025,0.000,-1.130,8.390,0.000,7.260,30.000,0.200,4.000,1.000
42.380,39.650,38.140,40.250,42.000,42.380,-0.380,3.000,0.025,0.000,-1.140,8.390,0.000,7.260,30.000,0.200,4.000,1.000
42.390,39.670,38.140,40.240,42.000,42.390,-0.390,3.000,0.025,0.000,-1.170,8.390,0.000,7.220,30.000,0.200,4.000,1.000
42.400,39.680,38.140,40.250,42.000,42.400,-0.400,3.000,0.025,0.000,-1.200,8.390,0.000,7.190,30.000,0.200,4.000,1.000
42.410,39.690,38.140,40.240,42.000,42.410,-0.410,3.000,0.025,0.000,-1.220,8.390,0.000,7.170,30.000,0.200,4.000,1.000
42.410,39.700,38.130,40.240,42.000,42.410,-0.410,3.000,0.025,0.000,-1.240,8.380,0.000,7.140,30.000,0.200,4.000,1.000
42.420,39.720,38.130,40.220,42.000,42.420,-0.420,3.000,0.025,0.000,-1.270,8.380,0.000,7.110,30.000,0.200,4.000,1.000
42.430,39.730,38.130,40.230,42.000,42.430,-0.430,3.000,0.025,0.000,-1.290,8.380,0.000,7.090,30.000,0.200,4.000,1.000
42.430,39.740,38.120,40.220,42.000,42.430,-0.430,3.000,0.025,0.000,-1.300,8.380,0.000,7.080,30.000,0.200,4.000,1.000
42.440,39.750,38.110,40.220,42.000,42.440,-0.440,3.000,0.025,0.000,-1.330,8.370,0.000,7.040,30.000,0.200,4.000,1.000
42.450,39.750,38.120,40.210,42.000,42.450,-0.450,3.000,0.025,0.000,-1.340,8.370,0.000,7.040,30.000,0.200,4.000,1.000
42.450,39.750,38.110,40.210,42.000,42.450,-0.450,3.000,0.025,0.000,-1.350,8.370,0.000,7.020,30.000,0.200,4.000,1.000
42.450,39.750,38.110,40.200,42.000,42.450,-0.450,3.000,0.025,0.000,-1.340,8.370,0.000,7.030,30.000,0.200,4.000,1.000
42.450,39.750,38.100,40.190,42.000,42.450,-0.450,3.000,0.025,0.000,-1.350,8.370,0.000,7.020,30.000,0.200,4.000,1.000
42.450,39.750,38.100,40.190,42.000,42.450,-0.450,3.000,0.025,0.000,-1.340,8.360,0.000,7.020,30.000,0.200,4.000,1.000
42.450,39.750,38.090,40.190,42.000,42.450,-0.450,3.000,0.025,0.000,-1.340,8.360,0.000,7.020,30.000,0.200,4.000,1.000
42.440,39.740,38.090,40.180,42.000,42.440,-0.440,3.000,0.025,0.000,-1.320,8.360,0.000,7.040,30.000,0.200,4.000,1.000
42.450,39.740,38.080,40.170,42.000,42.450,-0.450,3.000,0.025,0.000,-1.340,8.360,0.000,7.020,30.000,0.200,4.000,1.000
42.450,39.740,38.080,40.170,42.000,42.450,-0.450,3.000,0.025,0.000,-1.350,8.350,0.000,7.010,30.000,0.200,4.000,1.000
42.450,39.740,38.070,40.160,42.000,42.450,-0.450,3.000,0.025,0.000,-1.360,8.350,0.000,6.990,30.000,0.200,4.000,1.000
42.450,39.740,38.070,40.150,42.000,42.450,-0.450,3.000,0.025,0.000,-1.340,8.350,0.000,7.010,30.000,0.200,4.000,1.000
42.450,39.740,38.070,40.150,42.000,42.450,-0.450,3.000,0.025,0.000,-1.360,8.350,0.000,6.980,30.000,0.200,4.000,1.000
42.450,39.740,38.060,40.140,42.000,42.450,-0.450,3.000,0.025,0.000,-1.360,8.350,0.000,6.980,30.000,0.200,4.000,1.000
42.450,39.730,38.050,40.130,42.000,42.450,-0.450,3.000,0.025,0.000,-1.360,8.340,0.000,6.980,30.000,0.200,4.000,1.000
42.460,39.730,38.050,40.130,42.000,42.460,-0.460,3.000,0.025,0.000,-1.370,8.340,0.000,6.970,30.000,0.200,4.000,1.000
42.450,39.730,38.040,40.120,42.000,42.450,-0.450,3.000,0.025,0.000,-1.360,8.340,0.000,6.980,30.000,0.200,4.000,1.000
42.450,39.730,38.030,40.120,42.000,42.450,-0.450,3.000,0.025,0.000,-1.360,8.340,0.000,6.980,30.000,0.200,4.000,1.000
42.440,39.730,38.030,40.110,42.000,42.440,-0.440,3.000,0.025,0.000,-1.330,8.330,0.000,7.000,30.000,0.200,4.000,1.000
42.440,39.720,38.020,40.100,42.000,42.440,-0.440,3.000,0.025,0.000,-1.320,8.330,0.000,7.020,30.000,0.200,4.000,1.000
42.430,39.710,38.020,40.090,42.000,42.430,-0.430,3.000,0.025,0.000,-1.290,8.330,0.000,7.040,30.000,0.200,4.000,1.000
42.430,39.700,38.010,40.080,42.000,42.430,-0.430,3.000,0.025,0.000,-1.280,8.330,0.000,7.050,30.000,0.200,4.000,1.000
42.410,39.700,38.010,40.070,42.000,42.410,-0.410,3.000,0.025,0.000,-1.230,8.330,0.000,7.100,30.000,0.200,4.000,1.000
42.400,39.690,38.000,40.070,42.000,42.400,-0.400,3.000,0.025,0.000,-1.200,8.320,0.000,7.130,30.000,0.200,4.000,1.000
42.380,39.680,38.000,40.060,42.000,42.380,-0.380,3.000,0.025,0.000,-1.150,8.320,0.000,7.170,30.000,0.200,4.000,1.000
42.370,39.680,37.980,40.050,42.000,42.370,-0.370,3.000,0.025,0.000,-1.120,8.320,0.000,7.200,30.000,0.200,4.000,1.000
42.360,39.670,37.980,40.050,42.000,42.360,-0.360,3.000,0.025,0.000,-1.080,8.320,0.000,7.240,30.000,0.200,4.000,1.000
42.350,39.670,37.980,40.040,42.000,42.350,-0.350,3.000,0.025,0.000,-1.040,8.320,0.000,7.280,30.000,0.200,4.000,1.000
42.330,39.660,37.970,40.030,42.000,42.330,-0.330,3.000,0.025,0.000,-1.000,8.310,0.000,7.310,30.000,0.200,4.000,1.000
42.320,39.660,37.960,40.020,42.000,42.320,-0.320,3.000,0.025,0.000,-0.950,8.310,0.000,7.360,30.000,0.200,4.000,1.000
42.310,39.650,37.960,40.020,42.000,42.310,-0.310,3.000,0.025,0.000,-0.920,8.310,0.000,7.390,30.000,0.200,4.000,1.000
42.280,39.650,37.950,40.010,42.000,42.280,-0.280,3.000,0.025,0.000,-0.850,8.310,0.000,7.460,30.000,0.200,4.000,1.000
42.280,39.640,37.940,40.000,42.000,42.280,-0.280,3.000,0.025,0.000,-0.840,8.310,0.000,7.470,30.000,0.200,4.000,1.000
42.270,39.630,37.940,39.990,42.000,42.270,-0.270,3.000,0.025,0.000,-0.800,8.310,0.000,7.510,30.000,0.200,4.000,1.000
42.260,39.620,37.930,39.980,42.000,42.260,-0.260,3.000,0.025,0.000,-0.780,8.310,0.000,7.520,30.000,0.200,4.000,1.000
42.250,39.600,37.930,39.980,42.000,42.250,-0.250,3.000,0.025,0.000,-0.750,8.310,0.000,7.560,30.000,0.200,4.000,1.000
42.240,39.600,37.920,39.970,42.000,42.240,-0.240,3.000,0.025,0.000,-0.720,8.300,0.000,7.590,30.000,0.200,4.000,1.000
42.230,39.580,37.910,39.970,42.000,42.230,-0.230,3.000,0.025,0.000,-0.690,8.300,0.000,7.620,30.000,0.200,4.000,1.000
42.210,39.580,37.910,39.950,42.000,42.210,-0.210,3.000,0.025,0.000,-0.620,8.300,0.000,7.680,30.000,0.200,4.000,1.000
42.200,39.560,37.900,39.950,42.000,42.200,-0.200,3.000,0.025,0.000,-0.600,8.300,0.000,7.700,30.000,0.200,4.000,1.000
42.180,39.550,37.900,39.940,42.000,42.180,-0.180,3.000,0.025,0.000,-0.530,8.300,0.000,7.770,30.000,0.200,4.000,1.000
42.170,39.540,37.890,39.940,42.000,42.170,-0.170,3.000,0.025,0.000,-0.520,8.300,0.000,7.780,30.000,0.200,4.000,1.000
42.150,39.530,37.890,39.930,42.000,42.150,-0.150,3.000,0.025,0.000,-0.450,8.300,0.000,7.840,30.000,0.200,4.000,1.000
42.140,39.520,37.880,39.910,42.000,42.140,-0.140,3.000,0.025,0.000,-0.430,8.300,0.000,7.870,30.000,0.200,4.000,1.000
42.120,39.500,37.880,39.910,42.000,42.120,-0.120,3.000,0.025,0.000,-0.370,8.300,0.000,7.930,30.000,0.200,4.000,1.000
42.100,39.500,37.870,39.900,42.000,42.100,-0.100,3.000,0.025,0.000,-0.300,8.300,0.000,8.000,30.000,0.200,4.000,1.000
42.090,39.500,37.860,39.900,42.000,42.090,-0.090,3.000,0.025,0.000,-0.260,8.300,0.000,8.040,30.000,0.200,4.000,1.000
42.060,39.480,37.860,39.890,42.000,42.060,-0.060,3.000,0.025,0.000,-0.170,8.300,0.000,8.130,30.000,0.200,4.000,1.000
42.040,39.490,37.850,39.880,42.000,42.040,-0.040,3.000,0.025,0.000,-0.130,8.300,0.000,8.170,30.000,0.200,4.000,1.000
42.030,39.480,37.850,39.880,42.000,42.030,-0.030,3.000,0.025,0.000,-0.080,8.300,0.000,8.210,30.000,0.200,4.000,1.000
42.010,39.480,37.850,39.870,42.000,42.010,-0.010,3.000,0.025,0.000,-0.030,8.300,0.000,8.260,30.000,0.200,4.000,1.000
42.010,39.460,37.830,39.870,42.000,42.010,-0.010,3.000,0.025,0.000,-0.020,8.300,0.000,8.270,30.000,0.200,4.000,1.000
41.990,39.460,37.830,39.850,42.000,41.990,0.010,3.000,0.025,0.000,0.030,8.300,0.000,8.330,30.000,0.200,4.000,1.000
41.990,39.450,37.830,39.850,42.000,41.990,0.010,3.000,0.025,0.000,0.030,8.300,0.000,8.320,30.000,0.200,4.000,1.000
41.970,39.440,37.820,39.850,42.000,41.970,0.030,3.000,0.025,0.000,0.080,8.300,0.000,8.380,30.000,0.200,4.000,1.000
41.970,39.430,37.820,39.840,42.000,41.970,0.030,3.000,0.025,0.000,0.090,8.300,0.000,8.380,30.000,0.200,4.000,1.000
41.970,39.420,37.820,39.840,42.000,41.970,0.030,3.000,0.025,0.000,0.100,8.300,0.000,8.390,30.000,0.200,4.000,1.000
41.960,39.420,37.810,39.830,42.000,41.960,0.040,3.000,0.025,0.000,0.130,8.300,0.000,8.420,30.000,0.200,4.000,1.000
41.960,39.410,37.800,39.820,42.000,41.960,0.040,3.000,0.025,0.000,0.130,8.300,0.000,8.420,30.000,0.200,4.000,1.000
41.950,39.400,37.810,39.820,42.000,41.950,0.050,3.000,0.025,0.000,0.160,8.300,0.000,8.460,30.000,0.200,4.000,1.000
41.950,39.400,37.800,39.810,42.000,41.950,0.050,3.000,0.025,0.000,0.160,8.300,0.000,8.460,30.000,0.200,4.000,1.000
41.940,39.380,37.790,39.800,42.000,41.940,0.060,3.000,0.025,0.000,0.180,8.300,0.000,8.470,30.000,0.200,4.000,1.000
41.930,39.390,37.800,39.800,42.000,41.930,0.070,3.000,0.025,0.000,0.200,8.300,0.000,8.500,30.000,0.200,4.000,1.000
41.930,39.370,37.780,39.800,42.000,41.930,0.070,3.000,0.025,0.000,0.200,8.300,0.000,8.490,30.000,0.200,4.000,1.000
41.920,39.370,37.790,39.790,42.000,41.920,0.080,3.000,0.025,0.000,0.230,8.300,0.000,8.530,30.000,0.200,4.000,1.000
41.920,39.370,37.780,39.790,42.000,41.920,0.080,3.000,0.025,0.000,0.240,8.300,0.000,8.540,30.000,0.200,4.000,1.000
41.910,39.360,37.780,39.790,42.000,41.910,0.090,3.000,0.025,0.000,0.270,8.300,0.000,8.560,30.000,0.200,4.000,1.000
41.910,39.360,37.780,39.780,42.000,41.910,0.090,3.000,0.025,0.000,0.270,8.300,0.000,8.570,30.000,0.200,4.000,1.000
41.900,39.340,37.770,39.780,42.000,41.900,0.100,3.000,0.025,0.000,0.290,8.300,0.000,8.590,30.000,0.200,4.000,1.000
41.900,39.340,37.770,39.770,42.000,41.900,0.100,3.000,0.025,0.000,0.310,8.300,0.000,8.610,30.000,0.200,4.000,1.000
41.890,39.330,37.770,39.770,42.000,41.890,0.110,3.000,0.025,0.000,0.320,8.300,0.000,8.620,30.000,0.200,4.000,1.000
41.880,39.320,37.770,39.770,42.000,41.880,0.120,3.000,0.025,0.000,0.350,8.300,0.000,8.650,30.000,0.200,4.000,1.000
41.890,39.310,37.770,39.760,42.000,41.890,0.110,3.000,0.025,0.000,0.340,8.300,0.000,8.640,30.000,0.200,4.000,1.000
41.880,39.300,37.760,39.760,42.000,41.880,0.120,3.000,0.025,0.000,0.370,8.300,0.000,8.670,30.000,0.200,4.000,1.000
41.870,39.300,37.770,39.750,42.000,41.870,0.130,3.000,0.025,0.000,0.390,8.300,0.000,8.690,30.000,0.200,4.000,1.000
41.870,39.290,37.760,39.750,42.000,41.870,0.130,3.000,0.025,0.000,0.390,8.300,0.000,8.690,30.000,0.200,4.000,1.000
41.860,39.280,37.760,39.750,42.000,41.860,0.140,3.000,0.025,0.000,0.430,8.300,0.000,8.730,30.000,0.200,4.000,1.000
41.860,39.280,37.760,39.740,42.000,41.860,0.140,3.000,0.025,0.000,0.430,8.310,0.000,8.730,30.000,0.200,4.000,1.000
41.840,39.260,37.760,39.750,42.000,41.840,0.160,3.000,0.025,0.000,0.480,8.310,0.000,8.790,30.000,0.200,4.000,1.000
41.840,39.270,37.760,39.730,42.000,41.840,0.160,3.000,0.025,0.000,0.470,8.310,0.000,8.780,30.000,0.200,4.000,1.000
41.840,39.250,37.750,39.740,42.000,41.840,0.160,3.000,0.025,0.000,0.480,8.310,0.000,8.790,30.000,0.200,4.000,1.000
41.830,39.240,37.760,39.730,42.000,41.830,0.170,3.000,0.025,0.000,0.520,8.310,0.000,8.830,30.000,0.200,4.000,1.000
41.830,39.240,37.760,39.730,42.000,41.830,0.170,3.000,0.025,0.000,0.520,8.310,0.000,8.830,30.000,0.200,4.000,1.000
41.820,39.220,37.750,39.740,42.000,41.820,0.180,3.000,0.025,0.000,0.540,8.310,0.000,8.850,30.000,0.200,4.000,1.000
41.810,39.230,37.760,39.730,42.000,41.810,0.190,3.000,0.025,0.000,0.570,8.310,0.000,8.880,30.000,0.200,4.000,1.000
41.810,39.220,37.750,39.730,42.000,41.810,0.190,3.000,0.025,0.000,0.560,8.310,0.000,8.880,30.000,0.200,4.000,1.000
41.800,39.210,37.750,39.730,42.000,41.800,0.200,3.000,0.025,0.000,0.610,8.310,0.000,8.930,30.000,0.200,4.000,1.000
41.790,39.210,37.760,39.720,42.000,41.790,0.210,3.000,0.025,0.000,0.630,8.310,0.000,8.950,30.000,0.200,4.000,1.000
41.780,39.200,37.750,39.730,42.000,41.780,0.220,3.000,0.025,0.000,0.650,8.320,0.000,8.960,30.000,0.200,4.000,1.000
41.770,39.200,37.750,39.730,42.000,41.770,0.230,3.000,0.025,0.000,0.680,8.320,0.000,9.000,30.000,0.200,4.000,1.000
41.770,39.200,37.760,39.720,42.000,41.770,0.230,3.000,0.025,0.000,0.680,8.320,0.000,8.990,30.000,0.200,4.000,1.000
41.770,39.190,37.750,39.730,42.000,41.770,0.230,3.000,0.025,0.000,0.700,8.320,0.000,9.020,30.000,0.200,4.000,1.000
41.750,39.180,37.760,39.720,42.000,41.750,0.250,3.000,0.025,0.000,0.750,8.320,0.000,9.070,30.000,0.200,4.000,1.000
41.750,39.180,37.760,39.720,42.000,41.750,0.250,3.000,0.025,0.000,0.740,8.320,0.000,9.070,30.000,0.200,4.000,1.000
41.730,39.180,37.760,39.720,42.000,41.730,0.270,3.000,0.025,0.000,0.800,8.320,0.000,9.120,30.000,0.200,4.000,1.000
41.740,39.170,37.760,39.720,42.000,41.740,0.260,3.000,0.025,0.000,0.790,8.320,0.000,9.120,30.000,0.200,4.000,1.000
41.740,39.170,37.760,39.720,42.000,41.740,0.260,3.000,0.025,0.000,0.790,8.330,0.000,9.110,30.000,0.200,4.000,1.000
41.730,39.160,37.760,39.720,42.000,41.730,0.270,3.000,0.025,0.000,0.820,8.330,0.000,9.150,30.000,0.200,4.000,1.000
41.730,39.160,37.760,39.710,42.000,41.730,0.270,3.000,0.025,0.000,0.810,8.330,0.000,9.140,30.000,0.200,4.000,1.000
41.720,39.160,37.760,39.720,42.000,41.720,0.280,3.000,0.025,0.000,0.840,8.330,0.000,9.170,30.000,0.200,4.000,1.000
41.710,39.160,37.760,39.720,42.000,41.710,0.290,3.000,0.025,0.000,0.870,8.330,0.000,9.200,30.000,0.200,4.000,1.000
41.700,39.160,37.760,39.720,42.000,41.700,0.300,3.000,0.025,0.000,0.890,8.330,0.000,9.220,30.000,0.200,4.000,1.000
41.690,39.160,37.770,39.720,42.000,41.690,0.310,3.000,0.025,0.000,0.930,8.330,0.000,9.260,30.000,0.200,4.000,1.000
41.680,39.170,37.770,39.720,42.000,41.680,0.320,3.000,0.025,0.000,0.970,8.340,0.000,9.310,30.000,0.200,4.000,1.000
41.680,39.170,37.760,39.710,42.000,41.680,0.320,3.000,0.025,0.000,0.970,8.340,0.000,9.310,30.000,0.200,4.000,1.000
41.670,39.170,37.770,39.720,42.000,41.670,0.330,3.000,0.025,0.000,1.000,8.340,0.000,9.340,30.000,0.200,4.000,1.000
41.660,39.180,37.770,39.720,42.000,41.660,0.340,3.000,0.025,0.000,1.030,8.340,0.000,9.370,30.000,0.200,4.000,1.000
