I0,I1,I2,I3,I4,I5,I6,I7,I8,I9,I10,I11,I12,I13,I14,I15,I16,I17
36.370,34.920,33.000,34.360,42.000,36.370,5.630,3.000,0.025,0.000,16.880,5.560,0.000,22.440,30.000,0.200,4.000,1.000
36.360,34.920,32.990,34.340,42.000,36.360,5.640,3.000,0.025,0.000,16.930,5.580,0.000,22.510,30.000,0.200,4.000,1.000
36.350,34.910,32.970,34.330,42.000,36.350,5.650,3.000,0.025,0.000,16.950,5.610,0.000,22.560,30.000,0.200,4.000,1.000
36.330,34.910,32.970,34.320,42.000,36.330,5.670,3.000,0.025,0.000,17.000,5.640,0.000,22.640,30.000,0.200,4.000,1.000
36.330,34.890,32.970,34.320,42.000,36.330,5.670,3.000,0.025,0.000,17.000,5.670,0.000,22.670,30.000,0.200,4.000,1.000
36.320,34.890,32.970,34.320,42.000,36.320,5.680,3.000,0.025,0.000,17.050,5.700,0.000,22.750,30.000,0.200,4.000,1.000
36.320,34.890,32.960,34.310,42.000,36.320,5.680,3.000,0.025,0.000,17.050,5.730,0.000,22.780,30.000,0.200,4.000,1.000
36.300,34.890,32.970,34.320,42.000,36.300,5.700,3.000,0.025,0.000,17.090,5.750,0.000,22.840,30.000,0.200,4.000,1.000
36.310,34.890,32.980,34.320,42.000,36.310,5.690,3.000,0.025,0.000,17.070,5.780,0.000,22.850,30.000,0.200,4.000,1.000
36.300,34.880,32.990,34.330,42.000,36.300,5.700,3.000,0.025,0.000,17.090,5.810,0.000,22.900,30.000,0.200,4.000,1.000
36.310,34.890,33.000,34.340,42.000,36.310,5.690,3.000,0.025,0.000,17.070,5.840,0.000,22.910,30.000,0.200,4.000,1.000
36.300,34.880,33.020,34.350,42.000,36.300,5.700,3.000,0.025,0.000,17.090,5.870,0.000,22.960,30.000,0.200,4.000,1.000
36.310,34.890,33.030,34.370,42.000,36.310,5.690,3.000,0.025,0.000,17.060,5.900,0.000,22.960,30.000,0.200,4.000,1.000
36.310,34.890,33.060,34.390,42.000,36.310,5.690,3.000,0.025,0.000,17.060,5.930,0.000,22.980,30.000,0.200,4.000,1.000
36.330,34.900,33.080,34.410,42.000,36.330,5.670,3.000,0.025,0.000,17.020,5.950,0.000,22.970,30.000,0.200,4.000,1.000
36.330,34.900,33.110,34.440,42.000,36.330,5.670,3.000,0.025,0.000,17.010,5.980,0.000,22.990,30.000,0.200,4.000,1.000
36.350,34.910,33.150,34.470,42.000,36.350,5.650,3.000,0.025,0.000,16.960,6.010,0.000,22.970,30.000,0.200,4.000,1.000
36.350,34.920,33.180,34.510,42.000,36.350,5.650,3.000,0.025,0.000,16.960,6.040,0.000,23.000,30.000,0.200,4.000,1.000
36.360,34.930,33.220,34.540,42.000,36.360,5.640,3.000,0.025,0.000,16.910,6.070,0.000,22.980,30.000,0.200,4.000,1.000
36.370,34.930,33.260,34.580,42.000,36.370,5.630,3.000,0.025,0.000,16.890,6.090,0.000,22.980,30.000,0.200,4.000,1.000
36.390,34.960,33.300,34.620,42.000,36.390,5.610,3.000,0.025,0.000,16.830,6.120,0.000,22.950,30.000,0.200,4.000,1.000
36.410,34.960,33.350,34.670,42.000,36.410,5.590,3.000,0.025,0.000,16.770,6.150,0.000,22.920,30.000,0.200,4.000,1.000
36.430,34.980,33.400,34.710,42.000,36.430,5.570,3.000,0.025,0.000,16.720,6.180,0.000,22.900,30.000,0.200,4.000,1.000
36.450,34.990,33.440,34.760,42.000,36.450,5.550,3.000,0.025,0.000,16.650,6.210,0.000,22.850,30.000,0.200,4.000,1.000
36.470,35.020,33.500,34.810,42.000,36.470,5.530,3.000,0.025,0.000,16.590,6.230,0.000,22.820,30.000,0.200,4.000,1.000
36.500,35.030,33.540,34.870,42.000,36.500,5.500,3.000,0.025,0.000,16.490,6.260,0.000,22.750,30.000,0.200,4.000,1.000
36.530,35.060,33.610,34.920,42.000,36.530,5.470,3.000,0.025,0.000,16.420,6.290,0.000,22.710,30.000,0.200,4.000,1.000
36.570,35.080,33.660,34.980,42.000,36.570,5.430,3.000,0.025,0.000,16.300,6.320,0.000,22.610,30.000,0.200,4.000,1.000
36.600,35.100,33.720,35.040,42.000,36.600,5.400,3.000,0.025,0.000,16.210,6.340,0.000,22.550,30.000,0.200,4.000,1.000
36.640,35.130,33.780,35.090,42.000,36.640,5.360,3.000,0.025,0.000,16.080,6.370,0.000,22.450,30.000,0.200,4.000,1.000
36.680,35.150,33.840,35.160,42.000,36.680,5.320,3.000,0.025,0.000,15.960,6.400,0.000,22.360,30.000,0.200,4.000,1.000
36.720,35.180,33.900,35.210,42.000,36.720,5.280,3.000,0.025,0.000,15.850,6.420,0.000,22.280,30.000,0.200,4.000,1.000
36.760,35.210,33.970,35.280,42.000,36.760,5.240,3.000,0.025,0.000,15.730,6.450,0.000,22.180,30.000,0.200,4.000,1.000
36.790,35.240,34.040,35.350,42.000,36.790,5.210,3.000,0.025,0.000,15.620,6.470,0.000,22.090,30.000,0.200,4.000,1.000
36.850,35.270,34.100,35.410,42.000,36.850,5.150,3.000,0.025,0.000,15.460,6.500,0.000,21.960,30.000,0.200,4.000,1.000
36.880,35.300,34.170,35.480,42.000,36.880,5.120,3.000,0.025,0.000,15.360,6.530,0.000,21.890,30.000,0.200,4.000,1.000
36.940,35.340,34.240,35.550,42.000,36.940,5.060,3.000,0.025,0.000,15.180,6.550,0.000,21.740,30.000,0.200,4.000,1.000
36.980,35.360,34.310,35.630,42.000,36.980,5.020,3.000,0.025,0.000,15.060,6.580,0.000,21.630,30.000,0.200,4.000,1.000
37.030,35.410,34.380,35.690,42.000,37.030,4.970,3.000,0.025,0.000,14.910,6.600,0.000,21.510,30.000,0.200,4.000,1.000
37.080,35.440,34.450,35.770,42.000,37.080,4.920,3.000,0.025,0.000,14.770,6.630,0.000,21.390,30.000,0.200,4.000,1.000
37.120,35.490,34.530,35.840,42.000,37.120,4.880,3.000,0.025,0.000,14.630,6.650,0.000,21.280,30.000,0.200,4.000,1.000
37.180,35.530,34.590,35.920,42.000,37.180,4.820,3.000,0.025,0.000,14.470,6.670,0.000,21.140,30.000,0.200,4.000,1.000
37.230,35.560,34.680,35.990,42.000,37.230,4.770,3.000,0.025,0.000,14.320,6.700,0.000,21.020,30.000,0.200,4.000,1.000
37.290,35.610,34.740,36.070,42.000,37.290,4.710,3.000,0.025,0.000,14.140,6.720,0.000,20.860,30.000,0.200,4.000,1.000
37.340,35.640,34.820,36.150,42.000,37.340,4.660,3.000,0.025,0.000,13.990,6.750,0.000,20.740,30.000,0.200,4.000,1.000
37.400,35.700,34.890,36.220,42.000,37.400,4.600,3.000,0.025,0.000,13.800,6.770,0.000,20.560,30.000,0.200,4.000,1.000
37.460,35.730,34.970,36.310,42.000,37.460,4.540,3.000,0.025,0.000,13.610,6.790,0.000,20.410,30.000,0.200,4.000,1.000
37.520,35.780,35.050,36.380,42.000,37.520,4.480,3.000,0.025,0.000,13.430,6.810,0.000,20.240,30.000,0.200,4.000,1.000
37.600,35.820,35.120,36.470,42.000,37.600,4.400,3.000,0.025,0.000,13.210,6.840,0.000,20.050,30.000,0.200,4.000,1.000
37.650,35.870,35.200,36.540,42.000,37.650,4.350,3.000,0.025,0.000,13.060,6.860,0.000,19.910,30.000,0.200,4.000,1.000
37.730,35.920,35.270,36.620,42.000,37.730,4.270,3.000,0.025,0.000,12.820,6.880,0.000,19.690,30.000,0.200,4.000,1.000
37.790,35.970,35.350,36.710,42.000,37.790,4.210,3.000,0.025,0.000,12.630,6.900,0.000,19.530,30.000,0.200,4.000,1.000
37.870,36.030,35.430,36.780,42.000,37.870,4.130,3.000,0.025,0.000,12.400,6.920,0.000,19.320,30.000,0.200,4.000,1.000
37.940,36.060,35.500,36.870,42.000,37.940,4.060,3.000,0.025,0.000,12.180,6.940,0.000,19.120,30.000,0.200,4.000,1.000
38.000,36.120,35.580,36.950,42.000,38.000,4.000,3.000,0.025,0.000,12.010,6.960,0.000,18.970,30.000,0.200,4.000,1.000
38.080,36.170,35.650,37.030,42.000,38.080,3.920,3.000,0.025,0.000,11.750,6.980,0.000,18.730,30.000,0.200,4.000,1.000
38.140,36.220,35.740,37.110,42.000,38.140,3.860,3.000,0.025,0.000,11.580,7.000,0.000,18.580,30.000,0.200,4.000,1.000
38.220,36.280,35.810,37.190,42.000,38.220,3.780,3.000,0.025,0.000,11.340,7.020,0.000,18.350,30.000,0.200,4.000,1.000
38.290,36.320,35.890,37.280,42.000,38.290,3.710,3.000,0.025,0.000,11.120,7.040,0.000,18.160,30.000,0.200,4.000,1.000
38.360,36.390,35.960,37.350,42.000,38.360,3.640,3.000,0.025,0.000,10.910,7.060,0.000,17.960,30.000,0.200,4.000,1.000
38.440,36.440,36.030,37.440,42.000,38.440,3.560,3.000,0.025,0.000,10.680,7.070,0.000,17.750,30.000,0.200,4.000,1.000
38.510,36.500,36.120,37.520,42.000,38.510,3.490,3.000,0.025,0.000,10.480,7.090,0.000,17.570,30.000,0.200,4.000,1.000
38.590,36.550,36.180,37.600,42.000,38.590,3.410,3.000,0.025,0.000,10.230,7.110,0.000,17.340,30.000,0.200,4.000,1.000
38.660,36.600,36.260,37.690,42.000,38.660,3.340,3.000,0.025,0.000,10.030,7.120,0.000,17.150,30.000,0.200,4.000,1.000
38.740,36.670,36.330,37.760,42.000,38.740,3.260,3.000,0.025,0.000,9.780,7.140,0.000,16.920,30.000,0.200,4.000,1.000
38.810,36.720,36.410,37.850,42.000,38.810,3.190,3.000,0.025,0.000,9.580,7.160,0.000,16.730,30.000,0.200,4.000,1.000
38.880,36.790,36.480,37.920,42.000,38.880,3.120,3.000,0.025,0.000,9.350,7.170,0.000,16.520,30.000,0.200,4.000,1.000
38.970,36.840,36.550,38.010,42.000,38.970,3.030,3.000,0.025,0.000,9.090,7.190,0.000,16.280,30.000,0.200,4.000,1.000
39.030,36.900,36.630,38.080,42.000,39.030,2.970,3.000,0.025,0.000,8.900,7.200,0.000,16.100,30.000,0.200,4.000,1.000
39.120,36.960,36.700,38.170,42.000,39.120,2.880,3.000,0.025,0.000,8.630,7.220,0.000,15.850,30.000,0.200,4.000,1.000
39.190,37.010,36.770,38.250,42.000,39.190,2.810,3.000,0.025,0.000,8.440,7.230,0.000,15.670,30.000,0.200,4.000,1.000
39.270,37.080,36.840,38.320,42.000,39.270,2.730,3.000,0.025,0.000,8.180,7.240,0.000,15.420,30.000,0.200,4.000,1.000
39.350,37.130,36.900,38.410,42.000,39.350,2.650,3.000,0.025,0.000,7.940,7.260,0.000,15.190,30.000,0.200,4.000,1.000
39.430,37.200,36.980,38.480,42.000,39.430,2.570,3.000,0.025,0.000,7.710,7.270,0.000,14.980,30.000,0.200,4.000,1.000
39.520,37.250,37.050,38.560,42.000,39.520,2.480,3.000,0.025,0.000,7.440,7.280,0.000,14.720,30.000,0.200,4.000,1.000
39.580,37.310,37.120,38.640,42.000,39.580,2.420,3.000,0.025,0.000,7.250,7.290,0.000,14.540,30.000,0.200,4.000,1.000
39.680,37.380,37.170,38.710,42.000,39.680,2.320,3.000,0.025,0.000,6.960,7.310,0.000,14.260,30.000,0.200,4.000,1.000
39.750,37.430,37.250,38.790,42.000,39.750,2.250,3.000,0.025,0.000,6.740,7.320,0.000,14.060,30.000,0.200,4.000,1.000
39.830,37.500,37.320,38.860,42.000,39.830,2.170,3.000,0.025,0.000,6.500,7.330,0.000,13.830,30.000,0.200,4.000,1.000
39.920,37.550,37.370,38.940,42.000,39.920,2.080,3.000,0.025,0.000,6.240,7.340,0.000,13.580,30.000,0.200,4.000,1.000
39.990,37.620,37.440,39.000,42.000,39.990,2.010,3.000,0.025,0.000,6.030,7.350,0.000,13.370,30.000,0.200,4.000,1.000
40.080,37.680,37.490,39.080,42.000,40.080,1.920,3.000,0.025,0.000,5.770,7.360,0.000,13.130,30.000,0.200,4.000,1.000
40.140,37.740,37.570,39.150,42.000,40.140,1.860,3.000,0.025,0.000,5.570,7.370,0.000,12.940,30.000,0.200,4.000,1.000
40.230,37.810,37.620,39.220,42.000,40.230,1.770,3.000,0.025,0.000,5.300,7.380,0.000,12.680,30.000,0.200,4.000,1.000
40.300,37.870,37.680,39.300,42.000,40.300,1.700,3.000,0.025,0.000,5.090,7.380,0.000,12.470,30.000,0.200,4.000,1.000
40.380,37.940,37.740,39.350,42.000,40.380,1.620,3.000,0.025,0.000,4.860,7.390,0.000,12.260,30.000,0.200,4.000,1.000
40.460,37.990,37.790,39.430,42.000,40.460,1.540,3.000,0.025,0.000,4.610,7.400,0.000,12.010,30.000,0.200,4.000,1.000
40.530,38.060,37.860,39.490,42.000,40.530,1.470,3.000,0.025,0.000,4.410,7.410,0.000,11.810,30.000,0.200,4.000,1.000
40.620,38.120,37.900,39.560,42.000,40.620,1.380,3.000,0.025,0.000,4.140,7.420,0.000,11.550,30.000,0.200,4.000,1.000
40.690,38.180,37.960,39.630,42.000,40.690,1.310,3.000,0.025,0.000,3.940,7.420,0.000,11.360,30.000,0.200,4.000,1.000
40.760,38.260,38.010,39.690,42.000,40.760,1.240,3.000,0.025,0.000,3.710,7.430,0.000,11.140,30.000,0.200,4.000,1.000
40.840,38.310,38.060,39.760,42.000,40.840,1.160,3.000,0.025,0.000,3.470,7.430,0.000,10.910,30.000,0.200,4.000,1.000
40.910,38.380,38.120,39.810,42.000,40.910,1.090,3.000,0.025,0.000,3.280,7.440,0.000,10.710,30.000,0.200,4.000,1.000
40.990,38.440,38.160,39.880,42.000,40.990,1.010,3.000,0.025,0.000,3.020,7.440,0.000,10.470,30.000,0.200,4.000,1.000
41.060,38.490,38.220,39.940,42.000,41.060,0.940,3.000,0.025,0.000,2.820,7.450,0.000,10.270,30.000,0.200,4.000,1.000
41.140,38.570,38.260,39.990,42.000,41.140,0.860,3.000,0.025,0.000,2.580,7.450,0.000,10.030,30.000,0.200,4.000,1.000
41.220,38.610,38.310,40.050,42.000,41.220,0.780,3.000,0.025,0.000,2.350,7.460,0.000,9.810,30.000,0.200,4.000,1.000
41.280,38.680,38.360,40.110,42.000,41.280,0.720,3.000,0.025,0.000,2.150,7.460,0.000,9.620,30.000,0.200,4.000,1.000
41.360,38.740,38.390,40.160,42.000,41.360,0.640,3.000,0.025,0.000,1.920,7.460,0.000,9.390,30.000,0.200,4.000,1.000
41.420,38.790,38.450,40.230,42.000,41.420,0.580,3.000,0.025,0.000,1.730,7.470,0.000,9.200,30.000,0.200,4.000,1.000
41.500,38.860,38.480,40.270,42.000,41.500,0.500,3.000,0.025,0.000,1.510,7.470,0.000,8.970,30.000,0.200,4.000,1.000
41.560,38.900,38.520,40.330,42.000,41.560,0.440,3.000,0.025,0.000,1.310,7.470,0.000,8.780,30.000,0.200,4.000,1.000
41.620,38.960,38.560,40.370,42.000,41.620,0.380,3.000,0.025,0.000,1.130,7.470,0.000,8.600,30.000,0.200,4.000,1.000
41.700,39.010,38.600,40.430,42.000,41.700,0.300,3.000,0.025,0.000,0.900,7.470,0.000,8.370,30.000,0.200,4.000,1.000
41.750,39.050,38.640,40.480,42.000,41.750,0.250,3.000,0.025,0.000,0.740,7.480,0.000,8.220,30.000,0.200,4.000,1.000
41.820,39.110,38.670,40.510,42.000,41.820,0.180,3.000,0.025,0.000,0.540,7.480,0.000,8.010,30.000,0.200,4.000,1.000
41.880,39.160,38.700,40.560,42.000,41.880,0.120,3.000,0.025,0.000,0.370,7.480,0.000,7.850,30.000,0.200,4.000,1.000
41.930,39.200,38.740,40.600,42.000,41.930,0.070,3.000,0.025,0.000,0.200,7.480,0.000,7.680,30.000,0.200,4.000,1.000
42.000,39.250,38.760,40.650,42.000,42.000,0.000,3.000,0.025,0.000,-0.010,7.480,0.000,7.460,30.000,0.200,4.000,1.000
42.050,39.290,38.800,40.690,42.000,42.050,-0.050,3.000,0.025,0.000,-0.150,7.480,0.000,7.320,30.000,0.200,4.000,1.000
42.120,39.350,38.830,40.720,42.000,42.120,-0.120,3.000,0.025,0.000,-0.360,7.480,0.000,7.120,30.000,0.200,4.000,1.000
42.180,39.390,38.850,40.770,42.000,42.180,-0.180,3.000,0.025,0.000,-0.540,7.480,0.000,6.930,30.000,0.200,4.000,1.000
42.230,39.440,38.880,40.800,42.000,42.230,-0.230,3.000,0.025,0.000,-0.700,7.470,0.000,6.780,30.000,0.200,4.000,1.000
42.300,39.490,38.900,40.840,42.000,42.300,-0.300,3.000,0.025,0.000,-0.910,7.470,0.000,6.570,30.000,0.200,4.000,1.000
42.350,39.520,38.920,40.880,42.000,42.350,-0.350,3.000,0.025,0.000,-1.050,7.470,0.000,6.420,30.000,0.200,4.000,1.000
42.410,39.580,38.940,40.900,42.000,42.410,-0.410,3.000,0.025,0.000,-1.220,7.470,0.000,6.250,30.000,0.200,4.000,1.000
42.470,39.620,38.960,40.940,42.000,42.470,-0.470,3.000,0.025,0.000,-1.410,7.470,0.000,6.060,30.000,0.200,4.000,1.000
42.510,39.660,38.990,40.970,42.000,42.510,-0.510,3.000,0.025,0.000,-1.520,7.460,0.000,5.940,30.000,0.200,4.000,1.000
42.570,39.710,39.000,40.990,42.000,42.570,-0.570,3.000,0.025,0.000,-1.710,7.460,0.000,5.760,30.000,0.200,4.000,1.000
42.620,39.740,39.020,41.030,42.000,42.620,-0.620,3.000,0.025,0.000,-1.860,7.460,0.000,5.600,30.000,0.200,4.000,1.000
42.670,39.800,39.040,41.040,42.000,42.670,-0.670,3.000,0.025,0.000,-2.000,7.460,0.000,5.450,30.000,0.200,4.000,1.000
42.720,39.830,39.040,41.070,42.000,42.720,-0.720,3.000,0.025,0.000,-2.170,7.450,0.000,5.280,30.000,0.200,4.000,1.000
42.760,39.870,39.070,41.090,42.000,42.760,-0.760,3.000,0.025,0.000,-2.280,7.450,0.000,5.160,30.000,0.200,4.000,1.000
42.820,39.910,39.060,41.120,42.000,42.820,-0.820,3.000,0.025,0.000,-2.450,7.440,0.000,4.990,30.000,0.200,4.000,1.000
42.850,39.950,39.080,41.140,42.000,42.850,-0.850,3.000,0.025,0.000,-2.550,7.440,0.000,4.890,30.000,0.200,4.000,1.000
42.900,40.000,39.090,41.150,42.000,42.900,-0.900,3.000,0.025,0.000,-2.700,7.440,0.000,4.730,30.000,0.200,4.000,1.000
42.940,40.030,39.090,41.170,42.000,42.940,-0.940,3.000,0.025,0.000,-2.830,7.430,0.000,4.600,30.000,0.200,4.000,1.000
42.980,40.070,39.100,41.190,42.000,42.980,-0.980,3.000,0.025,0.000,-2.950,7.430,0.000,4.480,30.000,0.200,4.000,1.000
43.030,40.110,39.100,41.200,42.000,43.030,-1.030,3.000,0.025,0.000,-3.080,7.420,0.000,4.340,30.000,0.200,4.000,1.000
43.050,40.130,39.110,41.220,42.000,43.050,-1.050,3.000,0.025,0.000,-3.160,7.420,0.000,4.250,30.000,0.200,4.000,1.000
43.090,40.170,39.110,41.220,42.000,43.090,-1.090,3.000,0.025,0.000,-3.270,7.410,0.000,4.140,30.000,0.200,4.000,1.000
43.130,40.190,39.110,41.240,42.000,43.130,-1.130,3.000,0.025,0.000,-3.380,7.400,0.000,4.030,30.000,0.200,4.000,1.000
43.140,40.210,39.120,41.250,42.000,43.140,-1.140,3.000,0.025,0.000,-3.430,7.400,0.000,3.960,30.000,0.200,4.000,1.000
43.180,40.240,39.120,41.250,42.000,43.180,-1.180,3.000,0.025,0.000,-3.550,7.390,0.000,3.840,30.000,0.200,4.000,1.000
43.200,40.250,39.120,41.270,42.000,43.200,-1.200,3.000,0.025,0.000,-3.590,7.390,0.000,3.790,30.000,0.200,4.000,1.000
43.220,40.280,39.120,41.270,42.000,43.220,-1.220,3.000,0.025,0.000,-3.670,7.380,0.000,3.710,30.000,0.200,4.000,1.000
43.250,40.290,39.100,41.280,42.000,43.250,-1.250,3.000,0.025,0.000,-3.760,7.370,0.000,3.620,30.000,0.200,4.000,1.000
43.260,40.310,39.110,41.280,42.000,43.260,-1.260,3.000,0.025,0.000,-3.790,7.370,0.000,3.580,30.000,0.200,4.000,1.000
43.290,40.330,39.100,41.280,42.000,43.290,-1.290,3.000,0.025,0.000,-3.860,7.360,0.000,3.500,30.000,0.200,4.000,1.000
43.300,40.330,39.100,41.290,42.000,43.300,-1.300,3.000,0.025,0.000,-3.890,7.350,0.000,3.460,30.000,0.200,4.000,1.000
43.320,40.360,39.090,41.280,42.000,43.320,-1.320,3.000,0.025,0.000,-3.950,7.350,0.000,3.390,30.000,0.200,4.000,1.000
43.340,40.370,39.080,41.300,42.000,43.340,-1.340,3.000,0.025,0.000,-4.020,7.340,0.000,3.320,30.000,0.200,4.000,1.000
43.340,40.370,39.090,41.290,42.000,43.340,-1.340,3.000,0.025,0.000,-4.030,7.330,0.000,3.300,30.000,0.200,4.000,1.000
43.360,40.390,39.060,41.290,42.000,43.360,-1.360,3.000,0.025,0.000,-4.070,7.330,0.000,3.260,30.000,0.200,4.000,1.000
43.360,40.380,39.060,41.290,42.000,43.360,-1.360,3.000,0.025,0.000,-4.090,7.320,0.000,3.230,30.000,0.200,4.000,1.000
43.370,40.400,39.050,41.280,42.000,43.370,-1.370,3.000,0.025,0.000,-4.120,7.310,0.000,3.190,30.000,0.200,4.000,1.000
43.380,40.400,39.040,41.290,42.000,43.380,-1.380,3.000,0.025,0.000,-4.130,7.310,0.000,3.180,30.000,0.200,4.000,1.000
43.380,40.410,39.040,41.280,42.000,43.380,-1.380,3.000,0.025,0.000,-4.140,7.300,0.000,3.160,30.000,0.200,4.000,1.000
43.400,40.420,39.020,41.270,42.000,43.400,-1.400,3.000,0.025,0.000,-4.200,7.290,0.000,3.090,30.000,0.200,4.000,1.000
43.400,40.420,39.010,41.270,42.000,43.400,-1.400,3.000,0.025,0.000,-4.190,7.290,0.000,3.090,30.000,0.200,4.000,1.000
43.420,40.430,39.000,41.260,42.000,43.420,-1.420,3.000,0.025,0.000,-4.250,7.280,0.000,3.030,30.000,0.200,4.000,1.000
43.420,40.440,38.980,41.260,42.000,43.420,-1.420,3.000,0.025,0.000,-4.270,7.270,0.000,3.000,30.000,0.200,4.000,1.000
43.420,40.440,38.980,41.250,42.000,43.420,-1.420,3.000,0.025,0.000,-4.260,7.270,0.000,3.010,30.000,0.200,4.000,1.000
43.430,40.450,38.950,41.230,42.000,43.430,-1.430,3.000,0.025,0.000,-4.280,7.260,0.000,2.970,30.000,0.200,4.000,1.000
43.420,40.440,38.950,41.240,42.000,43.420,-1.420,3.000,0.025,0.000,-4.270,7.250,0.000,2.980,30.000,0.200,4.000,1.000
43.420,40.450,38.930,41.220,42.000,43.420,-1.420,3.000,0.025,0.000,-4.270,7.240,0.000,2.970,30.000,0.200,4.000,1.000
43.420,40.440,38.920,41.220,42.000,43.420,-1.420,3.000,0.025,0.000,-4.270,7.240,0.000,2.970,30.000,0.200,4.000,1.000
43.420,40.450,38.910,41.210,42.000,43.420,-1.420,3.000,0.025,0.000,-4.250,7.230,0.000,2.980,30.000,0.200,4.000,1.000
43.420,40.450,38.890,41.190,42.000,43.420,-1.420,3.000,0.025,0.000,-4.270,7.220,0.000,2.950,30.000,0.200,4.000,1.000
43.420,40.450,38.880,41.190,42.000,43.420,-1.420,3.000,0.025,0.000,-4.260,7.220,0.000,2.950,30.000,0.200,4.000,1.000
43.420,40.460,38.860,41.160,42.000,43.420,-1.420,3.000,0.025,0.000,-4.260,7.210,0.000,2.950,30.000,0.200,4.000,1.000
43.420,40.460,38.840,41.160,42.000,43.420,-1.420,3.000,0.025,0.000,-4.260,7.200,0.000,2.940,30.000,0.200,4.000,1.000
43.410,40.470,38.830,41.150,42.000,43.410,-1.410,3.000,0.025,0.000,-4.220,7.190,0.000,2.970,30.000,0.200,4.000,1.000
43.410,40.480,38.810,41.130,42.000,43.410,-1.410,3.000,0.025,0.000,-4.230,7.190,0.000,2.960,30.000,0.200,4.000,1.000
43.400,40.470,38.800,41.130,42.000,43.400,-1.400,3.000,0.025,0.000,-4.210,7.180,0.000,2.970,30.000,0.200,4.000,1.000
43.400,40.480,38.780,41.110,42.000,43.400,-1.400,3.000,0.025,0.000,-4.190,7.170,0.000,2.980,30.000,0.200,4.000,1.000
43.400,40.480,38.760,41.090,42.000,43.400,-1.400,3.000,0.025,0.000,-4.210,7.170,0.000,2.960,30.000,0.200,4.000,1.000
43.390,40.490,38.750,41.080,42.000,43.390,-1.390,3.000,0.025,0.000,-4.180,7.160,0.000,2.970,30.000,0.200,4.000,1.000
43.400,40.490,38.730,41.060,42.000,43.400,-1.400,3.000,0.025,0.000,-4.210,7.150,0.000,2.940,30.000,0.200,4.000,1.000
43.400,40.490,38.710,41.060,42.000,43.400,-1.400,3.000,0.025,0.000,-4.200,7.150,0.000,2.950,30.000,0.200,4.000,1.000
43.400,40.510,38.700,41.040,42.000,43.400,-1.400,3.000,0.025,0.000,-4.210,7.140,0.000,2.930,30.000,0.200,4.000,1.000
43.410,40.500,38.670,41.030,42.000,43.410,-1.410,3.000,0.025,0.000,-4.240,7.130,0.000,2.900,30.000,0.200,4.000,1.000
43.410,40.510,38.660,41.010,42.000,43.410,-1.410,3.000,0.025,0.000,-4.230,7.120,0.000,2.890,30.000,0.200,4.000,1.000
43.420,40.530,38.640,40.990,42.000,43.420,-1.420,3.000,0.025,0.000,-4.260,7.120,0.000,2.850,30.000,0.200,4.000,1.000
43.400,40.520,38.630,40.980,42.000,43.400,-1.400,3.000,0.025,0.000,-4.210,7.110,0.000,2.900,30.000,0.200,4.000,1.000
43.390,40.540,38.610,40.960,42.000,43.390,-1.390,3.000,0.025,0.000,-4.180,7.100,0.000,2.920,30.000,0.200,4.000,1.000
43.390,40.540,38.580,40.940,42.000,43.390,-1.390,3.000,0.025,0.000,-4.160,7.100,0.000,2.940,30.000,0.200,4.000,1.000
43.360,40.540,38.580,40.930,42.000,43.360,-1.360,3.000,0.025,0.000,-4.090,7.090,0.000,3.000,30.000,0.200,4.000,1.000
43.350,40.540,38.550,40.910,42.000,43.350,-1.350,3.000,0.025,0.000,-4.050,7.080,0.000,3.030,30.000,0.200,4.000,1.000
43.330,40.540,38.540,40.900,42.000,43.330,-1.330,3.000,0.025,0.000,-4.000,7.080,0.000,3.080,30.000,0.200,4.000,1.000
43.310,40.550,38.520,40.870,42.000,43.310,-1.310,3.000,0.025,0.000,-3.930,7.070,0.000,3.140,30.000,0.200,4.000,1.000
43.300,40.550,38.490,40.860,42.000,43.300,-1.300,3.000,0.025,0.000,-3.890,7.060,0.000,3.180,30.000,0.200,4.000,1.000
43.260,40.550,38.480,40.840,42.000,43.260,-1.260,3.000,0.025,0.000,-3.780,7.060,0.000,3.280,30.000,0.200,4.000,1.000
43.240,40.550,38.460,40.820,42.000,43.240,-1.240,3.000,0.025,0.000,-3.730,7.050,0.000,3.320,30.000,0.200,4.000,1.000
43.220,40.540,38.440,40.810,42.000,43.220,-1.220,3.000,0.025,0.000,-3.660,7.040,0.000,3.380,30.000,0.200,4.000,1.000
43.190,40.540,38.430,40.790,42.000,43.190,-1.190,3.000,0.025,0.000,-3.580,7.040,0.000,3.460,30.000,0.200,4.000,1.000
43.180,40.550,38.400,40.770,42.000,43.180,-1.180,3.000,0.025,0.000,-3.550,7.030,0.000,3.490,30.000,0.200,4.000,1.000
43.160,40.540,38.390,40.760,42.000,43.160,-1.160,3.000,0.025,0.000,-3.490,7.030,0.000,3.540,30.000,0.200,4.000,1.000
43.150,40.550,38.370,40.730,42.000,43.150,-1.150,3.000,0.025,0.000,-3.460,7.020,0.000,3.560,30.000,0.200,4.000,1.000
43.150,40.540,38.350,40.720,42.000,43.150,-1.150,3.000,0.025,0.000,-3.440,7.010,0.000,3.570,30.000,0.200,4.000,1.000
43.130,40.550,38.340,40.690,42.000,43.130,-1.130,3.000,0.025,0.000,-3.400,7.010,0.000,3.600,30.000,0.200,4.000,1.000
43.130,40.550,38.310,40.680,42.000,43.130,-1.130,3.000,0.025,0.000,-3.400,7.000,0.000,3.600,30.000,0.200,4.000,1.000
43.120,40.550,38.290,40.660,42.000,43.120,-1.120,3.000,0.025,0.000,-3.360,7.000,0.000,3.630,30.000,0.200,4.000,1.000
43.120,40.550,38.270,40.640,42.000,43.120,-1.120,3.000,0.025,0.000,-3.370,6.990,0.000,3.620,30.000,0.200,4.000,1.000
43.120,40.550,38.250,40.620,42.000,43.120,-1.120,3.000,0.025,0.000,-3.350,6.990,0.000,3.630,30.000,0.200,4.000,1.000
43.110,40.560,38.240,40.600,42.000,43.110,-1.110,3.000,0.025,0.000,-3.320,6.980,0.000,3.660,30.000,0.200,4.000,1.000
43.100,40.560,38.220,40.580,42.000,43.100,-1.100,3.000,0.025,0.000,-3.300,6.980,0.000,3.670,30.000,0.200,4.000,1.000
43.080,40.560,38.190,40.570,42.000,43.080,-1.080,3.000,0.025,0.000,-3.250,6.970,0.000,3.720,30.000,0.200,4.000,1.000
43.070,40.560,38.180,40.540,42.000,43.070,-1.070,3.000,0.025,0.000,-3.200,6.960,0.000,3.770,30.000,0.200,4.000,1.000
43.050,40.560,38.160,40.530,42.000,43.050,-1.050,3.000,0.025,0.000,-3.160,6.960,0.000,3.800,30.000,0.200,4.000,1.000
43.030,40.560,38.140,40.510,42.000,43.030,-1.030,3.000,0.025,0.000,-3.100,6.950,0.000,3.860,30.000,0.200,4.000,1.000
43.020,40.570,38.120,40.480,42.000,43.020,-1.020,3.000,0.025,0.000,-3.060,6.950,0.000,3.890,30.000,0.200,4.000,1.000
43.000,40.560,38.100,40.470,42.000,43.000,-1.000,3.000,0.025,0.000,-3.000,6.940,0.000,3.940,30.000,0.200,4.000,1.000
42.980,40.550,38.090,40.450,42.000,42.980,-0.980,3.000,0.025,0.000,-2.940,6.940,0.000,4.000,30.000,0.200,4.000,1.000
42.960,40.560,38.060,40.420,42.000,42.960,-0.960,3.000,0.025,0.000,-2.890,6.930,0.000,4.040,30.000,0.200,4.000,1.000
42.950,40.550,38.040,40.410,42.000,42.950,-0.950,3.000,0.025,0.000,-2.840,6.930,0.000,4.090,30.000,0.200,4.000,1.000
42.930,40.540,38.030,40.380,42.000,42.930,-0.930,3.000,0.025,0.000,-2.790,6.930,0.000,4.140,30.000,0.200,4.000,1.000
42.920,40.540,38.000,40.370,42.000,42.920,-0.920,3.000,0.025,0.000,-2.760,6.920,0.000,4.170,30.000,0.200,4.000,1.000
42.900,40.520,37.990,40.350,42.000,42.900,-0.900,3.000,0.025,0.000,-2.690,6.920,0.000,4.230,30.000,0.200,4.000,1.000
42.880,40.530,37.970,40.320,42.000,42.880,-0.880,3.000,0.025,0.000,-2.640,6.910,0.000,4.270,30.000,0.200,4.000,1.000
42.860,40.510,37.950,40.310,42.000,42.860,-0.860,3.000,0.025,0.000,-2.590,6.910,0.000,4.320,30.000,0.200,4.000,1.000
42.840,40.490,37.930,40.290,42.000,42.840,-0.840,3.000,0.025,0.000,-2.520,6.900,0.000,4.380,30.000,0.200,4.000,1.000
42.830,40.480,37.910,40.260,42.000,42.830,-0.830,3.000,0.025,0.000,-2.490,6.900,0.000,4.410,30.000,0.200,4.000,1.000
42.810,40.460,37.890,40.250,42.000,42.810,-0.810,3.000,0.025,0.000,-2.440,6.900,0.000,4.460,30.000,0.200,4.000,1.000
42.790,40.440,37.880,40.220,42.000,42.790,-0.790,3.000,0.025,0.000,-2.380,6.890,0.000,4.510,30.000,0.200,4.000,1.000
42.780,40.420,37.860,40.200,42.000,42.780,-0.780,3.000,0.025,0.000,-2.350,6.890,0.000,4.540,30.000,0.200,4.000,1.000
42.760,40.400,37.840,40.180,42.000,42.760,-0.760,3.000,0.025,0.000,-2.270,6.880,0.000,4.610,30.000,0.200,4.000,1.000
42.740,40.390,37.820,40.160,42.000,42.740,-0.740,3.000,0.025,0.000,-2.220,6.880,0.000,4.660,30.000,0.200,4.000,1.000
42.740,40.370,37.800,40.150,42.000,42.740,-0.740,3.000,0.025,0.000,-2.210,6.880,0.000,4.670,30.000,0.200,4.000,1.000
42.710,40.350,37.790,40.120,42.000,42.710,-0.710,3.000,0.025,0.000,-2.140,6.870,0.000,4.730,30.000,0.200,4.000,1.000
42.710,40.330,37.760,40.100,42.000,42.710,-0.710,3.000,0.025,0.000,-2.130,6.870,0.000,4.740,30.000,0.200,4.000,1.000
42.700,40.310,37.740,40.090,42.000,42.700,-0.700,3.000,0.025,0.000,-2.090,6.870,0.000,4.770,30.000,0.200,4.000,1.000
42.680,40.300,37.730,40.050,42.000,42.680,-0.680,3.000,0.025,0.000,-2.050,6.860,0.000,4.810,30.000,0.200,4.000,1.000
42.670,40.280,37.710,40.040,42.000,42.670,-0.670,3.000,0.025,0.000,-2.020,6.860,0.000,4.830,30.000,0.200,4.000,1.000
42.650,40.260,37.690,40.020,42.000,42.650,-0.650,3.000,0.025,0.000,-1.960,6.860,0.000,4.900,30.000,0.200,4.000,1.000
42.640,40.250,37.670,39.990,42.000,42.640,-0.640,3.000,0.025,0.000,-1.930,6.850,0.000,4.920,30.000,0.200,4.000,1.000
42.630,40.220,37.650,39.980,42.000,42.630,-0.630,3.000,0.025,0.000,-1.880,6.850,0.000,4.970,30.000,0.200,4.000,1.000
42.600,40.200,37.640,39.960,42.000,42.600,-0.600,3.000,0.025,0.000,-1.810,6.850,0.000,5.040,30.000,0.200,4.000,1.000
42.590,40.200,37.620,39.940,42.000,42.590,-0.590,3.000,0.025,0.000,-1.770,6.840,0.000,5.080,30.000,0.200,4.000,1.000
42.560,40.170,37.600,39.920,42.000,42.560,-0.560,3.000,0.025,0.000,-1.690,6.840,0.000,5.150,30.000,0.200,4.000,1.000
42.540,40.160,37.580,39.900,42.000,42.540,-0.540,3.000,0.025,0.000,-1.630,6.840,0.000,5.210,30.000,0.200,4.000,1.000
42.520,40.140,37.560,39.880,42.000,42.520,-0.520,3.000,0.025,0.000,-1.570,6.840,0.000,5.260,30.000,0.200,4.000,1.000
42.500,40.120,37.550,39.860,42.000,42.500,-0.500,3.000,0.025,0.000,-1.500,6.830,0.000,5.330,30.000,0.200,4.000,1.000
42.480,40.110,37.530,39.840,42.000,42.480,-0.480,3.000,0.025,0.000,-1.450,6.830,0.000,5.380,30.000,0.200,4.000,1.000
42.470,40.090,37.510,39.820,42.000,42.470,-0.470,3.000,0.025,0.000,-1.400,6.830,0.000,5.430,30.000,0.200,4.000,1.000
42.440,40.070,37.500,39.790,42.000,42.440,-0.440,3.000,0.025,0.000,-1.310,6.830,0.000,5.520,30.000,0.200,4.000,1.000
42.420,40.060,37.480,39.780,42.000,42.420,-0.420,3.000,0.025,0.000,-1.270,6.820,0.000,5.550,30.000,0.200,4.000,1.000
42.390,40.030,37.460,39.760,42.000,42.390,-0.390,3.000,0.025,0.000,-1.170,6.820,0.000,5.660,30.000,0.200,4.000,1.000
42.370,40.020,37.440,39.730,42.000,42.370,-0.370,3.000,0.025,0.000,-1.110,6.820,0.000,5.710,30.000,0.200,4.000,1.000
42.350,39.990,37.420,39.720,42.000,42.350,-0.350,3.000,0.025,0.000,-1.050,6.820,0.000,5.770,30.000,0.200,4.000,1.000
42.320,39.980,37.410,39.700,42.000,42.320,-0.320,3.000,0.025,0.000,-0.960,6.820,0.000,5.850,30.000,0.200,4.000,1.000
42.310,39.950,37.390,39.680,42.000,42.310,-0.310,3.000,0.025,0.000,-0.930,6.810,0.000,5.880,30.000,0.200,4.000,1.000
42.290,39.930,37.380,39.660,42.000,42.290,-0.290,3.000,0.025,0.000,-0.860,6.810,0.000,5.950,30.000,0.200,4.000,1.000
42.270,39.910,37.360,39.630,42.000,42.270,-0.270,3.000,0.025,0.000,-0.810,6.810,0.000,6.000,30.000,0.200,4.000,1.000
42.260,39.890,37.340,39.620,42.000,42.260,-0.260,3.000,0.025,0.000,-0.770,6.810,0.000,6.040,30.000,0.200,4.000,1.000
42.230,39.860,37.330,39.600,42.000,42.230,-0.230,3.000,0.025,0.000,-0.690,6.810,0.000,6.120,30.000,0.200,4.000,1.000
42.220,39.850,37.310,39.580,42.000,42.220,-0.220,3.000,0.025,0.000,-0.660,6.810,0.000,6.150,30.000,0.200,4.000,1.000
42.200,39.820,37.290,39.570,42.000,42.200,-0.200,3.000,0.025,0.000,-0.610,6.810,0.000,6.200,30.000,0.200,4.000,1.000
42.190,39.810,37.280,39.550,42.000,42.190,-0.190,3.000,0.025,0.000,-0.560,6.810,0.000,6.250,30.000,0.200,4.000,1.000
42.180,39.780,37.260,39.530,42.000,42.180,-0.180,3.000,0.025,0.000,-0.530,6.810,0.000,6.270,30.000,0.200,4.000,1.000
42.170,39.770,37.250,39.520,42.000,42.170,-0.170,3.000,0.025,0.000,-0.500,6.800,0.000,6.310,30.000,0.200,4.000,1.000
42.160,39.760,37.240,39.500,42.000,42.160,-0.160,3.000,0.025,0.000,-0.470,6.800,0.000,6.340,30.000,0.200,4.000,1.000
42.150,39.740,37.220,39.480,42.000,42.150,-0.150,3.000,0.025,0.000,-0.440,6.800,0.000,6.360,30.000,0.200,4.000,1.000
42.130,39.730,37.220,39.460,42.000,42.130,-0.130,3.000,0.025,0.000,-0.380,6.800,0.000,6.420,30.000,0.200,4.000,1.000
42.110,39.720,37.190,39.440,42.000,42.110,-0.110,3.000,0.025,0.000,-0.340,6.800,0.000,6.460,30.000,0.200,4.000,1.000
42.090,39.700,37.180,39.430,42.000,42.090,-0.090,3.000,0.025,0.000,-0.270,6.800,0.000,6.540,30.000,0.200,4.000,1.000
42.070,39.700,37.170,39.410,42.000,42.070,-0.070,3.000,0.025,0.000,-0.210,6.800,0.000,6.590,30.000,0.200,4.000,1.000
42.050,39.680,37.150,39.400,42.000,42.050,-0.050,3.000,0.025,0.000,-0.140,6.800,0.000,6.660,30.000,0.200,4.000,1.000
42.020,39.670,37.150,39.380,42.000,42.020,-0.020,3.000,0.025,0.000,-0.060,6.800,0.000,6.740,30.000,0.200,4.000,1.000
42.000,39.650,37.130,39.360,42.000,42.000,0.000,3.000,0.025,0.000,0.000,6.800,0.000,6.810,30.000,0.200,4.000,1.000
41.970,39.630,37.120,39.350,42.000,41.970,0.030,3.000,0.025,0.000,0.080,6.800,0.000,6.880,30.000,0.200,4.000,1.000
41.950,39.620,37.100,39.330,42.000,41.950,0.050,3.000,0.025,0.000,0.150,6.800,0.000,6.950,30.000,0.200,4.000,1.000
41.930,39.600,37.090,39.320,42.000,41.930,0.070,3.000,0.025,0.000,0.200,6.800,0.000,7.010,30.000,0.200,4.000,1.000
41.900,39.590,37.080,39.300,42.000,41.900,0.100,3.000,0.025,0.000,0.300,6.800,0.000,7.110,30.000,0.200,4.000,1.000
41.890,39.580,37.070,39.290,42.000,41.890,0.110,3.000,0.025,0.000,0.320,6.800,0.000,7.130,30.000,0.200,4.000,1.000
41.870,39.560,37.060,39.270,42.000,41.870,0.130,3.000,0.025,0.000,0.390,6.800,0.000,7.190,30.000,0.200,4.000,1.000
41.860,39.560,37.050,39.260,42.000,41.860,0.140,3.000,0.025,0.000,0.420,6.800,0.000,7.220,30.000,0.200,4.000,1.000
41.840,39.540,37.030,39.250,42.000,41.840,0.160,3.000,0.025,0.000,0.470,6.800,0.000,7.270,30.000,0.200,4.000,1.000
41.830,39.540,37.030,39.230,42.000,41.830,0.170,3.000,0.025,0.000,0.520,6.810,0.000,7.320,30.000,0.200,4.000,1.000
41.820,39.530,37.010,39.220,42.000,41.820,0.180,3.000,0.025,0.000,0.540,6.810,0.000,7.350,30.000,0.200,4.000,1.000
41.810,39.520,37.000,39.210,42.000,41.810,0.190,3.000,0.025,0.000,0.570,6.810,0.000,7.370,30.000,0.200,4.000,1.000
41.800,39.520,37.000,39.190,42.000,41.800,0.200,3.000,0.025,0.000,0.590,6.810,0.000,7.400,30.000,0.200,4.000,1.000
41.800,39.510,36.980,39.190,42.000,41.800,0.200,3.000,0.025,0.000,0.590,6.810,0.000,7.400,30.000,0.200,4.000,1.000
41.780,39.500,36.980,39.170,42.000,41.780,0.220,3.000,0.025,0.000,0.650,6.810,0.000,7.460,30.000,0.200,4.000,1.000
41.790,39.500,36.970,39.160,42.000,41.790,0.210,3.000,0.025,0.000,0.640,6.810,0.000,7.460,30.000,0.200,4.000,1.000
41.780,39.480,36.970,39.160,42.000,41.780,0.220,3.000,0.025,0.000,0.670,6.810,0.000,7.480,30.000,0.200,4.000,1.000
41.770,39.490,36.950,39.130,42.000,41.770,0.230,3.000,0.025,0.000,0.680,6.810,0.000,7.490,30.000,0.200,4.000,1.000
41.780,39.470,36.940,39.130,42.000,41.780,0.220,3.000,0.025,0.000,0.670,6.810,0.000,7.480,30.000,0.200,4.000,1.000
41.760,39.480,36.940,39.120,42.000,41.760,0.240,3.000,0.025,0.000,0.710,6.820,0.000,7.520,30.000,0.200,4.000,1.000
41.770,39.470,36.930,39.110,42.000,41.770,0.230,3.000,0.025,0.000,0.690,6.820,0.000,7.500,30.000,0.200,4.000,1.000
41.760,39.460,36.930,39.110,42.000,41.760,0.240,3.000,0.025,0.000,0.730,6.820,0.000,7.550,30.000,0.200,4.000,1.000
41.760,39.450,36.920,39.090,42.000,41.760,0.240,3.000,0.025,0.000,0.710,6.820,0.000,7.530,30.000,0.200,4.000,1.000
41.760,39.440,36.910,39.090,42.000,41.760,0.240,3.000,0.025,0.000,0.730,6.820,0.000,7.550,30.000,0.200,4.000,1.000
41.750,39.440,36.910,39.070,42.000,41.750,0.250,3.000,0.025,0.000,0.750,6.820,0.000,7.580,30.000,0.200,4.000,1.000
41.750,39.420,36.900,39.060,42.000,41.750,0.250,3.000,0.025,0.000,0.740,6.820,0.000,7.560,30.000,0.200,4.000,1.000
41.750,39.420,36.900,39.060,42.000,41.750,0.250,3.000,0.025,0.000,0.760,6.820,0.000,7.590,30.000,0.200,4.000,1.000
41.750,39.420,36.890,39.050,42.000,41.750,0.250,3.000,0.025,0.000,0.740,6.830,0.000,7.570,30.000,0.200,4.000,1.000
41.740,39.410,36.890,39.050,42.000,41.740,0.260,3.000,0.025,0.000,0.770,6.830,0.000,7.600,30.000,0.200,4.000,1.000
41.760,39.410,36.870,39.030,42.000,41.760,0.240,3.000,0.025,0.000,0.730,6.830,0.000,7.560,30.000,0.200,4.000,1.000
41.750,39.380,36.880,39.040,42.000,41.750,0.250,3.000,0.025,0.000,0.760,6.830,0.000,7.590,30.000,0.200,4.000,1.000
41.750,39.400,36.870,39.010,42.000,41.750,0.250,3.000,0.025,0.000,0.750,6.830,0.000,7.580,30.000,0.200,4.000,1.000
41.750,39.380,36.860,39.030,42.000,41.750,0.250,3.000,0.025,0.000,0.750,6.830,0.000,7.580,30.000,0.200,4.000,1.000
41.730,39.380,36.880,39.010,42.000,41.730,0.270,3.000,0.025,0.000,0.810,6.830,0.000,7.650,30.000,0.200,4.000,1.000
41.740,39.380,36.860,39.010,42.000,41.740,0.260,3.000,0.025,0.000,0.780,6.830,0.000,7.620,30.000,0.200,4.000,1.000
41.720,39.360,36.860,39.010,42.000,41.720,0.280,3.000,0.025,0.000,0.830,6.840,0.000,7.670,30.000,0.200,4.000,1.000
41.710,39.360,36.860,38.990,42.000,41.710,0.290,3.000,0.025,0.000,0.860,6.840,0.000,7.700,30.000,0.200,4.000,1.000
41.700,39.350,36.860,39.000,42.000,41.700,0.300,3.000,0.025,0.000,0.890,6.840,0.000,7.730,30.000,0.200,4.000,1.000
41.690,39.340,36.860,38.980,42.000,41.690,0.310,3.000,0.025,0.000,0.930,6.840,0.000,7.770,30.000,0.200,4.000,1.000
41.690,39.340,36.840,38.980,42.000,41.690,0.310,3.000,0.025,0.000,0.920,6.840,0.000,7.760,30.000,0.200,4.000,1.000
41.680,39.340,36.850,38.970,42.000,41.680,0.320,3.000,0.025,0.000,0.960,6.840,0.000,7.800,30.000,0.200,4.000,1.000
41.680,39.330,36.840,38.970,42.000,41.680,0.320,3.000,0.025,0.000,0.970,6.850,0.000,7.810,30.000,0.200,4.000,1.000
41.670,39.320,36.840,38.970,42.000,41.670,0.330,3.000,0.025,0.000,1.000,6.850,0.000,7.850,30.000,0.200,4.000,1.000
41.660,39.320,36.840,38.960,42.000,41.660,0.340,3.000,0.025,0.000,1.020,6.850,0.000,7.870,30.000,0.200,4.000,1.000
41.650,39.310,36.830,38.960,42.000,41.650,0.350,3.000,0.025,0.000,1.040,6.850,0.000,7.900,30.000,0.200,4.000,1.000
41.630,39.300,36.830,38.950,42.000,41.630,0.370,3.000,0.025,0.000,1.100,6.850,0.000,7.950,30.000,0.200,4.000,1.000
41.630,39.290,36.830,38.950,42.000,41.630,0.370,3.000,0.025,0.000,1.100,6.850,0.000,7.960,30.000,0.200,4.000,1.000
41.610,39.280,36.830,38.950,42.000,41.610,0.390,3.000,0.025,0.000,1.160,6.860,0.000,8.010,30.000,0.200,4.000,1.000
41.610,39.280,36.830,38.940,42.000,41.610,0.390,3.000,0.025,0.000,1.160,6.860,0.000,8.020,30.000,0.200,4.000,1.000
41.600,39.270,36.830,38.950,42.000,41.600,0.400,3.000,0.025,0.000,1.200,6.860,0.000,8.060,30.000,0.200,4.000,1.000
41.590,39.270,36.830,38.940,42.000,41.590,0.410,3.000,0.025,0.000,1.220,6.860,0.000,8.080,30.000,0.200,4.000,1.000
41.590,39.260,36.830,38.940,42.000,41.590,0.410,3.000,0.025,0.000,1.230,6.860,0.000,8.100,30.000,0.200,4.000,1.000
41.580,39.260,36.830,38.930,42.000,41.580,0.420,3.000,0.025,0.000,1.270,6.870,0.000,8.130,30.000,0.200,4.000,1.000
41.580,39.250,36.830,38.930,42.000,41.580,0.420,3.000,0.025,0.000,1.270,6.870,0.000,8.140,30.000,0.200,4.000,1.000
41.560,39.250,36.830,38.940,42.000,41.560,0.440,3.000,0.025,0.000,1.320,6.870,0.000,8.190,30.000,0.200,4.000,1.000
41.560,39.250,36.820,38.930,42.000,41.560,0.440,3.000,0.025,0.000,1.330,6.870,0.000,8.200,30.000,0.200,4.000,1.000
41.550,39.250,36.830,38.930,42.000,41.550,0.450,3.000,0.025,0.000,1.360,6.880,0.000,8.230,30.000,0.200,4.000,1.000
41.530,39.250,36.830,38.930,42.000,41.530,0.470,3.000,0.025,0.000,1.400,6.880,0.000,8.280,30.000,0.200,4.000,1.000
41.540,39.250,36.820,38.930,42.000,41.540,0.460,3.000,0.025,0.000,1.390,6.880,0.000,8.270,30.000,0.200,4.000,1.000
41.530,39.250,36.830,38.930,42.000,41.530,0.470,3.000,0.025,0.000,1.420,6.880,0.000,8.310,30.000,0.200,4.000,1.000
41.530,39.250,36.830,38.920,42.000,41.530,0.470,3.000,0.025,0.000,1.420,6.880,0.000,8.300,30.000,0.200,4.000,1.000
41.520,39.250,36.830,38.930,42.000,41.520,0.480,3.000,0.025,0.000,1.450,6.890,0.000,8.340,30.000,0.200,4.000,1.000
41.510,39.250,36.830,38.930,42.000,41.510,0.490,3.000,0.025,0.000,1.480,6.890,0.000,8.370,30.000,0.200,4.000,1.000
41.510,39.240,36.830,38.930,42.000,41.510,0.490,3.000,0.025,0.000,1.480,6.890,0.000,8.370,30.000,0.200,4.000,1.000
41.490,39.230,36.840,38.930,42.000,41.490,0.510,3.000,0.025,0.000,1.520,6.890,0.000,8.420,30.000,0.200,4.000,1.000
41.500,39.230,36.840,38.930,42.000,41.500,0.500,3.000,0.025,0.000,1.500,6.900,0.000,8.400,30.000,0.200,4.000,1.000
41.490,39.210,36.840,38.930,42.000,41.490,0.510,3.000,0.025,0.000,1.520,6.900,0.000,8.420,30.000,0.200,4.000,1.000
41.490,39.210,36.840,38.930,42.000,41.490,0.510,3.000,0.025,0.000,1.530,6.900,0.000,8.430,30.000,0.200,4.000,1.000
41.490,39.200,36.840,38.930,42.000,41.490,0.510,3.000,0.025,0.000,1.530,6.900,0.000,8.430,30.000,0.200,4.000,1.000
41.480,39.190,36.850,38.940,42.000,41.480,0.520,3.000,0.025,0.000,1.550,6.910,0.000,8.460,30.000,0.200,4.000,1.000
41.480,39.190,36.850,38.930,42.000,41.480,0.520,3.000,0.025,0.000,1.570,6.910,0.000,8.480,30.000,0.200,4.000,1.000
41.470,39.180,36.850,38.940,42.000,41.470,0.530,3.000,0.025,0.000,1.600,6.910,0.000,8.510,30.000,0.200,4.000,1.000
41.460,39.180,36.850,38.940,42.000,41.460,0.540,3.000,0.025,0.000,1.630,6.920,0.000,8.540,30.000,0.200,4.000,1.000
41.450,39.160,36.850,38.940,42.000,41.450,0.550,3.000,0.025,0.000,1.660,6.920,0.000,8.570,30.000,0.200,4.000,1.000
41.430,39.160,36.860,38.940,42.000,41.430,0.570,3.000,0.025,0.000,1.700,6.920,0.000,8.620,30.000,0.200,4.000,1.000
41.430,39.140,36.860,38.950,42.000,41.430,0.570,3.000,0.025,0.000,1.710,6.920,0.000,8.630,30.000,0.200,4.000,1.000
41.410,39.130,36.870,38.950,42.000,41.410,0.590,3.000,0.025,0.000,1.760,6.930,0.000,8.680,30.000,0.200,4.000,1.000
41.410,39.130,36.870,38.950,42.000,41.410,0.590,3.000,0.025,0.000,1.770,6.930,0.000,8.700,30.000,0.200,4.000,1.000
41.400,39.120,36.870,38.960,42.000,41.400,0.600,3.000,0.025,0.000,1.800,6.930,0.000,8.730,30.000,0.200,4.000,1.000
41.390,39.110,36.880,38.960,42.000,41.390,0.610,3.000,0.025,0.000,1.830,6.940,0.000,8.760,30.000,0.200,4.000,1.000
41.390,39.100,36.880,38.960,42.000,41.390,0.610,3.000,0.025,0.000,1.840,6.940,0.000,8.780,30.000,0.200,4.000,1.000
41.380,39.090,36.890,38.960,42.000,41.380,0.620,3.000,0.025,0.000,1.870,6.940,0.000,8.810,30.000,0.200,4.000,1.000
41.380,39.080,36.890,38.970,42.000,41.380,0.620,3.000,0.025,0.000,1.870,6.940,0.000,8.810,30.000,0.200,4.000,1.000
41.370,39.070,36.900,38.970,42.000,41.370,0.630,3.000,0.025,0.000,1.900,6.950,0.000,8.850,30.000,0.200,4.000,1.000
41.360,39.060,36.900,38.970,42.000,41.360,0.640,3.000,0.025,0.000,1.910,6.950,0.000,8.860,30.000,0.200,4.000,1.000
41.360,39.040,36.900,38.980,42.000,41.360,0.640,3.000,0.025,0.000,1.920,6.950,0.000,8.870,30.000,0.200,4.000,1.000
41.350,39.040,36.910,38.980,42.000,41.350,0.650,3.000,0.025,0.000,1.950,6.960,0.000,8.900,30.000,0.200,4.000,1.000
41.350,39.020,36.920,38.990,42.000,41.350,0.650,3.000,0.025,0.000,1.960,6.960,0.000,8.920,30.000,0.200,4.000,1.000
41.330,39.020,36.930,38.990,42.000,41.330,0.670,3.000,0.025,0.000,2.000,6.960,0.000,8.960,30.000,0.200,4.000,1.000
41.330,39.000,36.920,39.000,42.000,41.330,0.670,3.000,0.025,0.000,2.000,6.970,0.000,8.970,30.000,0.200,4.000,1.000
41.330,39.000,36.940,39.000,42.000,41.330,0.670,3.000,0.025,0.000,2.020,6.970,0.000,8.990,30.000,0.200,4.000,1.000
41.330,38.990,36.940,39.010,42.000,41.330,0.670,3.000,0.025,0.000,2.000,6.970,0.000,8.980,30.000,0.200,4.000,1.000
41.330,38.980,36.950,39.020,42.000,41.330,0.670,3.000,0.025,0.000,2.020,6.980,0.000,9.000,30.000,0.200,4.000,1.000
41.330,38.980,36.960,39.020,42.000,41.330,0.670,3.000,0.025,0.000,2.010,6.980,0.000,8.990,30.000,0.200,4.000,1.000
41.330,38.970,36.960,39.030,42.000,41.330,0.670,3.000,0.025,0.000,2.020,6.980,0.000,9.000,30.000,0.200,4.000,1.000
41.320,38.970,36.970,39.030,42.000,41.320,0.680,3.000,0.025,0.000,2.050,6.990,0.000,9.040,30.000,0.200,4.000,1.000
41.310,38.970,36.970,39.040,42.000,41.310,0.690,3.000,0.025,0.000,2.070,6.990,0.000,9.060,30.000,0.200,4.000,1.000
41.300,38.970,36.980,39.040,42.000,41.300,0.700,3.000,0.025,0.000,2.090,6.990,0.000,9.080,30.000,0.200,4.000,1.000
41.300,38.970,36.990,39.050,42.000,41.300,0.700,3.000,0.025,0.000,2.090,7.000,0.000,9.090,30.000,0.200,4.000,1.000
41.300,38.960,36.990,39.060,42.000,41.300,0.700,3.000,0.025,0.000,2.100,7.000,0.000,9.100,30.000,0.200,4.000,1.000
41.300,38.970,37.010,39.060,42.000,41.300,0.700,3.000,0.025,0.000,2.100,7.010,0.000,9.100,30.000,0.200,4.000,1.000
41.310,38.970,37.010,39.070,42.000,41.310,0.690,3.000,0.025,0.000,2.080,7.010,0.000,9.090,30.000,0.200,4.000,1.000
41.310,38.960,37.020,39.080,42.000,41.310,0.690,3.000,0.025,0.000,2.080,7.010,0.000,9.090,30.000,0.200,4.000,1.000
41.320,38.970,37.030,39.090,42.000,41.320,0.680,3.000,0.025,0.000,2.050,7.020,0.000,9.060,30.000,0.200,4.000,1.000
41.320,38.970,37.040,39.100,42.000,41.320,0.680,3.000,0.025,0.000,2.040,7.020,0.000,9.060,30.000,0.200,4.000,1.000
41.330,38.970,37.040,39.100,42.000,41.330,0.670,3.000,0.025,0.000,2.010,7.020,0.000,9.040,30.000,0.200,4.000,1.000
41.340,38.980,37.050,39.110,42.000,41.340,0.660,3.000,0.025,0.000,1.970,7.030,0.000,9.000,30.000,0.200,4.000,1.000
41.350,38.980,37.060,39.130,42.000,41.350,0.650,3.000,0.025,0.000,1.950,7.030,0.000,8.980,30.000,0.200,4.000,1.000
41.370,39.000,37.070,39.130,42.000,41.370,0.630,3.000,0.025,0.000,1.890,7.030,0.000,8.920,30.000,0.200,4.000,1.000
41.380,39.000,37.080,39.140,42.000,41.380,0.620,3.000,0.025,0.000,1.850,7.030,0.000,8.890,30.000,0.200,4.000,1.000
41.400,39.010,37.090,39.150,42.000,41.400,0.600,3.000,0.025,0.000,1.810,7.040,0.000,8.840,30.000,0.200,4.000,1.000
41.410,39.020,37.090,39.160,42.000,41.410,0.590,3.000,0.025,0.000,1.760,7.040,0.000,8.800,30.000,0.200,4.000,1.000
41.430,39.030,37.110,39.170,42.000,41.430,0.570,3.000,0.025,0.000,1.710,7.040,0.000,8.760,30.000,0.200,4.000,1.000
41.450,39.040,37.110,39.180,42.000,41.450,0.550,3.000,0.025,0.000,1.660,7.050,0.000,8.700,30.000,0.200,4.000,1.000
41.460,39.050,37.120,39.190,42.000,41.460,0.540,3.000,0.025,0.000,1.620,7.050,0.000,8.670,30.000,0.200,4.000,1.000
41.480,39.070,37.130,39.200,42.000,41.480,0.520,3.000,0.025,0.000,1.570,7.050,0.000,8.620,30.000,0.200,4.000,1.000
41.490,39.080,37.140,39.200,42.000,41.490,0.510,3.000,0.025,0.000,1.520,7.050,0.000,8.570,30.000,0.200,4.000,1.000
41.500,39.090,37.150,39.210,42.000,41.500,0.500,3.000,0.025,0.000,1.500,7.060,0.000,8.560,30.000,0.200,4.000,1.000
41.520,39.110,37.160,39.220,42.000,41.520,0.480,3.000,0.025,0.000,1.430,7.060,0.000,8.490,30.000,0.200,4.000,1.000
41.540,39.120,37.160,39.230,42.000,41.540,0.460,3.000,0.025,0.000,1.370,7.060,0.000,8.430,30.000,0.200,4.000,1.000
41.550,39.140,37.180,39.240,42.000,41.550,0.450,3.000,0.025,0.000,1.340,7.060,0.000,8.410,30.000,0.200,4.000,1.000
41.570,39.150,37.180,39.250,42.000,41.570,0.430,3.000,0.025,0.000,1.280,7.070,0.000,8.340,30.000,0.200,4.000,1.000
41.590,39.160,37.190,39.260,42.000,41.590,0.410,3.000,0.025,0.000,1.230,7.070,0.000,8.300,30.000,0.200,4.000,1.000
41.600,39.190,37.200,39.260,42.000,41.600,0.400,3.000,0.025,0.000,1.190,7.070,0.000,8.260,30.000,0.200,4.000,1.000
41.630,39.200,37.200,39.280,42.000,41.630,0.370,3.000,0.025,0.000,1.120,7.070,0.000,8.190,30.000,0.200,4.000,1.000
41.640,39.210,37.220,39.280,42.000,41.640,0.360,3.000,0.025,0.000,1.080,7.070,0.000,8.150,30.000,0.200,4.000,1.000
41.660,39.230,37.220,39.290,42.000,41.660,0.340,3.000,0.025,0.000,1.020,7.080,0.000,8.100,30.000,0.200,4.000,1.000
41.680,39.240,37.230,39.310,42.000,41.680,0.320,3.000,0.025,0.000,0.960,7.080,0.000,8.040,30.000,0.200,4.000,1.000
41.690,39.260,37.240,39.310,42.000,41.690,0.310,3.000,0.025,0.000,0.930,7.080,0.000,8.010,30.000,0.200,4.000,1.000
41.700,39.270,37.240,39.320,42.000,41.700,0.300,3.000,0.025,0.000,0.890,7.080,0.000,7.970,30.000,0.200,4.000,1.000
41.720,39.280,37.250,39.330,42.000,41.720,0.280,3.000,0.025,0.000,0.850,7.080,0.000,7.930,30.000,0.200,4.000,1.000
41.730,39.300,37.260,39.330,42.000,41.730,0.270,3.000,0.025,0.000,0.820,7.080,0.000,7.910,30.000,0.200,4.000,1.000
41.740,39.310,37.270,39.340,42.000,41.740,0.260,3.000,0.025,0.000,0.770,7.080,0.000,7.850,30.000,0.200,4.000,1.000
41.750,39.320,37.270,39.350,42.000,41.750,0.250,3.000,0.025,0.000,0.750,7.090,0.000,7.840,30.000,0.200,4.000,1.000
41.770,39.340,37.280,39.360,42.000,41.770,0.230,3.000,0.025,0.000,0.700,7.090,0.000,7.790,30.000,0.200,4.000,1.000
41.780,39.350,37.280,39.370,42.000,41.780,0.220,3.000,0.025,0.000,0.670,7.090,0.000,7.760,30.000,0.200,4.000,1.000
41.790,39.360,37.290,39.380,42.000,41.790,0.210,3.000,0.025,0.000,0.640,7.090,0.000,7.730,30.000,0.200,4.000,1.000
41.800,39.380,37.300,39.380,42.000,41.800,0.200,3.000,0.025,0.000,0.600,7.090,0.000,7.690,30.000,0.200,4.000,1.000
41.810,39.380,37.300,39.390,42.000,41.810,0.190,3.000,0.025,0.000,0.560,7.090,0.000,7.650,30.000,0.200,4.000,1.000
41.820,39.400,37.310,39.400,42.000,41.820,0.180,3.000,0.025,0.000,0.550,7.090,0.000,7.640,30.000,0.200,4.000,1.000
41.840,39.420,37.320,39.400,42.000,41.840,0.160,3.000,0.025,0.000,0.480,7.090,0.000,7.580,30.000,0.200,4.000,1.000
41.850,39.430,37.320,39.410,42.000,41.850,0.150,3.000,0.025,0.000,0.460,7.090,0.000,7.550,30.000,0.200,4.000,1.000
41.860,39.440,37.330,39.410,42.000,41.860,0.140,3.000,0.025,0.000,0.420,7.090,0.000,7.510,30.000,0.200,4.000,1.000
41.880,39.460,37.330,39.420,42.000,41.880,0.120,3.000,0.025,0.000,0.360,7.090,0.000,7.460,30.000,0.200,4.000,1.000
41.900,39.470,37.330,39.430,42.000,41.900,0.100,3.000,0.025,0.000,0.310,7.090,0.000,7.400,30.000,0.200,4.000,1.000
41.910,39.480,37.340,39.430,42.000,41.910,0.090,3.000,0.025,0.000,0.280,7.100,0.000,7.380,30.000,0.200,4.000,1.000
41.930,39.500,37.340,39.440,42.000,41.930,0.070,3.000,0.025,0.000,0.200,7.100,0.000,7.300,30.000,0.200,4.000,1.000
41.940,39.510,37.340,39.450,42.000,41.940,0.060,3.000,0.025,0.000,0.170,7.100,0.000,7.270,30.000,0.200,4.000,1.000
41.960,39.520,37.350,39.450,42.000,41.960,0.040,3.000,0.025,0.000,0.130,7.100,0.000,7.230,30.000,0.200,4.000,1.000
41.970,39.540,37.350,39.450,42.000,41.970,0.030,3.000,0.025,0.000,0.090,7.100,0.000,7.180,30.000,0.200,4.000,1.000
41.980,39.550,37.360,39.460,42.000,41.980,0.020,3.000,0.025,0.000,0.050,7.100,0.000,7.140,30.000,0.200,4.000,1.000
41.990,39.570,37.360,39.460,42.000,41.990,0.010,3.000,0.025,0.000,0.030,7.100,0.000,7.130,30.000,0.200,4.000,1.000
42.010,39.580,37.360,39.460,42.000,42.010,-0.010,3.000,0.025,0.000,-0.020,7.100,0.000,7.080,30.000,0.200,4.000,1.000
42.010,39.590,37.360,39.470,42.000,42.010,-0.010,3.000,0.025,0.000,-0.040,7.100,0.000,7.060,30.000,0.200,4.000,1.000
42.020,39.600,37.370,39.480,42.000,42.020,-0.020,3.000,0.025,0.000,-0.060,7.100,0.000,7.040,30.000,0.200,4.000,1.000
42.040,39.610,37.370,39.480,42.000,42.040,-0.040,3.000,0.025,0.000,-0.110,7.100,0.000,6.990,30.000,0.200,4.000,1.000
42.050,39.620,37.370,39.480,42.000,42.050,-0.050,3.000,0.025,0.000,-0.140,7.100,0.000,6.960,30.000,0.200,4.000,1.000
42.050,39.630,37.370,39.480,42.000,42.050,-0.050,3.000,0.025,0.000,-0.150,7.100,0.000,6.940,30.000,0.200,4.000,1.000
42.070,39.650,37.370,39.490,42.000,42.070,-0.070,3.000,0.025,0.000,-0.200,7.100,0.000,6.900,30.000,0.200,4.000,1.000
42.080,39.660,37.370,39.490,42.000,42.080,-0.080,3.000,0.025,0.000,-0.250,7.090,0.000,6.850,30.000,0.200,4.000,1.000
42.090,39.660,37.370,39.490,42.000,42.090,-0.090,3.000,0.025,0.000,-0.280,7.090,0.000,6.820,30.000,0.200,4.000,1.000
42.100,39.670,37.380,39.490,42.000,42.100,-0.100,3.000,0.025,0.000,-0.300,7.090,0.000,6.800,30.000,0.200,4.000,1.000
42.120,39.690,37.380,39.490,42.000,42.120,-0.120,3.000,0.025,0.000,-0.350,7.090,0.000,6.740,30.000,0.200,4.000,1.000
42.130,39.700,37.370,39.500,42.000,42.130,-0.130,3.000,0.025,0.000,-0.380,7.090,0.000,6.710,30.000,0.200,4.000,1.000
42.140,39.710,37.370,39.500,42.000,42.140,-0.140,3.000,0.025,0.000,-0.410,7.090,0.000,6.680,30.000,0.200,4.000,1.000
42.140,39.720,37.380,39.500,42.000,42.140,-0.140,3.000,0.025,0.000,-0.430,7.090,0.000,6.660,30.000,0.200,4.000,1.000
42.150,39.720,37.370,39.500,42.000,42.150,-0.150,3.000,0.025,0.000,-0.450,7.090,0.000,6.640,30.000,0.200,4.000,1.000
42.150,39.730,37.370,39.500,42.000,42.150,-0.150,3.000,0.025,0.000,-0.450,7.090,0.000,6.640,30.000,0.200,4.000,1.000
42.160,39.740,37.370,39.490,42.000,42.160,-0.160,3.000,0.025,0.000,-0.470,7.090,0.000,6.620,30.000,0.200,4.000,1.000
42.160,39.760,37.370,39.500,42.000,42.160,-0.160,3.000,0.025,0.000,-0.480,7.090,0.000,6.610,30.000,0.200,4.000,1.000
42.160,39.760,37.370,39.500,42.000,42.160,-0.160,3.000,0.025,0.000,-0.480,7.090,0.000,6.610,30.000,0.200,4.000,1.000
42.160,39.780,37.370,39.490,42.000,42.160,-0.160,3.000,0.025,0.000,-0.470,7.090,0.000,6.610,30.000,0.200,4.000,1.000
42.160,39.790,37.360,39.490,42.000,42.160,-0.160,3.000,0.025,0.000,-0.470,7.090,0.000,6.620,30.000,0.200,4.000,1.000
42.160,39.790,37.360,39.490,42.000,42.160,-0.160,3.000,0.025,0.000,-0.470,7.080,0.000,6.620,30.000,0.200,4.000,1.000
42.160,39.800,37.360,39.490,42.000,42.160,-0.160,3.000,0.025,0.000,-0.480,7.080,0.000,6.610,30.000,0.200,4.000,1.000
42.170,39.810,37.350,39.490,42.000,42.170,-0.170,3.000,0.025,0.000,-0.500,7.080,0.000,6.580,30.000,0.200,4.000,1.000
42.170,39.810,37.350,39.490,42.000,42.170,-0.170,3.000,0.025,0.000,-0.520,7.080,0.000,6.560,30.000,0.200,4.000,1.000
42.170,39.820,37.350,39.490,42.000,42.170,-0.170,3.000,0.025,0.000,-0.520,7.080,0.000,6.560,30.000,0.200,4.000,1.000
42.180,39.830,37.350,39.480,42.000,42.180,-0.180,3.000,0.025,0.000,-0.530,7.080,0.000,6.550,30.000,0.200,4.000,1.000
42.190,39.830,37.340,39.480,42.000,42.190,-0.190,3.000,0.025,0.000,-0.570,7.080,0.000,6.510,30.000,0.200,4.000,1.000
42.180,39.830,37.340,39.480,42.000,42.180,-0.180,3.000,0.025,0.000,-0.550,7.080,0.000,6.530,30.000,0.200,4.000,1.000
42.190,39.840,37.340,39.480,42.000,42.190,-0.190,3.000,0.025,0.000,-0.560,7.080,0.000,6.510,30.000,0.200,4.000,1.000
42.200,39.850,37.330,39.470,42.000,42.200,-0.200,3.000,0.025,0.000,-0.590,7.080,0.000,6.480,30.000,0.200,4.000,1.000
42.200,39.840,37.320,39.460,42.000,42.200,-0.200,3.000,0.025,0.000,-0.590,7.080,0.000,6.490,30.000,0.200,4.000,1.000
42.190,39.850,37.320,39.460,42.000,42.190,-0.190,3.000,0.025,0.000,-0.580,7.070,0.000,6.490,30.000,0.200,4.000,1.000
42.200,39.850,37.320,39.460,42.000,42.200,-0.200,3.000,0.025,0.000,-0.600,7.070,0.000,6.480,30.000,0.200,4.000,1.000
42.200,39.850,37.310,39.460,42.000,42.200,-0.200,3.000,0.025,0.000,-0.610,7.070,0.000,6.470,30.000,0.200,4.000,1.000
42.190,39.850,37.310,39.450,42.000,42.190,-0.190,3.000,0.025,0.000,-0.580,7.070,0.000,6.490,30.000,0.200,4.000,1.000
42.190,39.860,37.310,39.440,42.000,42.190,-0.190,3.000,0.025,0.000,-0.580,7.070,0.000,6.490,30.000,0.200,4.000,1.000
42.200,39.870,37.300,39.440,42.000,42.200,-0.200,3.000,0.025,0.000,-0.590,7.070,0.000,6.480,30.000,0.200,4.000,1.000
42.190,39.860,37.300,39.440,42.000,42.190,-0.190,3.000,0.025,0.000,-0.570,7.070,0.000,6.500,30.000,0.200,4.000,1.000
42.180,39.880,37.290,39.430,42.000,42.180,-0.180,3.000,0.025,0.000,-0.550,7.070,0.000,6.520,30.000,0.200,4.000,1.000
42.180,39.880,37.280,39.430,42.000,42.180,-0.180,3.000,0.025,0.000,-0.550,7.070,0.000,6.510,30.000,0.200,4.000,1.000
42.180,39.870,37.280,39.420,42.000,42.180,-0.180,3.000,0.025,0.000,-0.540,7.070,0.000,6.530,30.000,0.200,4.000,1.000
42.180,39.890,37.280,39.420,42.000,42.180,-0.180,3.000,0.025,0.000,-0.540,7.070,0.000,6.520,30.000,0.200,4.000,1.000
42.180,39.880,37.270,39.420,42.000,42.180,-0.180,3.000,0.025,0.000,-0.550,7.060,0.000,6.510,30.000,0.200,4.000,1.000
42.190,39.880,37.260,39.410,42.000,42.190,-0.190,3.000,0.025,0.000,-0.560,7.060,0.000,6.500,30.000,0.200,4.000,1.000
42.190,39.890,37.260,39.400,42.000,42.190,-0.190,3.000,0.025,0.000,-0.570,7.060,0.000,6.490,30.000,0.200,4.000,1.000
42.200,39.890,37.250,39.400,42.000,42.200,-0.200,3.000,0.025,0.000,-0.590,7.060,0.000,6.470,30.000,0.200,4.000,1.000
42.190,39.880,37.240,39.400,42.000,42.190,-0.190,3.000,0.025,0.000,-0.580,7.060,0.000,6.480,30.000,0.200,4.000,1.000
42.200,39.880,37.240,39.380,42.000,42.200,-0.200,3.000,0.025,0.000,-0.590,7.060,0.000,6.470,30.000,0.200,4.000,1.000
42.210,39.890,37.230,39.380,42.000,42.210,-0.210,3.000,0.025,0.000,-0.620,7.060,0.000,6.440,30.000,0.200,4.000,1.000
42.200,39.880,37.230,39.380,42.000,42.200,-0.200,3.000,0.025,0.000,-0.610,7.060,0.000,6.450,30.000,0.200,4.000,1.000
42.210,39.880,37.220,39.370,42.000,42.210,-0.210,3.000,0.025,0.000,-0.630,7.060,0.000,6.430,30.000,0.200,4.000,1.000
42.220,39.880,37.210,39.360,42.000,42.220,-0.220,3.000,0.025,0.000,-0.650,7.060,0.000,6.410,30.000,0.200,4.000,1.000
42.210,39.880,37.210,39.360,42.000,42.210,-0.210,3.000,0.025,0.000,-0.640,7.050,0.000,6.410,30.000,0.200,4.000,1.000
42.210,39.880,37.200,39.350,42.000,42.210,-0.210,3.000,0.025,0.000,-0.630,7.050,0.000,6.420,30.000,0.200,4.000,1.000
42.220,39.880,37.190,39.340,42.000,42.220,-0.220,3.000,0.025,0.000,-0.650,7.050,0.000,6.400,30.000,0.200,4.000,1.000
42.210,39.860,37.190,39.340,42.000,42.210,-0.210,3.000,0.025,0.000,-0.640,7.050,0.000,6.410,30.000,0.200,4.000,1.000
42.220,39.870,37.180,39.330,42.000,42.220,-0.220,3.000,0.025,0.000,-0.650,7.050,0.000,6.400,30.000,0.200,4.000,1.000
42.220,39.860,37.170,39.320,42.000,42.220,-0.220,3.000,0.025,0.000,-0.660,7.050,0.000,6.390,30.000,0.200,4.000,1.000
42.220,39.850,37.170,39.320,42.000,42.220,-0.220,3.000,0.025,0.000,-0.650,7.050,0.000,6.400,30.000,0.200,4.000,1.000
42.220,39.850,37.170,39.310,42.000,42.220,-0.220,3.000,0.025,0.000,-0.660,7.050,0.000,6.390,30.000,0.200,4.000,1.000
42.220,39.850,37.150,39.300,42.000,42.220,-0.220,3.000,0.025,0.000,-0.670,7.050,0.000,6.370,30.000,0.200,4.000,1.000
42.220,39.830,37.150,39.300,42.000,42.220,-0.220,3.000,0.025,0.000,-0.670,7.040,0.000,6.380,30.000,0.200,4.000,1.000
42.220,39.830,37.140,39.290,42.000,42.220,-0.220,3.000,0.025,0.000,-0.670,7.040,0.000,6.370,30.000,0.200,4.000,1.000
42.230,39.820,37.130,39.290,42.000,42.230,-0.230,3.000,0.025,0.000,-0.690,7.040,0.000,6.350,30.000,0.200,4.000,1.000
42.220,39.810,37.130,39.280,42.000,42.220,-0.220,3.000,0.025,0.000,-0.670,7.040,0.000,6.370,30.000,0.200,4.000,1.000
42.220,39.800,37.120,39.270,42.000,42.220,-0.220,3.000,0.025,0.000,-0.670,7.040,0.000,6.370,30.000,0.200,4.000,1.000
42.220,39.790,37.100,39.260,42.000,42.220,-0.220,3.000,0.025,0.000,-0.660,7.040,0.000,6.380,30.000,0.200,4.000,1.000
42.210,39.770,37.110,39.260,42.000,42.210,-0.210,3.000,0.025,0.000,-0.620,7.040,0.000,6.410,30.000,0.200,4.000,1.000
42.200,39.770,37.100,39.240,42.000,42.200,-0.200,3.000,0.025,0.000,-0.610,7.040,0.000,6.420,30.000,0.200,4.000,1.000
42.200,39.750,37.080,39.240,42.000,42.200,-0.200,3.000,0.025,0.000,-0.590,7.040,0.000,6.450,30.000,0.200,4.000,1.000
42.180,39.730,37.080,39.240,42.000,42.180,-0.180,3.000,0.025,0.000,-0.540,7.040,0.000,6.500,30.000,0.200,4.000,1.000
42.170,39.730,37.070,39.230,42.000,42.170,-0.170,3.000,0.025,0.000,-0.510,7.030,0.000,6.520,30.000,0.200,4.000,1.000
42.170,39.710,37.070,39.220,42.000,42.170,-0.170,3.000,0.025,0.000,-0.500,7.030,0.000,6.540,30.000,0.200,4.000,1.000
42.140,39.700,37.060,39.210,42.000,42.140,-0.140,3.000,0.025,0.000,-0.430,7.030,0.000,6.600,30.000,0.200,4.000,1.000
42.130,39.690,37.050,39.200,42.000,42.130,-0.130,3.000,0.025,0.000,-0.380,7.030,0.000,6.650,30.000,0.200,4.000,1.000
42.110,39.680,37.040,39.190,42.000,42.110,-0.110,3.000,0.025,0.000,-0.320,7.030,0.000,6.710,30.000,0.200,4.000,1.000
42.080,39.670,37.040,39.190,42.000,42.080,-0.080,3.000,0.025,0.000,-0.230,7.030,0.000,6.800,30.000,0.200,4.000,1.000
42.050,39.660,37.030,39.180,42.000,42.050,-0.050,3.000,0.025,0.000,-0.160,7.030,0.000,6.870,30.000,0.200,4.000,1.000
42.030,39.650,37.020,39.170,42.000,42.030,-0.030,3.000,0.025,0.000,-0.090,7.030,0.000,6.940,30.000,0.200,4.000,1.000
42.000,39.640,37.020,39.160,42.000,42.000,0.000,3.000,0.025,0.000,-0.010,7.030,0.000,7.020,30.000,0.200,4.000,1.000
41.990,39.630,37.000,39.150,42.000,41.990,0.010,3.000,0.025,0.000,0.020,7.030,0.000,7.050,30.000,0.200,4.000,1.000
41.970,39.610,37.000,39.150,42.000,41.970,0.030,3.000,0.025,0.000,0.080,7.030,0.000,7.110,30.000,0.200,4.000,1.000
41.950,39.610,37.000,39.140,42.000,41.950,0.050,3.000,0.025,0.000,0.140,7.030,0.000,7.170,30.000,0.200,4.000,1.000
41.950,39.600,36.980,39.130,42.000,41.950,0.050,3.000,0.025,0.000,0.160,7.030,0.000,7.190,30.000,0.200,4.000,1.000
41.920,39.580,36.980,39.130,42.000,41.920,0.080,3.000,0.025,0.000,0.230,7.030,0.000,7.260,30.000,0.200,4.000,1.000
41.900,39.570,36.970,39.120,42.000,41.900,0.100,3.000,0.025,0.000,0.290,7.030,0.000,7.320,30.000,0.200,4.000,1.000
41.890,39.560,36.960,39.100,42.000,41.890,0.110,3.000,0.025,0.000,0.320,7.030,0.000,7.350,30.000,0.200,4.000,1.000
41.880,39.540,36.960,39.100,42.000,41.880,0.120,3.000,0.025,0.000,0.370,7.030,0.000,7.410,30.000,0.200,4.000,1.000
41.860,39.530,36.950,39.090,42.000,41.860,0.140,3.000,0.025,0.000,0.430,7.030,0.000,7.470,30.000,0.200,4.000,1.000
41.840,39.530,36.950,39.080,42.000,41.840,0.160,3.000,0.025,0.000,0.480,7.030,0.000,7.520,30.000,0.200,4.000,1.000
41.820,39.510,36.940,39.080,42.000,41.820,0.180,3.000,0.025,0.000,0.540,7.040,0.000,7.570,30.000,0.200,4.000,1.000
41.800,39.510,36.940,39.080,42.000,41.800,0.200,3.000,0.025,0.000,0.590,7.040,0.000,7.630,30.000,0.200,4.000,1.000
41.790,39.510,36.930,39.070,42.000,41.790,0.210,3.000,0.025,0.000,0.630,7.040,0.000,7.660,30.000,0.200,4.000,1.000
41.780,39.490,36.920,39.070,42.000,41.780,0.220,3.000,0.025,0.000,0.660,7.040,0.000,7.700,30.000,0.200,4.000,1.000
41.760,39.480,36.920,39.060,42.000,41.760,0.240,3.000,0.025,0.000,0.710,7.040,0.000,7.750,30.000,0.200,4.000,1.000
41.760,39.480,36.910,39.050,42.000,41.760,0.240,3.000,0.025,0.000,0.730,7.040,0.000,7.780,30.000,0.200,4.000,1.000
41.740,39.460,36.910,39.050,42.000,41.740,0.260,3.000,0.025,0.000,0.770,7.040,0.000,7.810,30.000,0.200,4.000,1.000
41.730,39.450,36.900,39.040,42.000,41.730,0.270,3.000,0.025,0.000,0.820,7.040,0.000,7.870,30.000,0.200,4.000,1.000
41.720,39.450,36.900,39.030,42.000,41.720,0.280,3.000,0.025,0.000,0.840,7.050,0.000,7.890,30.000,0.200,4.000,1.000
41.700,39.430,36.900,39.040,42.000,41.700,0.300,3.000,0.025,0.000,0.890,7.050,0.000,7.940,30.000,0.200,4.000,1.000
41.690,39.420,36.900,39.020,42.000,41.690,0.310,3.000,0.025,0.000,0.930,7.050,0.000,7.980,30.000,0.200,4.000,1.000
41.690,39.410,36.880,39.030,42.000,41.690,0.310,3.000,0.025,0.000,0.940,7.050,0.000,7.990,30.000,0.200,4.000,1.000
41.670,39.400,36.890,39.020,42.000,41.670,0.330,3.000,0.025,0.000,0.980,7.050,0.000,8.040,30.000,0.200,4.000,1.000
41.660,39.390,36.880,39.010,42.000,41.660,0.340,3.000,0.025,0.000,1.010,7.050,0.000,8.060,30.000,0.200,4.000,1.000
41.660,39.380,36.880,39.010,42.000,41.660,0.340,3.000,0.025,0.000,1.030,7.060,0.000,8.080,30.000,0.200,4.000,1.000
41.640,39.380,36.880,39.010,42.000,41.640,0.360,3.000,0.025,0.000,1.070,7.060,0.000,8.120,30.000,0.200,4.000,1.000
41.650,39.370,36.870,39.000,42.000,41.650,0.350,3.000,0.025,0.000,1.050,7.060,0.000,8.110,30.000,0.200,4.000,1.000
41.640,39.350,36.880,39.000,42.000,41.640,0.360,3.000,0.025,0.000,1.080,7.060,0.000,8.140,30.000,0.200,4.000,1.000
41.630,39.350,36.880,38.990,42.000,41.630,0.370,3.000,0.025,0.000,1.100,7.060,0.000,8.160,30.000,0.200,4.000,1.000
41.630,39.350,36.870,39.000,42.000,41.630,0.370,3.000,0.025,0.000,1.110,7.060,0.000,8.180,30.000,0.200,4.000,1.000
41.620,39.340,36.870,38.990,42.000,41.620,0.380,3.000,0.025,0.000,1.140,7.070,0.000,8.200,30.000,0.200,4.000,1.000
41.620,39.340,36.870,38.990,42.000,41.620,0.380,3.000,0.025,0.000,1.130,7.070,0.000,8.190,30.000,0.200,4.000,1.000
41.620,39.320,36.880,39.000,42.000,41.620,0.380,3.000,0.025,0.000,1.140,7.070,0.000,8.210,30.000,0.200,4.000,1.000
41.620,39.330,36.870,38.990,42.000,41.620,0.380,3.000,0.025,0.000,1.150,7.070,0.000,8.220,30.000,0.200,4.000,1.000
41.620,39.320,36.870,38.990,42.000,41.620,0.380,3.000,0.025,0.000,1.140,7.070,0.000,8.220,30.000,0.200,4.000,1.000
41.610,39.310,36.870,38.990,42.000,41.610,0.390,3.000,0.025,0.000,1.160,7.080,0.000,8.240,30.000,0.200,4.000,1.000
41.610,39.310,36.870,38.990,42.000,41.610,0.390,3.000,0.025,0.000,1.160,7.080,0.000,8.240,30.000,0.200,4.000,1.000
41.600,39.300,36.880,38.990,42.000,41.600,0.400,3.000,0.025,0.000,1.200,7.080,0.000,8.280,30.000,0.200,4.000,1.000
41.610,39.300,36.880,38.980,42.000,41.610,0.390,3.000,0.025,0.000,1.180,7.080,0.000,8.260,30.000,0.200,4.000,1.000
41.610,39.290,36.870,38.990,42.000,41.610,0.390,3.000,0.025,0.000,1.180,7.080,0.000,8.260,30.000,0.200,4.000,1.000
41.600,39.290,36.880,38.990,42.000,41.600,0.400,3.000,0.025,0.000,1.210,7.090,0.000,8.300,30.000,0.200,4.000,1.000
41.600,39.300,36.880,38.990,42.000,41.600,0.400,3.000,0.025,0.000,1.200,7.090,0.000,8.290,30.000,0.200,4.000,1.000
41.590,39.290,36.890,38.990,42.000,41.590,0.410,3.000,0.025,0.000,1.230,7.090,0.000,8.320,30.000,0.200,4.000,1.000
41.590,39.290,36.890,38.990,42.000,41.590,0.410,3.000,0.025,0.000,1.220,7.090,0.000,8.310,30.000,0.200,4.000,1.000
41.580,39.280,36.880,38.990,42.000,41.580,0.420,3.000,0.025,0.000,1.250,7.090,0.000,8.340,30.000,0.200,4.000,1.000
41.580,39.290,36.890,38.990,42.000,41.580,0.420,3.000,0.025,0.000,1.260,7.100,0.000,8.360,30.000,0.200,4.000,1.000
41.570,39.280,36.890,39.000,42.000,41.570,0.430,3.000,0.025,0.000,1.300,7.100,0.000,8.400,30.000,0.200,4.000,1.000
41.550,39.280,36.900,39.000,42.000,41.550,0.450,3.000,0.025,0.000,1.340,7.100,0.000,8.440,30.000,0.200,4.000,1.000
41.550,39.280,36.890,39.000,42.000,41.550,0.450,3.000,0.025,0.000,1.360,7.100,0.000,8.470,30.000,0.200,4.000,1.000
41.530,39.280,36.900,39.000,42.000,41.530,0.470,3.000,0.025,0.000,1.410,7.100,0.000,8.520,30.000,0.200,4.000,1.000
41.530,39.270,36.900,39.000,42.000,41.530,0.470,3.000,0.025,0.000,1.420,7.110,0.000,8.520,30.000,0.200,4.000,1.000
41.520,39.260,36.910,39.010,42.000,41.520,0.480,3.000,0.025,0.000,1.450,7.110,0.000,8.560,30.000,0.200,4.000,1.000
41.510,39.270,36.910,39.010,42.000,41.510,0.490,3.000,0.025,0.000,1.470,7.110,0.000,8.580,30.000,0.200,4.000,1.000
41.500,39.260,36.910,39.020,42.000,41.500,0.500,3.000,0.025,0.000,1.490,7.110,0.000,8.600,30.000,0.200,4.000,1.000
41.500,39.260,36.920,39.010,42.000,41.500,0.500,3.000,0.025,0.000,1.510,7.120,0.000,8.620,30.000,0.200,4.000,1.000
41.500,39.260,36.920,39.020,42.000,41.500,0.500,3.000,0.025,0.000,1.510,7.120,0.000,8.630,30.000,0.200,4.000,1.000
41.490,39.250,36.930,39.020,42.000,41.490,0.510,3.000,0.025,0.000,1.540,7.120,0.000,8.660,30.000,0.200,4.000,1.000
41.490,39.260,36.930,39.020,42.000,41.490,0.510,3.000,0.025,0.000,1.520,7.120,0.000,8.640,30.000,0.200,4.000,1.000
41.490,39.250,36.940,39.030,42.000,41.490,0.510,3.000,0.025,0.000,1.540,7.130,0.000,8.670,30.000,0.200,4.000,1.000
41.480,39.250,36.940,39.030,42.000,41.480,0.520,3.000,0.025,0.000,1.570,7.130,0.000,8.700,30.000,0.200,4.000,1.000
41.480,39.240,36.940,39.040,42.000,41.480,0.520,3.000,0.025,0.000,1.570,7.130,0.000,8.710,30.000,0.200,4.000,1.000
41.460,39.220,36.960,39.050,42.000,41.460,0.540,3.000,0.025,0.000,1.610,7.140,0.000,8.750,30.000,0.200,4.000,1.000
41.460,39.220,36.960,39.050,42.000,41.460,0.540,3.000,0.025,0.000,1.610,7.140,0.000,8.750,30.000,0.200,4.000,1.000
41.450,39.210,36.960,39.050,42.000,41.450,0.550,3.000,0.025,0.000,1.650,7.140,0.000,8.790,30.000,0.200,4.000,1.000
41.440,39.200,36.970,39.050,42.000,41.440,0.560,3.000,0.025,0.000,1.690,7.140,0.000,8.840,30.000,0.200,4.000,1.000
41.430,39.190,36.970,39.070,42.000,41.430,0.570,3.000,0.025,0.000,1.710,7.150,0.000,8.860,30.000,0.200,4.000,1.000
41.410,39.190,36.980,39.070,42.000,41.410,0.590,3.000,0.025,0.000,1.760,7.150,0.000,8.910,30.000,0.200,4.000,1.000
41.410,39.180,36.990,39.070,42.000,41.410,0.590,3.000,0.025,0.000,1.770,7.150,0.000,8.920,30.000,0.200,4.000,1.000
41.400,39.170,36.990,39.080,42.000,41.400,0.600,3.000,0.025,0.000,1.810,7.160,0.000,8.970,30.000,0.200,4.000,1.000
41.390,39.170,37.000,39.080,42.000,41.390,0.610,3.000,0.025,0.000,1.830,7.160,0.000,8.980,30.000,0.200,4.000,1.000
41.380,39.160,37.000,39.090,42.000,41.380,0.620,3.000,0.025,0.000,1.850,7.160,0.000,9.010,30.000,0.200,4.000,1.000
41.380,39.160,37.020,39.090,42.000,41.380,0.620,3.000,0.025,0.000,1.870,7.160,0.000,9.040,30.000,0.200,4.000,1.000
41.380,39.160,37.020,39.100,42.000,41.380,0.620,3.000,0.025,0.000,1.860,7.170,0.000,9.030,30.000,0.200,4.000,1.000
41.360,39.150,37.030,39.110,42.000,41.360,0.640,3.000,0.025,0.000,1.910,7.170,0.000,9.080,30.000,0.200,4.000,1.000
41.370,39.160,37.030,39.120,42.000,41.370,0.630,3.000,0.025,0.000,1.890,7.170,0.000,9.060,30.000,0.200,4.000,1.000
41.370,39.150,37.050,39.130,42.000,41.370,0.630,3.000,0.025,0.000,1.900,7.180,0.000,9.080,30.000,0.200,4.000,1.000
41.370,39.160,37.050,39.130,42.000,41.370,0.630,3.000,0.025,0.000,1.890,7.180,0.000,9.070,30.000,0.200,4.000,1.000
41.370,39.150,37.060,39.140,42.000,41.370,0.630,3.000,0.025,0.000,1.880,7.180,0.000,9.060,30.000,0.200,4.000,1.000
41.370,39.150,37.070,39.150,42.000,41.370,0.630,3.000,0.025,0.000,1.900,7.190,0.000,9.090,30.000,0.200,4.000,1.000
41.370,39.150,37.070,39.150,42.000,41.370,0.630,3.000,0.025,0.000,1.890,7.190,0.000,9.080,30.000,0.200,4.000,1.000
41.360,39.140,37.090,39.170,42.000,41.360,0.640,3.000,0.025,0.000,1.920,7.190,0.000,9.120,30.000,0.200,4.000,1.000
41.370,39.140,37.090,39.170,42.000,41.370,0.630,3.000,0.025,0.000,1.900,7.200,0.000,9.100,30.000,0.200,4.000,1.000
41.350,39.140,37.100,39.180,42.000,41.350,0.650,3.000,0.025,0.000,1.940,7.200,0.000,9.140,30.000,0.200,4.000,1.000
41.350,39.140,37.120,39.180,42.000,41.350,0.650,3.000,0.025,0.000,1.950,7.200,0.000,9.160,30.000,0.200,4.000,1.000
41.340,39.130,37.120,39.200,42.000,41.340,0.660,3.000,0.025,0.000,1.990,7.210,0.000,9.190,30.000,0.200,4.000,1.000
41.330,39.130,37.130,39.200,42.000,41.330,0.670,3.000,0.025,0.000,2.020,7.210,0.000,9.230,30.000,0.200,4.000,1.000
41.320,39.120,37.130,39.210,42.000,41.320,0.680,3.000,0.025,0.000,2.050,7.210,0.000,9.260,30.000,0.200,4.000,1.000
41.300,39.120,37.150,39.220,42.000,41.300,0.700,3.000,0.025,0.000,2.100,7.220,0.000,9.310,30.000,0.200,4.000,1.000
41.290,39.120,37.160,39.230,42.000,41.290,0.710,3.000,0.025,0.000,2.120,7.220,0.000,9.340,30.000,0.200,4.000,1.000
41.280,39.120,37.160,39.240,42.000,41.280,0.720,3.000,0.025,0.000,2.160,7.220,0.000,9.380,30.000,0.200,4.000,1.000
41.270,39.120,37.170,39.250,42.000,41.270,0.730,3.000,0.025,0.000,2.190,7.230,0.000,9.410,30.000,0.200,4.000,1.000
41.260,39.110,37.180,39.260,42.000,41.260,0.740,3.000,0.025,0.000,2.210,7.230,0.000,9.440,30.000,0.200,4.000,1.000
41.250,39.120,37.200,39.270,42.000,41.250,0.750,3.000,0.025,0.000,2.250,7.230,0.000,9.480,30.000,0.200,4.000,1.000
41.250,39.120,37.200,39.280,42.000,41.250,0.750,3.000,0.025,0.000,2.250,7.240,0.000,9.490,30.000,0.200,4.000,1.000
41.240,39.120,37.220,39.280,42.000,41.240,0.760,3.000,0.025,0.000,2.270,7.240,0.000,9.510,30.000,0.200,4.000,1.000
41.240,39.130,37.220,39.300,42.000,41.240,0.760,3.000,0.025,0.000,2.280,7.250,0.000,9.520,30.000,0.200,4.000,1.000
41.240,39.120,37.240,39.310,42.000,41.240,0.760,3.000,0.025,0.000,2.290,7.250,0.000,9.540,30.000,0.200,4.000,1.000
41.240,39.130,37.250,39.310,42.000,41.240,0.760,3.000,0.025,0.000,2.270,7.250,0.000,9.520,30.000,0.200,4.000,1.000
41.250,39.130,37.260,39.330,42.000,41.250,0.750,3.000,0.025,0.000,2.260,7.260,0.000,9.520,30.000,0.200,4.000,1.000
41.260,39.130,37.270,39.340,42.000,41.260,0.740,3.000,0.025,0.000,2.230,7.260,0.000,9.500,30.000,0.200,4.000,1.000
41.260,39.130,37.270,39.350,42.000,41.260,0.740,3.000,0.025,0.000,2.220,7.260,0.000,9.480,30.000,0.200,4.000,1.000
41.260,39.140,37.300,39.370,42.000,41.260,0.740,3.000,0.025,0.000,2.220,7.270,0.000,9.490,30.000,0.200,4.000,1.000
41.270,39.140,37.300,39.370,42.000,41.270,0.730,3.000,0.025,0.000,2.200,7.270,0.000,9.470,30.000,0.200,4.000,1.000
41.270,39.140,37.310,39.390,42.000,41.270,0.730,3.000,0.025,0.000,2.200,7.280,0.000,9.480,30.000,0.200,4.000,1.000
41.270,39.160,37.320,39.400,42.000,41.270,0.730,3.000,0.025,0.000,2.190,7.280,0.000,9.470,30.000,0.200,4.000,1.000
41.280,39.160,37.330,39.410,42.000,41.280,0.720,3.000,0.025,0.000,2.160,7.280,0.000,9.440,30.000,0.200,4.000,1.000
41.290,39.170,37.350,39.420,42.000,41.290,0.710,3.000,0.025,0.000,2.140,7.290,0.000,9.430,30.000,0.200,4.000,1.000
41.300,39.180,37.360,39.430,42.000,41.300,0.700,3.000,0.025,0.000,2.110,7.290,0.000,9.400,30.000,0.200,4.000,1.000
41.300,39.170,37.370,39.450,42.000,41.300,0.700,3.000,0.025,0.000,2.090,7.290,0.000,9.380,30.000,0.200,4.000,1.000
41.320,39.180,37.380,39.450,42.000,41.320,0.680,3.000,0.025,0.000,2.050,7.300,0.000,9.350,30.000,0.200,4.000,1.000
41.330,39.180,37.390,39.480,42.000,41.330,0.670,3.000,0.025,0.000,2.010,7.300,0.000,9.310,30.000,0.200,4.000,1.000
41.340,39.190,37.410,39.480,42.000,41.340,0.660,3.000,0.025,0.000,1.980,7.300,0.000,9.280,30.000,0.200,4.000,1.000
41.350,39.180,37.410,39.490,42.000,41.350,0.650,3.000,0.025,0.000,1.940,7.310,0.000,9.250,30.000,0.200,4.000,1.000
41.360,39.180,37.430,39.510,42.000,41.360,0.640,3.000,0.025,0.000,1.920,7.310,0.000,9.230,30.000,0.200,4.000,1.000
41.370,39.190,37.440,39.520,42.000,41.370,0.630,3.000,0.025,0.000,1.880,7.310,0.000,9.190,30.000,0.200,4.000,1.000
41.370,39.180,37.460,39.530,42.000,41.370,0.630,3.000,0.025,0.000,1.880,7.320,0.000,9.190,30.000,0.200,4.000,1.000
41.390,39.200,37.470,39.540,42.000,41.390,0.610,3.000,0.025,0.000,1.830,7.320,0.000,9.140,30.000,0.200,4.000,1.000
41.400,39.190,37.480,39.560,42.000,41.400,0.600,3.000,0.025,0.000,1.800,7.320,0.000,9.120,30.000,0.200,4.000,1.000
41.400,39.200,37.490,39.570,42.000,41.400,0.600,3.000,0.025,0.000,1.790,7.320,0.000,9.120,30.000,0.200,4.000,1.000
41.420,39.200,37.500,39.590,42.000,41.420,0.580,3.000,0.025,0.000,1.730,7.330,0.000,9.060,30.000,0.200,4.000,1.000
41.420,39.210,37.520,39.590,42.000,41.420,0.580,3.000,0.025,0.000,1.730,7.330,0.000,9.060,30.000,0.200,4.000,1.000
41.440,39.210,37.530,39.600,42.000,41.440,0.560,3.000,0.025,0.000,1.680,7.330,0.000,9.020,30.000,0.200,4.000,1.000
41.440,39.220,37.550,39.620,42.000,41.440,0.560,3.000,0.025,0.000,1.690,7.340,0.000,9.030,30.000,0.200,4.000,1.000
41.460,39.230,37.550,39.630,42.000,41.460,0.540,3.000,0.025,0.000,1.610,7.340,0.000,8.950,30.000,0.200,4.000,1.000
41.460,39.240,37.570,39.650,42.000,41.460,0.540,3.000,0.025,0.000,1.610,7.340,0.000,8.950,30.000,0.200,4.000,1.000
41.480,39.250,37.580,39.660,42.000,41.480,0.520,3.000,0.025,0.000,1.570,7.340,0.000,8.920,30.000,0.200,4.000,1.000
41.480,39.260,37.590,39.680,42.000,41.480,0.520,3.000,0.025,0.000,1.570,7.350,0.000,8.910,30.000,0.200,4.000,1.000
41.490,39.280,37.610,39.680,42.000,41.490,0.510,3.000,0.025,0.000,1.540,7.350,0.000,8.890,30.000,0.200,4.000,1.000
41.500,39.280,37.610,39.700,42.000,41.500,0.500,3.000,0.025,0.000,1.490,7.350,0.000,8.850,30.000,0.200,4.000,1.000
41.500,39.290,37.630,39.700,42.000,41.500,0.500,3.000,0.025,0.000,1.490,7.350,0.000,8.840,30.000,0.200,4.000,1.000
41.530,39.300,37.630,39.720,42.000,41.530,0.470,3.000,0.025,0.000,1.420,7.360,0.000,8.770,30.000,0.200,4.000,1.000
41.530,39.310,37.650,39.730,42.000,41.530,0.470,3.000,0.025,0.000,1.410,7.360,0.000,8.770,30.000,0.200,4.000,1.000
41.540,39.320,37.660,39.740,42.000,41.540,0.460,3.000,0.025,0.000,1.370,7.360,0.000,8.730,30.000,0.200,4.000,1.000
41.550,39.320,37.670,39.760,42.000,41.550,0.450,3.000,0.025,0.000,1.360,7.360,0.000,8.720,30.000,0.200,4.000,1.000
41.570,39.330,37.680,39.760,42.000,41.570,0.430,3.000,0.025,0.000,1.300,7.370,0.000,8.670,30.000,0.200,4.000,1.000
41.570,39.320,37.690,39.780,42.000,41.570,0.430,3.000,0.025,0.000,1.290,7.370,0.000,8.650,30.000,0.200,4.000,1.000
41.580,39.330,37.710,39.780,42.000,41.580,0.420,3.000,0.025,0.000,1.270,7.370,0.000,8.640,30.000,0.200,4.000,1.000
41.590,39.320,37.710,39.800,42.000,41.590,0.410,3.000,0.025,0.000,1.230,7.370,0.000,8.600,30.000,0.200,4.000,1.000
41.600,39.330,37.730,39.810,42.000,41.600,0.400,3.000,0.025,0.000,1.190,7.370,0.000,8.570,30.000,0.200,4.000,1.000
41.620,39.330,37.730,39.820,42.000,41.620,0.380,3.000,0.025,0.000,1.130,7.380,0.000,8.510,30.000,0.200,4.000,1.000
41.620,39.320,37.750,39.830,42.000,41.620,0.380,3.000,0.025,0.000,1.130,7.380,0.000,8.500,30.000,0.200,4.000,1.000
41.640,39.330,37.760,39.840,42.000,41.640,0.360,3.000,0.025,0.000,1.090,7.380,0.000,8.470,30.000,0.200,4.000,1.000
41.650,39.310,37.770,39.860,42.000,41.650,0.350,3.000,0.025,0.000,1.060,7.380,0.000,8.440,30.000,0.200,4.000,1.000
41.650,39.320,37.780,39.860,42.000,41.650,0.350,3.000,0.025,0.000,1.040,7.380,0.000,8.430,30.000,0.200,4.000,1.000
41.670,39.310,37.780,39.880,42.000,41.670,0.330,3.000,0.025,0.000,1.000,7.380,0.000,8.390,30.000,0.200,4.000,1.000
41.670,39.310,37.800,39.880,42.000,41.670,0.330,3.000,0.025,0.000,1.000,7.390,0.000,8.390,30.000,0.200,4.000,1.000
41.680,39.310,37.800,39.900,42.000,41.680,0.320,3.000,0.025,0.000,0.950,7.390,0.000,8.330,30.000,0.200,4.000,1.000
41.690,39.300,37.810,39.910,42.000,41.690,0.310,3.000,0.025,0.000,0.940,7.390,0.000,8.330,30.000,0.200,4.000,1.000
41.700,39.310,37.820,39.910,42.000,41.700,0.300,3.000,0.025,0.000,0.890,7.390,0.000,8.280,30.000,0.200,4.000,1.000
41.720,39.300,37.830,39.920,42.000,41.720,0.280,3.000,0.025,0.000,0.840,7.390,0.000,8.240,30.000,0.200,4.000,1.000
41.720,39.310,37.840,39.930,42.000,41.720,0.280,3.000,0.025,0.000,0.830,7.390,0.000,8.230,30.000,0.200,4.000,1.000
41.740,39.310,37.840,39.940,42.000,41.740,0.260,3.000,0.025,0.000,0.770,7.400,0.000,8.160,30.000,0.200,4.000,1.000
41.750,39.300,37.860,39.950,42.000,41.750,0.250,3.000,0.025,0.000,0.760,7.400,0.000,8.160,30.000,0.200,4.000,1.000
41.770,39.320,37.860,39.960,42.000,41.770,0.230,3.000,0.025,0.000,0.690,7.400,0.000,8.090,30.000,0.200,4.000,1.000
41.780,39.310,37.870,39.970,42.000,41.780,0.220,3.000,0.025,0.000,0.660,7.400,0.000,8.060,30.000,0.200,4.000,1.000
41.800,39.330,37.880,39.970,42.000,41.800,0.200,3.000,0.025,0.000,0.600,7.400,0.000,8.000,30.000,0.200,4.000,1.000
41.810,39.320,37.880,39.990,42.000,41.810,0.190,3.000,0.025,0.000,0.560,7.400,0.000,7.960,30.000,0.200,4.000,1.000
41.820,39.340,37.890,39.990,42.000,41.820,0.180,3.000,0.025,0.000,0.530,7.400,0.000,7.940,30.000,0.200,4.000,1.000
41.840,39.340,37.890,40.000,42.000,41.840,0.160,3.000,0.025,0.000,0.470,7.400,0.000,7.870,30.000,0.200,4.000,1.000
41.850,39.360,37.910,40.010,42.000,41.850,0.150,3.000,0.025,0.000,0.450,7.400,0.000,7.860,30.000,0.200,4.000,1.000
41.870,39.370,37.900,40.020,42.000,41.870,0.130,3.000,0.025,0.000,0.390,7.400,0.000,7.790,30.000,0.200,4.000,1.000
41.880,39.370,37.920,40.020,42.000,41.880,0.120,3.000,0.025,0.000,0.370,7.400,0.000,7.780,30.000,0.200,4.000,1.000
41.890,39.390,37.920,40.030,42.000,41.890,0.110,3.000,0.025,0.000,0.330,7.410,0.000,7.740,30.000,0.200,4.000,1.000
41.890,39.390,37.930,40.040,42.000,41.890,0.110,3.000,0.025,0.000,0.330,7.410,0.000,7.730,30.000,0.200,4.000,1.000
41.910,39.400,37.940,40.040,42.000,41.910,0.090,3.000,0.025,0.000,0.270,7.410,0.000,7.680,30.000,0.200,4.000,1.000
41.920,39.400,37.940,40.060,42.000,41.920,0.080,3.000,0.025,0.000,0.240,7.410,0.000,7.650,30.000,0.200,4.000,1.000
41.930,39.410,37.940,40.050,42.000,41.930,0.070,3.000,0.025,0.000,0.200,7.410,0.000,7.610,30.000,0.200,4.000,1.000
41.950,39.410,37.940,40.070,42.000,41.950,0.050,3.000,0.025,0.000,0.160,7.410,0.000,7.570,30.000,0.200,4.000,1.000
41.950,39.430,37.960,40.070,42.000,41.950,0.050,3.000,0.025,0.000,0.140,7.410,0.000,7.540,30.000,0.200,4.000,1.000
41.980,39.430,37.950,40.070,42.000,41.980,0.020,3.000,0.025,0.000,0.070,7.410,0.000,7.480,30.000,0.200,4.000,1.000
41.990,39.430,37.970,40.080,42.000,41.990,0.010,3.000,0.025,0.000,0.040,7.410,0.000,7.450,30.000,0.200,4.000,1.000
42.000,39.450,37.960,40.080,42.000,42.000,0.000,3.000,0.025,0.000,-0.010,7.410,0.000,7.390,30.000,0.200,4.000,1.000
42.000,39.440,37.970,40.090,42.000,42.000,0.000,3.000,0.025,0.000,-0.010,7.410,0.000,7.390,30.000,0.200,4.000,1.000
42.020,39.470,37.970,40.090,42.000,42.020,-0.020,3.000,0.025,0.000,-0.070,7.410,0.000,7.340,30.000,0.200,4.000,1.000
42.030,39.460,37.980,40.100,42.000,42.030,-0.030,3.000,0.025,0.000,-0.080,7.410,0.000,7.330,30.000,0.200,4.000,1.000
42.030,39.480,37.980,40.100,42.000,42.030,-0.030,3.000,0.025,0.000,-0.100,7.410,0.000,7.300,30.000,0.200,4.000,1.000
42.040,39.470,37.980,40.110,42.000,42.040,-0.040,3.000,0.025,0.000,-0.120,7.410,0.000,7.280,30.000,0.200,4.000,1.000
42.040,39.490,37.980,40.100,42.000,42.040,-0.040,3.000,0.025,0.000,-0.130,7.410,0.000,7.270,30.000,0.200,4.000,1.000
42.050,39.480,37.980,40.120,42.000,42.050,-0.050,3.000,0.025,0.000,-0.140,7.410,0.000,7.260,30.000,0.200,4.000,1.000
42.050,39.490,37.990,40.110,42.000,42.050,-0.050,3.000,0.025,0.000,-0.140,7.410,0.000,7.260,30.000,0.200,4.000,1.000
42.060,39.480,37.990,40.120,42.000,42.060,-0.060,3.000,0.025,0.000,-0.170,7.410,0.000,7.240,30.000,0.200,4.000,1.000
42.060,39.490,37.990,40.110,42.000,42.060,-0.060,3.000,0.025,0.000,-0.170,7.410,0.000,7.230,30.000,0.200,4.000,1.000
42.070,39.500,37.980,40.120,42.000,42.070,-0.070,3.000,0.025,0.000,-0.210,7.410,0.000,7.190,30.000,0.200,4.000,1.000
42.060,39.500,38.000,40.130,42.000,42.060,-0.060,3.000,0.025,0.000,-0.190,7.400,0.000,7.220,30.000,0.200,4.000,1.000
42.080,39.500,37.990,40.130,42.000,42.080,-0.080,3.000,0.025,0.000,-0.240,7.400,0.000,7.160,30.000,0.200,4.000,1.000
42.070,39.500,38.000,40.130,42.000,42.070,-0.070,3.000,0.025,0.000,-0.220,7.400,0.000,7.180,30.000,0.200,4.000,1.000
42.080,39.520,38.000,40.130,42.000,42.080,-0.080,3.000,0.025,0.000,-0.240,7.400,0.000,7.160,30.000,0.200,4.000,1.000
42.080,39.510,38.000,40.140,42.000,42.080,-0.080,3.000,0.025,0.000,-0.230,7.400,0.000,7.170,30.000,0.200,4.000,1.000
42.080,39.530,38.000,40.130,42.000,42.080,-0.080,3.000,0.025,0.000,-0.250,7.400,0.000,7.160,30.000,0.200,4.000,1.000
42.090,39.530,37.990,40.140,42.000,42.090,-0.090,3.000,0.025,0.000,-0.270,7.400,0.000,7.140,30.000,0.200,4.000,1.000
42.080,39.540,38.000,40.130,42.000,42.080,-0.080,3.000,0.025,0.000,-0.250,7.400,0.000,7.150,30.000,0.200,4.000,1.000
42.100,39.550,37.990,40.140,42.000,42.100,-0.100,3.000,0.025,0.000,-0.290,7.400,0.000,7.120,30.000,0.200,4.000,1.000
42.090,39.560,38.000,40.130,42.000,42.090,-0.090,3.000,0.025,0.000,-0.270,7.400,0.000,7.130,30.000,0.200,4.000,1.000
42.120,39.580,37.990,40.140,42.000,42.120,-0.120,3.000,0.025,0.000,-0.350,7.400,0.000,7.060,30.000,0.200,4.000,1.000
42.120,39.580,38.000,40.140,42.000,42.120,-0.120,3.000,0.025,0.000,-0.350,7.400,0.000,7.050,30.000,0.200,4.000,1.000
42.140,39.600,37.990,40.140,42.000,42.140,-0.140,3.000,0.025,0.000,-0.410,7.400,0.000,6.990,30.000,0.200,4.000,1.000
42.140,39.600,37.990,40.140,42.000,42.140,-0.140,3.000,0.025,0.000,-0.430,7.400,0.000,6.970,30.000,0.200,4.000,1.000
42.160,39.620,37.980,40.130,42.000,42.160,-0.160,3.000,0.025,0.000,-0.490,7.400,0.000,6.910,30.000,0.200,4.000,1.000
42.170,39.620,37.990,40.140,42.000,42.170,-0.170,3.000,0.025,0.000,-0.510,7.400,0.000,6.880,30.000,0.200,4.000,1.000
42.180,39.640,37.990,40.130,42.000,42.180,-0.180,3.000,0.025,0.000,-0.540,7.400,0.000,6.850,30.000,0.200,4.000,1.000
42.190,39.640,37.980,40.140,42.000,42.190,-0.190,3.000,0.025,0.000,-0.570,7.390,0.000,6.830,30.000,0.200,4.000,1.000
42.190,39.660,37.980,40.130,42.000,42.190,-0.190,3.000,0.025,0.000,-0.570,7.390,0.000,6.820,30.000,0.200,4.000,1.000
42.200,39.660,37.970,40.130,42.000,42.200,-0.200,3.000,0.025,0.000,-0.600,7.390,0.000,6.790,30.000,0.200,4.000,1.000
42.190,39.690,37.970,40.120,42.000,42.190,-0.190,3.000,0.025,0.000,-0.580,7.390,0.000,6.810,30.000,0.200,4.000,1.000
42.200,39.680,37.970,40.130,42.000,42.200,-0.200,3.000,0.025,0.000,-0.590,7.390,0.000,6.800,30.000,0.200,4.000,1.000
42.190,39.700,37.970,40.120,42.000,42.190,-0.190,3.000,0.025,0.000,-0.580,7.390,0.000,6.810,30.000,0.200,4.000,1.000
42.200,39.700,37.960,40.130,42.000,42.200,-0.200,3.000,0.025,0.000,-0.590,7.390,0.000,6.800,30.000,0.200,4.000,1.000
42.190,39.720,37.970,40.120,42.000,42.190,-0.190,3.000,0.025,0.000,-0.580,7.390,0.000,6.810,30.000,0.200,4.000,1.000
42.220,39.730,37.950,40.120,42.000,42.220,-0.220,3.000,0.025,0.000,-0.650,7.390,0.000,6.730,30.000,0.200,4.000,1.000
42.200,39.740,37.960,40.120,42.000,42.200,-0.200,3.000,0.025,0.000,-0.600,7.390,0.000,6.780,30.000,0.200,4.000,1.000
42.230,39.760,37.940,40.110,42.000,42.230,-0.230,3.000,0.025,0.000,-0.680,7.380,0.000,6.710,30.000,0.200,4.000,1.000
42.220,39.760,37.950,40.120,42.000,42.220,-0.220,3.000,0.025,0.000,-0.670,7.380,0.000,6.710,30.000,0.200,4.000,1.000
42.240,39.780,37.940,40.100,42.000,42.240,-0.240,3.000,0.025,0.000,-0.720,7.380,0.000,6.660,30.000,0.200,4.000,1.000
42.250,39.780,37.930,40.110,42.000,42.250,-0.250,3.000,0.025,0.000,-0.740,7.380,0.000,6.640,30.000,0.200,4.000,1.000
42.260,39.800,37.930,40.090,42.000,42.260,-0.260,3.000,0.025,0.000,-0.780,7.380,0.000,6.600,30.000,0.200,4.000,1.000
42.270,39.800,37.920,40.100,42.000,42.270,-0.270,3.000,0.025,0.000,-0.820,7.380,0.000,6.560,30.000,0.200,4.000,1.000
42.270,39.810,37.930,40.090,42.000,42.270,-0.270,3.000,0.025,0.000,-0.820,7.380,0.000,6.550,30.000,0.200,4.000,1.000
42.300,39.810,37.910,40.090,42.000,42.300,-0.300,3.000,0.025,0.000,-0.890,7.380,0.000,6.480,30.000,0.200,4.000,1.000
42.290,39.820,37.920,40.090,42.000,42.290,-0.290,3.000,0.025,0.000,-0.880,7.370,0.000,6.500,30.000,0.200,4.000,1.000
42.310,39.840,37.900,40.080,42.000,42.310,-0.310,3.000,0.025,0.000,-0.930,7.370,0.000,6.450,30.000,0.200,4.000,1.000
42.310,39.830,37.910,40.080,42.000,42.310,-0.310,3.000,0.025,0.000,-0.920,7.370,0.000,6.460,30.000,0.200,4.000,1.000
42.320,39.860,37.900,40.070,42.000,42.320,-0.320,3.000,0.025,0.000,-0.950,7.370,0.000,6.420,30.000,0.200,4.000,1.000
42.320,39.850,37.900,40.070,42.000,42.320,-0.320,3.000,0.025,0.000,-0.960,7.370,0.000,6.410,30.000,0.200,4.000,1.000
42.320,39.870,37.890,40.060,42.000,42.320,-0.320,3.000,0.025,0.000,-0.960,7.370,0.000,6.410,30.000,0.200,4.000,1.000
42.330,39.870,37.880,40.060,42.000,42.330,-0.330,3.000,0.025,0.000,-0.990,7.360,0.000,6.370,30.000,0.200,4.000,1.000
42.340,39.880,37.880,40.050,42.000,42.340,-0.340,3.000,0.025,0.000,-1.020,7.360,0.000,6.340,30.000,0.200,4.000,1.000
42.350,39.890,37.870,40.050,42.000,42.350,-0.350,3.000,0.025,0.000,-1.060,7.360,0.000,6.300,30.000,0.200,4.000,1.000
42.350,39.900,37.870,40.050,42.000,42.350,-0.350,3.000,0.025,0.000,-1.060,7.360,0.000,6.300,30.000,0.200,4.000,1.000
42.370,39.910,37.850,40.030,42.000,42.370,-0.370,3.000,0.025,0.000,-1.110,7.360,0.000,6.250,30.000,0.200,4.000,1.000
42.360,39.910,37.850,40.040,42.000,42.360,-0.360,3.000,0.025,0.000,-1.090,7.360,0.000,6.270,30.000,0.200,4.000,1.000
42.370,39.930,37.850,40.020,42.000,42.370,-0.370,3.000,0.025,0.000,-1.100,7.350,0.000,6.250,30.000,0.200,4.000,1.000
42.380,39.940,37.830,40.020,42.000,42.380,-0.380,3.000,0.025,0.000,-1.130,7.350,0.000,6.220,30.000,0.200,4.000,1.000
42.370,39.940,37.840,40.010,42.000,42.370,-0.370,3.000,0.025,0.000,-1.110,7.350,0.000,6.240,30.000,0.200,4.000,1.000
42.380,39.960,37.830,40.010,42.000,42.380,-0.380,3.000,0.025,0.000,-1.140,7.350,0.000,6.200,30.000,0.200,4.000,1.000
42.380,39.960,37.820,40.010,42.000,42.380,-0.380,3.000,0.025,0.000,-1.130,7.350,0.000,6.220,30.000,0.200,4.000,1.000
42.370,39.980,37.820,39.990,42.000,42.370,-0.370,3.000,0.025,0.000,-1.120,7.340,0.000,6.230,30.000,0.200,4.000,1.000
42.370,39.980,37.800,39.990,42.000,42.370,-0.370,3.000,0.025,0.000,-1.120,7.340,0.000,6.230,30.000,0.200,4.000,1.000
42.360,39.990,37.800,39.990,42.000,42.360,-0.360,3.000,0.025,0.000,-1.090,7.340,0.000,6.260,30.000,0.200,4.000,1.000
42.360,40.000,37.780,39.980,42.000,42.360,-0.360,3.000,0.025,0.000,-1.090,7.340,0.000,6.250,30.000,0.200,4.000,1.000
42.340,40.010,37.780,39.980,42.000,42.340,-0.340,3.000,0.025,0.000,-1.020,7.340,0.000,6.310,30.000,0.200,4.000,1.000
42.330,40.020,37.780,39.960,42.000,42.330,-0.330,3.000,0.025,0.000,-0.990,7.340,0.000,6.350,30.000,0.200,4.000,1.000
42.310,40.020,37.770,39.960,42.000,42.310,-0.310,3.000,0.025,0.000,-0.940,7.330,0.000,6.390,30.000,0.200,4.000,1.000
42.290,40.030,37.760,39.950,42.000,42.290,-0.290,3.000,0.025,0.000,-0.870,7.330,0.000,6.470,30.000,0.200,4.000,1.000
42.280,40.030,37.750,39.940,42.000,42.280,-0.280,3.000,0.025,0.000,-0.840,7.330,0.000,6.500,30.000,0.200,4.000,1.000
42.240,40.020,37.750,39.940,42.000,42.240,-0.240,3.000,0.025,0.000,-0.720,7.330,0.000,6.610,30.000,0.200,4.000,1.000
42.230,40.030,37.740,39.930,42.000,42.230,-0.230,3.000,0.025,0.000,-0.690,7.330,0.000,6.640,30.000,0.200,4.000,1.000
42.210,40.020,37.720,39.920,42.000,42.210,-0.210,3.000,0.025,0.000,-0.630,7.330,0.000,6.700,30.000,0.200,4.000,1.000
42.190,40.020,37.720,39.910,42.000,42.190,-0.190,3.000,0.025,0.000,-0.570,7.330,0.000,6.750,30.000,0.200,4.000,1.000
42.180,40.010,37.710,39.910,42.000,42.180,-0.180,3.000,0.025,0.000,-0.530,7.330,0.000,6.790,30.000,0.200,4.000,1.000
42.160,40.010,37.710,39.900,42.000,42.160,-0.160,3.000,0.025,0.000,-0.470,7.330,0.000,6.860,30.000,0.200,4.000,1.000
42.140,40.010,37.690,39.880,42.000,42.140,-0.140,3.000,0.025,0.000,-0.430,7.320,0.000,6.890,30.000,0.200,4.000,1.000
42.130,39.990,37.690,39.880,42.000,42.130,-0.130,3.000,0.025,0.000,-0.380,7.320,0.000,6.940,30.000,0.200,4.000,1.000
42.110,39.990,37.680,39.870,42.000,42.110,-0.110,3.000,0.025,0.000,-0.320,7.320,0.000,7.010,30.000,0.200,4.000,1.000
42.090,39.970,37.670,39.860,42.000,42.090,-0.090,3.000,0.025,0.000,-0.270,7.320,0.000,7.050,30.000,0.200,4.000,1.000
42.070,39.950,37.670,39.860,42.000,42.070,-0.070,3.000,0.025,0.000,-0.200,7.320,0.000,7.120,30.000,0.200,4.000,1.000
42.040,39.940,37.660,39.850,42.000,42.040,-0.040,3.000,0.025,0.000,-0.130,7.320,0.000,7.200,30.000,0.200,4.000,1.000
42.030,39.920,37.650,39.840,42.000,42.030,-0.030,3.000,0.025,0.000,-0.090,7.320,0.000,7.230,30.000,0.200,4.000,1.000
42.000,39.910,37.640,39.830,42.000,42.000,0.000,3.000,0.025,0.000,0.010,7.320,0.000,7.330,30.000,0.200,4.000,1.000
41.990,39.890,37.630,39.820,42.000,41.990,0.010,3.000,0.025,0.000,0.040,7.320,0.000,7.360,30.000,0.200,4.000,1.000
41.960,39.860,37.630,39.820,42.000,41.960,0.040,3.000,0.025,0.000,0.120,7.320,0.000,7.440,30.000,0.200,4.000,1.000
41.940,39.860,37.620,39.810,42.000,41.940,0.060,3.000,0.025,0.000,0.190,7.320,0.000,7.520,30.000,0.200,4.000,1.000
41.920,39.840,37.610,39.810,42.000,41.920,0.080,3.000,0.025,0.000,0.230,7.320,0.000,7.560,30.000,0.200,4.000,1.000
41.900,39.820,37.610,39.790,42.000,41.900,0.100,3.000,0.025,0.000,0.290,7.320,0.000,7.610,30.000,0.200,4.000,1.000
41.890,39.820,37.600,39.780,42.000,41.890,0.110,3.000,0.025,0.000,0.320,7.320,0.000,7.640,30.000,0.200,4.000,1.000
41.880,39.800,37.590,39.780,42.000,41.880,0.120,3.000,0.025,0.000,0.370,7.330,0.000,7.690,30.000,0.200,4.000,1.000
41.870,39.800,37.580,39.780,42.000,41.870,0.130,3.000,0.025,0.000,0.390,7.330,0.000,7.720,30.000,0.200,4.000,1.000
41.860,39.790,37.580,39.770,42.000,41.860,0.140,3.000,0.025,0.000,0.430,7.330,0.000,7.750,30.000,0.200,4.000,1.000
41.840,39.770,37.580,39.760,42.000,41.840,0.160,3.000,0.025,0.000,0.480,7.330,0.000,7.800,30.000,0.200,4.000,1.000
41.830,39.770,37.560,39.760,42.000,41.830,0.170,3.000,0.025,0.000,0.500,7.330,0.000,7.830,30.000,0.200,4.000,1.000
41.820,39.750,37.560,39.760,42.000,41.820,0.180,3.000,0.025,0.000,0.530,7.330,0.000,7.860,30.000,0.200,4.000,1.000
41.810,39.750,37.560,39.740,42.000,41.810,0.190,3.000,0.025,0.000,0.570,7.330,0.000,7.900,30.000,0.200,4.000,1.000
41.810,39.750,37.550,39.740,42.000,41.810,0.190,3.000,0.025,0.000,0.570,7.330,0.000,7.900,30.000,0.200,4.000,1.000
41.800,39.740,37.550,39.740,42.000,41.800,0.200,3.000,0.025,0.000,0.600,7.330,0.000,7.940,30.000,0.200,4.000,1.000
41.800,39.740,37.550,39.730,42.000,41.800,0.200,3.000,0.025,0.000,0.610,7.330,0.000,7.940,30.000,0.200,4.000,1.000
41.790,39.730,37.540,39.730,42.000,41.790,0.210,3.000,0.025,0.000,0.630,7.330,0.000,7.960,30.000,0.200,4.000,1.000
41.780,39.730,37.540,39.730,42.000,41.780,0.220,3.000,0.025,0.000,0.670,7.340,0.000,8.000,30.000,0.200,4.000,1.000
41.780,39.720,37.530,39.720,42.000,41.780,0.220,3.000,0.025,0.000,0.650,7.340,0.000,7.990,30.000,0.200,4.000,1.000
41.770,39.720,37.530,39.720,42.000,41.770,0.230,3.000,0.025,0.000,0.680,7.340,0.000,8.020,30.000,0.200,4.000,1.000
41.770,39.730,37.530,39.710,42.000,41.770,0.230,3.000,0.025,0.000,0.690,7.340,0.000,8.030,30.000,0.200,4.000,1.000
41.770,39.720,37.520,39.710,42.000,41.770,0.230,3.000,0.025,0.000,0.680,7.340,0.000,8.020,30.000,0.200,4.000,1.000
41.760,39.720,37.520,39.710,42.000,41.760,0.240,3.000,0.025,0.000,0.710,7.340,0.000,8.050,30.000,0.200,4.000,1.000
41.770,39.730,37.520,39.700,42.000,41.770,0.230,3.000,0.025,0.000,0.690,7.340,0.000,8.030,30.000,0.200,4.000,1.000
41.770,39.720,37.520,39.700,42.000,41.770,0.230,3.000,0.025,0.000,0.690,7.340,0.000,8.030,30.000,0.200,4.000,1.000
41.780,39.730,37.520,39.690,42.000,41.780,0.220,3.000,0.025,0.000,0.670,7.340,0.000,8.010,30.000,0.200,4.000,1.000
41.770,39.720,37.510,39.700,42.000,41.770,0.230,3.000,0.025,0.000,0.680,7.350,0.000,8.020,30.000,0.200,4.000,1.000
41.770,39.730,37.520,39.690,42.000,41.770,0.230,3.000,0.025,0.000,0.690,7.350,0.000,8.040,30.000,0.200,4.000,1.000
41.780,39.740,37.510,39.690,42.000,41.780,0.220,3.000,0.025,0.000,0.660,7.350,0.000,8.010,30.000,0.200,4.000,1.000
41.780,39.730,37.510,39.700,42.000,41.780,0.220,3.000,0.025,0.000,0.660,7.350,0.000,8.010,30.000,0.200,4.000,1.000
41.790,39.740,37.510,39.690,42.000,41.790,0.210,3.000,0.025,0.000,0.630,7.350,0.000,7.980,30.000,0.200,4.000,1.000
41.790,39.740,37.510,39.690,42.000,41.790,0.210,3.000,0.025,0.000,0.620,7.350,0.000,7.970,30.000,0.200,4.000,1.000
41.800,39.740,37.510,39.680,42.000,41.800,0.200,3.000,0.025,0.000,0.600,7.350,0.000,7.960,30.000,0.200,4.000,1.000
41.810,39.740,37.510,39.690,42.000,41.810,0.190,3.000,0.025,0.000,0.560,7.350,0.000,7.920,30.000,0.200,4.000,1.000
41.810,39.740,37.510,39.680,42.000,41.810,0.190,3.000,0.025,0.000,0.580,7.350,0.000,7.930,30.000,0.200,4.000,1.000
41.820,39.750,37.510,39.680,42.000,41.820,0.180,3.000,0.025,0.000,0.550,7.350,0.000,7.900,30.000,0.200,4.000,1.000
41.820,39.740,37.510,39.690,42.000,41.820,0.180,3.000,0.025,0.000,0.540,7.360,0.000,7.900,30.000,0.200,4.000,1.000
41.830,39.740,37.510,39.680,42.000,41.830,0.170,3.000,0.025,0.000,0.510,7.360,0.000,7.870,30.000,0.200,4.000,1.000
41.830,39.740,37.510,39.680,42.000,41.830,0.170,3.000,0.025,0.000,0.500,7.360,0.000,7.860,30.000,0.200,4.000,1.000
41.830,39.750,37.510,39.680,42.000,41.830,0.170,3.000,0.025,0.000,0.500,7.360,0.000,7.850,30.000,0.200,4.000,1.000
41.840,39.750,37.510,39.680,42.000,41.840,0.160,3.000,0.025,0.000,0.480,7.360,0.000,7.840,30.000,0.200,4.000,1.000
41.840,39.750,37.510,39.680,42.000,41.840,0.160,3.000,0.025,0.000,0.470,7.360,0.000,7.830,30.000,0.200,4.000,1.000
41.850,39.760,37.510,39.680,42.000,41.850,0.150,3.000,0.025,0.000,0.450,7.360,0.000,7.810,30.000,0.200,4.000,1.000
41.860,39.760,37.510,39.680,42.000,41.860,0.140,3.000,0.025,0.000,0.420,7.360,0.000,7.780,30.000,0.200,4.000,1.000
41.860,39.770,37.520,39.680,42.000,41.860,0.140,3.000,0.025,0.000,0.410,7.360,0.000,7.770,30.000,0.200,4.000,1.000
41.880,39.770,37.510,39.680,42.000,41.880,0.120,3.000,0.025,0.000,0.360,7.360,0.000,7.720,30.000,0.200,4.000,1.000
41.870,39.770,37.520,39.680,42.000,41.870,0.130,3.000,0.025,0.000,0.380,7.360,0.000,7.750,30.000,0.200,4.000,1.000
41.880,39.780,37.510,39.680,42.000,41.880,0.120,3.000,0.025,0.000,0.360,7.360,0.000,7.720,30.000,0.200,4.000,1.000
41.880,39.780,37.510,39.690,42.000,41.880,0.120,3.000,0.025,0.000,0.350,7.360,0.000,7.710,30.000,0.200,4.000,1.000
41.880,39.780,37.520,39.680,42.000,41.880,0.120,3.000,0.025,0.000,0.360,7.360,0.000,7.720,30.000,0.200,4.000,1.000
41.890,39.780,37.520,39.680,42.000,41.890,0.110,3.000,0.025,0.000,0.340,7.370,0.000,7.700,30.000,0.200,4.000,1.000
41.890,39.780,37.520,39.690,42.000,41.890,0.110,3.000,0.025,0.000,0.340,7.370,0.000,7.710,30.000,0.200,4.000,1.000
41.900,39.790,37.520,39.680,42.000,41.900,0.100,3.000,0.025,0.000,0.310,7.370,0.000,7.670,30.000,0.200,4.000,1.000
41.900,39.790,37.520,39.690,42.000,41.900,0.100,3.000,0.025,0.000,0.290,7.370,0.000,7.660,30.000,0.200,4.000,1.000
41.910,39.790,37.520,39.680,42.000,41.910,0.090,3.000,0.025,0.000,0.270,7.370,0.000,7.640,30.000,0.200,4.000,1.000
41.920,39.790,37.520,39.680,42.000,41.920,0.080,3.000,0.025,0.000,0.240,7.370,0.000,7.610,30.000,0.200,4.000,1.000
41.920,39.790,37.520,39.680,42.000,41.920,0.080,3.000,0.025,0.000,0.240,7.370,0.000,7.610,30.000,0.200,4.000,1.000
41.920,39.800,37.530,39.680,42.000,41.920,0.080,3.000,0.025,0.000,0.230,7.370,0.000,7.600,30.000,0.200,4.000,1.000
41.940,39.790,37.520,39.680,42.000,41.940,0.060,3.000,0.025,0.000,0.180,7.370,0.000,7.550,30.000,0.200,4.000,1.000
41.940,39.790,37.520,39.690,42.000,41.940,0.060,3.000,0.025,0.000,0.180,7.370,0.000,7.550,30.000,0.200,4.000,1.000
41.950,39.790,37.530,39.680,42.000,41.950,0.050,3.000,0.025,0.000,0.150,7.370,0.000,7.520,30.000,0.200,4.000,1.000
41.960,39.790,37.520,39.690,42.000,41.960,0.040,3.000,0.025,0.000,0.130,7.370,0.000,7.500,30.000,0.200,4.000,1.000
41.960,39.790,37.530,39.680,42.000,41.960,0.040,3.000,0.025,0.000,0.110,7.370,0.000,7.480,30.000,0.200,4.000,1.000
41.970,39.790,37.520,39.680,42.000,41.970,0.030,3.000,0.025,0.000,0.090,7.370,0.000,7.460,30.000,0.200,4.000,1.000
41.980,39.780,37.520,39.690,42.000,41.980,0.020,3.000,0.025,0.000,0.070,7.370,0.000,7.440,30.000,0.200,4.000,1.000
42.000,39.790,37.530,39.680,42.000,42.000,0.000,3.000,0.025,0.000,0.010,7.370,0.000,7.380,30.000,0.200,4.000,1.000
42.010,39.780,37.520,39.680,42.000,42.010,-0.010,3.000,0.025,0.000,-0.040,7.370,0.000,7.330,30.000,0.200,4.000,1.000
42.020,39.780,37.530,39.680,42.000,42.020,-0.020,3.000,0.025,0.000,-0.060,7.370,0.000,7.310,30.000,0.200,4.000,1.000
42.030,39.780,37.530,39.680,42.000,42.030,-0.030,3.000,0.025,0.000,-0.100,7.370,0.000,7.270,30.000,0.200,4.000,1.000
42.040,39.780,37.520,39.680,42.000,42.040,-0.040,3.000,0.025,0.000,-0.110,7.370,0.000,7.260,30.000,0.200,4.000,1.000
42.040,39.780,37.530,39.680,42.000,42.040,-0.040,3.000,0.025,0.000,-0.130,7.370,0.000,7.240,30.000,0.200,4.000,1.000
42.060,39.780,37.530,39.680,42.000,42.060,-0.060,3.000,0.025,0.000,-0.180,7.370,0.000,7.190,30.000,0.200,4.000,1.000
42.060,39.780,37.530,39.690,42.000,42.060,-0.060,3.000,0.025,0.000,-0.190,7.370,0.000,7.180,30.000,0.200,4.000,1.000
42.070,39.780,37.530,39.680,42.000,42.070,-0.070,3.000,0.025,0.000,-0.210,7.370,0.000,7.160,30.000,0.200,4.000,1.000
42.080,39.770,37.520,39.690,42.000,42.080,-0.080,3.000,0.025,0.000,-0.240,7.370,0.000,7.130,30.000,0.200,4.000,1.000
42.080,39.760,37.520,39.680,42.000,42.080,-0.080,3.000,0.025,0.000,-0.240,7.370,0.000,7.120,30.000,0.200,4.000,1.000
42.080,39.770,37.520,39.680,42.000,42.080,-0.080,3.000,0.025,0.000,-0.240,7.370,0.000,7.130,30.000,0.200,4.000,1.000
42.080,39.760,37.520,39.680,42.000,42.080,-0.080,3.000,0.025,0.000,-0.250,7.370,0.000,7.120,30.000,0.200,4.000,1.000
42.080,39.750,37.520,39.680,42.000,42.080,-0.080,3.000,0.025,0.000,-0.250,7.370,0.000,7.120,30.000,0.200,4.000,1.000
42.090,39.750,37.530,39.680,42.000,42.090,-0.090,3.000,0.025,0.000,-0.280,7.370,0.000,7.090,30.000,0.200,4.000,1.000
42.100,39.750,37.520,39.680,42.000,42.100,-0.100,3.000,0.025,0.000,-0.290,7.370,0.000,7.080,30.000,0.200,4.000,1.000
42.100,39.740,37.520,39.680,42.000,42.100,-0.100,3.000,0.025,0.000,-0.290,7.360,0.000,7.070,30.000,0.200,4.000,1.000
42.100,39.740,37.520,39.670,42.000,42.100,-0.100,3.000,0.025,0.000,-0.290,7.360,0.000,7.080,30.000,0.200,4.000,1.000
42.100,39.740,37.510,39.670,42.000,42.100,-0.100,3.000,0.025,0.000,-0.300,7.360,0.000,7.060,30.000,0.200,4.000,1.000
42.100,39.730,37.510,39.680,42.000,42.100,-0.100,3.000,0.025,0.000,-0.300,7.360,0.000,7.060,30.000,0.200,4.000,1.000
42.090,39.720,37.510,39.680,42.000,42.090,-0.090,3.000,0.025,0.000,-0.280,7.360,0.000,7.090,30.000,0.200,4.000,1.000
42.080,39.730,37.510,39.670,42.000,42.080,-0.080,3.000,0.025,0.000,-0.250,7.360,0.000,7.110,30.000,0.200,4.000,1.000
42.090,39.720,37.500,39.670,42.000,42.090,-0.090,3.000,0.025,0.000,-0.280,7.360,0.000,7.080,30.000,0.200,4.000,1.000
42.080,39.710,37.500,39.670,42.000,42.080,-0.080,3.000,0.025,0.000,-0.250,7.360,0.000,7.110,30.000,0.200,4.000,1.000
42.070,39.710,37.510,39.670,42.000,42.070,-0.070,3.000,0.025,0.000,-0.220,7.360,0.000,7.140,30.000,0.200,4.000,1.000
42.080,39.720,37.500,39.660,42.000,42.080,-0.080,3.000,0.025,0.000,-0.230,7.360,0.000,7.130,30.000,0.200,4.000,1.000
42.070,39.700,37.500,39.660,42.000,42.070,-0.070,3.000,0.025,0.000,-0.200,7.360,0.000,7.160,30.000,0.200,4.000,1.000
42.050,39.690,37.500,39.660,42.000,42.050,-0.050,3.000,0.025,0.000,-0.140,7.360,0.000,7.220,30.000,0.200,4.000,1.000
42.040,39.690,37.500,39.660,42.000,42.040,-0.040,3.000,0.025,0.000,-0.110,7.360,0.000,7.250,30.000,0.200,4.000,1.000
42.030,39.690,37.490,39.650,42.000,42.030,-0.030,3.000,0.025,0.000,-0.100,7.360,0.000,7.260,30.000,0.200,4.000,1.000
42.020,39.690,37.490,39.650,42.000,42.020,-0.020,3.000,0.025,0.000,-0.070,7.360,0.000,7.290,30.000,0.200,4.000,1.000
42.010,39.680,37.490,39.650,42.000,42.010,-0.010,3.000,0.025,0.000,-0.040,7.360,0.000,7.320,30.000,0.200,4.000,1.000
42.000,39.680,37.480,39.650,42.000,42.000,0.000,3.000,0.025,0.000,-0.010,7.360,0.000,7.350,30.000,0.200,4.000,1.000
42.000,39.680,37.480,39.640,42.000,42.000,0.000,3.000,0.025,0.000,0.010,7.360,0.000,7.370,30.000,0.200,4.000,1.000
41.990,39.670,37.480,39.650,42.000,41.990,0.010,3.000,0.025,0.000,0.040,7.360,0.000,7.400,30.000,0.200,4.000,1.000
41.980,39.670,37.480,39.640,42.000,41.980,0.020,3.000,0.025,0.000,0.070,7.360,0.000,7.430,30.000,0.200,4.000,1.000
41.980,39.670,37.480,39.630,42.000,41.980,0.020,3.000,0.025,0.000,0.070,7.360,0.000,7.430,30.000,0.200,4.000,1.000
41.970,39.660,37.470,39.630,42.000,41.970,0.030,3.000,0.025,0.000,0.080,7.360,0.000,7.440,30.000,0.200,4.000,1.000
41.970,39.660,37.470,39.640,42.000,41.970,0.030,3.000,0.025,0.000,0.100,7.360,0.000,7.460,30.000,0.200,4.000,1.000
41.960,39.660,37.470,39.630,42.000,41.960,0.040,3.000,0.025,0.000,0.130,7.360,0.000,7.490,30.000,0.200,4.000,1.000
41.960,39.660,37.470,39.630,42.000,41.960,0.040,3.000,0.025,0.000,0.130,7.360,0.000,7.490,30.000,0.200,4.000,1.000
41.950,39.650,37.460,39.620,42.000,41.950,0.050,3.000,0.025,0.000,0.150,7.360,0.000,7.510,30.000,0.200,4.000,1.000
41.950,39.640,37.460,39.630,42.000,41.950,0.050,3.000,0.025,0.000,0.160,7.360,0.000,7.520,30.000,0.200,4.000,1.000
41.940,39.640,37.460,39.620,42.000,41.940,0.060,3.000,0.025,0.000,0.180,7.360,0.000,7.550,30.000,0.200,4.000,1.000
41.940,39.640,37.450,39.620,42.000,41.940,0.060,3.000,0.025,0.000,0.180,7.360,0.000,7.540,30.000,0.200,4.000,1.000
41.940,39.620,37.450,39.620,42.000,41.940,0.060,3.000,0.025,0.000,0.180,7.360,0.000,7.540,30.000,0.200,4.000,1.000
41.940,39.610,37.450,39.620,42.000,41.940,0.060,3.000,0.025,0.000,0.190,7.360,0.000,7.550,30.000,0.200,4.000,1.000
41.940,39.620,37.460,39.620,42.000,41.940,0.060,3.000,0.025,0.000,0.190,7.360,0.000,7.550,30.000,0.200,4.000,1.000
41.940,39.610,37.450,39.610,42.000,41.940,0.060,3.000,0.025,0.000,0.170,7.360,0.000,7.530,30.000,0.200,4.000,1.000
41.940,39.600,37.450,39.610,42.000,41.940,0.060,3.000,0.025,0.000,0.170,7.360,0.000,7.530,30.000,0.200,4.000,1.000
41.930,39.590,37.450,39.610,42.000,41.930,0.070,3.000,0.025,0.000,0.200,7.360,0.000,7.570,30.000,0.200,4.000,1.000
41.920,39.590,37.450,39.610,42.000,41.920,0.080,3.000,0.025,0.000,0.230,7.360,0.000,7.590,30.000,0.200,4.000,1.000
41.920,39.590,37.440,39.600,42.000,41.920,0.080,3.000,0.025,0.000,0.240,7.360,0.000,7.600,30.000,0.200,4.000,1.000
41.910,39.580,37.430,39.600,42.000,41.910,0.090,3.000,0.025,0.000,0.260,7.360,0.000,7.620,30.000,0.200,4.000,1.000
41.900,39.580,37.440,39.600,42.000,41.900,0.100,3.000,0.025,0.000,0.310,7.370,0.000,7.670,30.000,0.200,4.000,1.000
41.890,39.570,37.440,39.610,42.000,41.890,0.110,3.000,0.025,0.000,0.330,7.370,0.000,7.700,30.000,0.200,4.000,1.000
41.880,39.570,37.440,39.600,42.000,41.880,0.120,3.000,0.025,0.000,0.350,7.370,0.000,7.710,30.000,0.200,4.000,1.000
41.880,39.560,37.430,39.600,42.000,41.880,0.120,3.000,0.025,0.000,0.350,7.370,0.000,7.720,30.000,0.200,4.000,1.000
41.880,39.550,37.430,39.600,42.000,41.880,0.120,3.000,0.025,0.000,0.370,7.370,0.000,7.740,30.000,0.200,4.000,1.000
41.860,39.550,37.440,39.600,42.000,41.860,0.140,3.000,0.025,0.000,0.410,7.370,0.000,7.780,30.000,0.200,4.000,1.000
41.860,39.550,37.440,39.600,42.000,41.860,0.140,3.000,0.025,0.000,0.430,7.370,0.000,7.800,30.000,0.200,4.000,1.000
41.860,39.540,37.430,39.590,42.000,41.860,0.140,3.000,0.025,0.000,0.430,7.370,0.000,7.800,30.000,0.200,4.000,1.000
41.850,39.540,37.430,39.600,42.000,41.850,0.150,3.000,0.025,0.000,0.460,7.370,0.000,7.840,30.000,0.200,4.000,1.000
41.830,39.530,37.430,39.600,42.000,41.830,0.170,3.000,0.025,0.000,0.520,7.370,0.000,7.890,30.000,0.200,4.000,1.000
41.810,39.530,37.430,39.590,42.000,41.810,0.190,3.000,0.025,0.000,0.560,7.370,0.000,7.930,30.000,0.200,4.000,1.000
41.800,39.530,37.430,39.590,42.000,41.800,0.200,3.000,0.025,0.000,0.600,7.370,0.000,7.970,30.000,0.200,4.000,1.000
41.780,39.530,37.430,39.590,42.000,41.780,0.220,3.000,0.025,0.000,0.650,7.370,0.000,8.030,30.000,0.200,4.000,1.000
41.760,39.530,37.430,39.590,42.000,41.760,0.240,3.000,0.025,0.000,0.710,7.380,0.000,8.080,30.000,0.200,4.000,1.000
41.740,39.530,37.430,39.590,42.000,41.740,0.260,3.000,0.025,0.000,0.770,7.380,0.000,8.140,30.000,0.200,4.000,1.000
41.730,39.540,37.430,39.580,42.000,41.730,0.270,3.000,0.025,0.000,0.800,7.380,0.000,8.180,30.000,0.200,4.000,1.000
41.720,39.530,37.430,39.590,42.000,41.720,0.280,3.000,0.025,0.000,0.840,7.380,0.000,8.220,30.000,0.200,4.000,1.000
41.700,39.540,37.430,39.590,42.000,41.700,0.300,3.000,0.025,0.000,0.900,7.380,0.000,8.280,30.000,0.200,4.000,1.000
41.690,39.540,37.430,39.590,42.000,41.690,0.310,3.000,0.025,0.000,0.920,7.380,0.000,8.300,30.000,0.200,4.000,1.000
41.690,39.540,37.430,39.590,42.000,41.690,0.310,3.000,0.025,0.000,0.930,7.380,0.000,8.310,30.000,0.200,4.000,1.000
41.680,39.540,37.430,39.590,42.000,41.680,0.320,3.000,0.025,0.000,0.950,7.390,0.000,8.340,30.000,0.200,4.000,1.000
41.680,39.540,37.430,39.590,42.000,41.680,0.320,3.000,0.025,0.000,0.970,7.390,0.000,8.360,30.000,0.200,4.000,1.000
41.680,39.550,37.440,39.590,42.000,41.680,0.320,3.000,0.025,0.000,0.970,7.390,0.000,8.360,30.000,0.200,4.000,1.000
41.680,39.560,37.440,39.590,42.000,41.680,0.320,3.000,0.025,0.000,0.950,7.390,0.000,8.340,30.000,0.200,4.000,1.000
41.680,39.560,37.430,39.590,42.000,41.680,0.320,3.000,0.025,0.000,0.970,7.390,0.000,8.360,30.000,0.200,4.000,1.000
41.670,39.560,37.440,39.600,42.000,41.670,0.330,3.000,0.025,0.000,0.990,7.390,0.000,8.380,30.000,0.200,4.000,1.000
41.670,39.570,37.440,39.600,42.000,41.670,0.330,3.000,0.025,0.000,0.990,7.400,0.000,8.390,30.000,0.200,4.000,1.000
41.660,39.580,37.440,39.600,42.000,41.660,0.340,3.000,0.025,0.000,1.010,7.400,0.000,8.400,30.000,0.200,4.000,1.000
41.660,39.580,37.440,39.610,42.000,41.660,0.340,3.000,0.025,0.000,1.010,7.400,0.000,8.410,30.000,0.200,4.000,1.000
41.650,39.580,37.450,39.610,42.000,41.650,0.350,3.000,0.025,0.000,1.040,7.400,0.000,8.440,30.000,0.200,4.000,1.000
41.650,39.590,37.450,39.610,42.000,41.650,0.350,3.000,0.025,0.000,1.050,7.400,0.000,8.450,30.000,0.200,4.000,1.000
41.650,39.590,37.450,39.610,42.000,41.650,0.350,3.000,0.025,0.000,1.050,7.400,0.000,8.450,30.000,0.200,4.000,1.000
41.650,39.590,37.450,39.620,42.000,41.650,0.350,3.000,0.025,0.000,1.050,7.410,0.000,8.450,30.000,0.200,4.000,1.000
41.640,39.600,37.460,39.620,42.000,41.640,0.360,3.000,0.025,0.000,1.080,7.410,0.000,8.490,30.000,0.200,4.000,1.000
41.640,39.610,37.460,39.620,42.000,41.640,0.360,3.000,0.025,0.000,1.070,7.410,0.000,8.480,30.000,0.200,4.000,1.000
41.650,39.610,37.470,39.620,42.000,41.650,0.350,3.000,0.025,0.000,1.050,7.410,0.000,8.460,30.000,0.200,4.000,1.000
41.650,39.620,37.470,39.630,42.000,41.650,0.350,3.000,0.025,0.000,1.050,7.410,0.000,8.460,30.000,0.200,4.000,1.000
41.660,39.630,37.480,39.630,42.000,41.660,0.340,3.000,0.025,0.000,1.020,7.410,0.000,8.440,30.000,0.200,4.000,1.000
41.670,39.630,37.470,39.640,42.000,41.670,0.330,3.000,0.025,0.000,0.990,7.420,0.000,8.400,30.000,0.200,4.000,1.000
41.670,39.630,37.480,39.650,42.000,41.670,0.330,3.000,0.025,0.000,0.980,7.420,0.000,8.400,30.000,0.200,4.000,1.000
41.680,39.630,37.490,39.650,42.000,41.680,0.320,3.000,0.025,0.000,0.960,7.420,0.000,8.380,30.000,0.200,4.000,1.000
41.690,39.640,37.490,39.650,42.000,41.690,0.310,3.000,0.025,0.000,0.920,7.420,0.000,8.340,30.000,0.200,4.000,1.000
41.700,39.630,37.490,39.650,42.000,41.700,0.300,3.000,0.025,0.000,0.910,7.420,0.000,8.330,30.000,0.200,4.000,1.000
41.690,39.640,37.500,39.660,42.000,41.690,0.310,3.000,0.025,0.000,0.930,7.420,0.000,8.350,30.000,0.200,4.000,1.000
41.690,39.640,37.510,39.660,42.000,41.690,0.310,3.000,0.025,0.000,0.920,7.430,0.000,8.350,30.000,0.200,4.000,1.000
41.700,39.640,37.510,39.670,42.000,41.700,0.300,3.000,0.025,0.000,0.900,7.430,0.000,8.330,30.000,0.200,4.000,1.000
41.700,39.640,37.510,39.670,42.000,41.700,0.300,3.000,0.025,0.000,0.890,7.430,0.000,8.320,30.000,0.200,4.000,1.000
41.700,39.650,37.520,39.680,42.000,41.700,0.300,3.000,0.025,0.000,0.890,7.430,0.000,8.330,30.000,0.200,4.000,1.000
41.710,39.650,37.520,39.680,42.000,41.710,0.290,3.000,0.025,0.000,0.860,7.430,0.000,8.290,30.000,0.200,4.000,1.000
41.710,39.640,37.530,39.690,42.000,41.710,0.290,3.000,0.025,0.000,0.860,7.430,0.000,8.290,30.000,0.200,4.000,1.000
41.710,39.650,37.530,39.690,42.000,41.710,0.290,3.000,0.025,0.000,0.870,7.430,0.000,8.310,30.000,0.200,4.000,1.000
41.720,39.660,37.540,39.690,42.000,41.720,0.280,3.000,0.025,0.000,0.830,7.440,0.000,8.260,30.000,0.200,4.000,1.000
41.730,39.660,37.540,39.700,42.000,41.730,0.270,3.000,0.025,0.000,0.810,7.440,0.000,8.250,30.000,0.200,4.000,1.000
41.730,39.660,37.550,39.710,42.000,41.730,0.270,3.000,0.025,0.000,0.810,7.440,0.000,8.250,30.000,0.200,4.000,1.000
41.740,39.670,37.550,39.700,42.000,41.740,0.260,3.000,0.025,0.000,0.790,7.440,0.000,8.230,30.000,0.200,4.000,1.000
41.740,39.670,37.550,39.710,42.000,41.740,0.260,3.000,0.025,0.000,0.770,7.440,0.000,8.210,30.000,0.200,4.000,1.000
41.740,39.670,37.560,39.710,42.000,41.740,0.260,3.000,0.025,0.000,0.770,7.440,0.000,8.210,30.000,0.200,4.000,1.000
41.750,39.680,37.560,39.710,42.000,41.750,0.250,3.000,0.025,0.000,0.740,7.440,0.000,8.180,30.000,0.200,4.000,1.000
41.760,39.680,37.570,39.730,42.000,41.760,0.240,3.000,0.025,0.000,0.710,7.440,0.000,8.150,30.000,0.200,4.000,1.000
41.770,39.680,37.580,39.730,42.000,41.770,0.230,3.000,0.025,0.000,0.700,7.450,0.000,8.150,30.000,0.200,4.000,1.000
41.780,39.690,37.580,39.730,42.000,41.780,0.220,3.000,0.025,0.000,0.650,7.450,0.000,8.100,30.000,0.200,4.000,1.000
41.790,39.690,37.590,39.740,42.000,41.790,0.210,3.000,0.025,0.000,0.620,7.450,0.000,8.070,30.000,0.200,4.000,1.000
41.810,39.690,37.590,39.740,42.000,41.810,0.190,3.000,0.025,0.000,0.580,7.450,0.000,8.030,30.000,0.200,4.000,1.000
41.830,39.710,37.590,39.750,42.000,41.830,0.170,3.000,0.025,0.000,0.520,7.450,0.000,7.970,30.000,0.200,4.000,1.000
41.840,39.690,37.600,39.750,42.000,41.840,0.160,3.000,0.025,0.000,0.490,7.450,0.000,7.940,30.000,0.200,4.000,1.000
41.840,39.700,37.610,39.750,42.000,41.840,0.160,3.000,0.025,0.000,0.470,7.450,0.000,7.920,30.000,0.200,4.000,1.000
41.860,39.710,37.610,39.760,42.000,41.860,0.140,3.000,0.025,0.000,0.420,7.450,0.000,7.870,30.000,0.200,4.000,1.000
41.870,39.710,37.610,39.770,42.000,41.870,0.130,3.000,0.025,0.000,0.400,7.450,0.000,7.860,30.000,0.200,4.000,1.000
41.870,39.710,37.620,39.760,42.000,41.870,0.130,3.000,0.025,0.000,0.380,7.450,0.000,7.840,30.000,0.200,4.000,1.000
41.890,39.710,37.620,39.770,42.000,41.890,0.110,3.000,0.025,0.000,0.340,7.450,0.000,7.800,30.000,0.200,4.000,1.000
41.890,39.710,37.620,39.780,42.000,41.890,0.110,3.000,0.025,0.000,0.320,7.450,0.000,7.770,30.000,0.200,4.000,1.000
41.900,39.710,37.630,39.780,42.000,41.900,0.100,3.000,0.025,0.000,0.290,7.460,0.000,7.750,30.000,0.200,4.000,1.000
41.920,39.720,37.630,39.780,42.000,41.920,0.080,3.000,0.025,0.000,0.250,7.460,0.000,7.710,30.000,0.200,4.000,1.000
41.930,39.710,37.630,39.790,42.000,41.930,0.070,3.000,0.025,0.000,0.200,7.460,0.000,7.650,30.000,0.200,4.000,1.000
41.940,39.720,37.650,39.800,42.000,41.940,0.060,3.000,0.025,0.000,0.180,7.460,0.000,7.630,30.000,0.200,4.000,1.000
41.960,39.730,37.640,39.790,42.000,41.960,0.040,3.000,0.025,0.000,0.130,7.460,0.000,7.590,30.000,0.200,4.000,1.000
41.970,39.720,37.650,39.810,42.000,41.970,0.030,3.000,0.025,0.000,0.100,7.460,0.000,7.560,30.000,0.200,4.000,1.000
41.970,39.730,37.650,39.800,42.000,41.970,0.030,3.000,0.025,0.000,0.080,7.460,0.000,7.540,30.000,0.200,4.000,1.000
42.000,39.740,37.650,39.800,42.000,42.000,0.000,3.000,0.025,0.000,0.010,7.460,0.000,7.470,30.000,0.200,4.000,1.000
42.000,39.740,37.660,39.820,42.000,42.000,0.000,3.000,0.025,0.000,0.000,7.460,0.000,7.450,30.000,0.200,4.000,1.000
42.010,39.750,37.660,39.810,42.000,42.010,-0.010,3.000,0.025,0.000,-0.020,7.460,0.000,7.430,30.000,0.200,4.000,1.000
42.020,39.740,37.660,39.820,42.000,42.020,-0.020,3.000,0.025,0.000,-0.060,7.460,0.000,7.390,30.000,0.200,4.000,1.000
42.020,39.740,37.670,39.820,42.000,42.020,-0.020,3.000,0.025,0.000,-0.060,7.460,0.000,7.400,30.000,0.200,4.000,1.000
42.030,39.750,37.670,39.820,42.000,42.030,-0.030,3.000,0.025,0.000,-0.080,7.460,0.000,7.380,30.000,0.200,4.000,1.000
42.030,39.740,37.670,39.830,42.000,42.030,-0.030,3.000,0.025,0.000,-0.080,7.460,0.000,7.380,30.000,0.200,4.000,1.000
42.020,39.750,37.680,39.830,42.000,42.020,-0.020,3.000,0.025,0.000,-0.060,7.460,0.000,7.390,30.000,0.200,4.000,1.000
42.030,39.750,37.670,39.830,42.000,42.030,-0.030,3.000,0.025,0.000,-0.090,7.460,0.000,7.370,30.000,0.200,4.000,1.000
42.020,39.740,37.680,39.830,42.000,42.020,-0.020,3.000,0.025,0.000,-0.070,7.460,0.000,7.390,30.000,0.200,4.000,1.000
42.020,39.750,37.680,39.830,42.000,42.020,-0.020,3.000,0.025,0.000,-0.060,7.460,0.000,7.400,30.000,0.200,4.000,1.000
42.030,39.740,37.670,39.830,42.000,42.030,-0.030,3.000,0.025,0.000,-0.080,7.460,0.000,7.370,30.000,0.200,4.000,1.000
42.010,39.730,37.680,39.840,42.000,42.010,-0.010,3.000,0.025,0.000,-0.040,7.460,0.000,7.420,30.000,0.200,4.000,1.000
42.020,39.740,37.680,39.830,42.000,42.020,-0.020,3.000,0.025,0.000,-0.060,7.460,0.000,7.390,30.000,0.200,4.000,1.000
42.020,39.730,37.680,39.840,42.000,42.020,-0.020,3.000,0.025,0.000,-0.060,7.460,0.000,7.400,30.000,0.200,4.000,1.000
42.020,39.730,37.690,39.840,42.000,42.020,-0.020,3.000,0.025,0.000,-0.050,7.460,0.000,7.400,30.000,0.200,4.000,1.000
42.030,39.740,37.680,39.840,42.000,42.030,-0.030,3.000,0.025,0.000,-0.080,7.460,0.000,7.370,30.000,0.200,4.000,1.000
42.020,39.720,37.680,39.850,42.000,42.020,-0.020,3.000,0.025,0.000,-0.070,7.460,0.000,7.380,30.000,0.200,4.000,1.000
42.030,39.730,37.690,39.840,42.000,42.030,-0.030,3.000,0.025,0.000,-0.090,7.450,0.000,7.360,30.000,0.200,4.000,1.000
42.040,39.720,37.680,39.850,42.000,42.040,-0.040,3.000,0.025,0.000,-0.120,7.450,0.000,7.330,30.000,0.200,4.000,1.000
42.040,39.720,37.690,39.850,42.000,42.040,-0.040,3.000,0.025,0.000,-0.120,7.450,0.000,7.340,30.000,0.200,4.000,1.000
42.050,39.730,37.680,39.840,42.000,42.050,-0.050,3.000,0.025,0.000,-0.150,7.450,0.000,7.310,30.000,0.200,4.000,1.000
42.050,39.720,37.680,39.850,42.000,42.050,-0.050,3.000,0.025,0.000,-0.160,7.450,0.000,7.290,30.000,0.200,4.000,1.000
42.060,39.730,37.680,39.850,42.000,42.060,-0.060,3.000,0.025,0.000,-0.170,7.450,0.000,7.290,30.000,0.200,4.000,1.000
42.070,39.720,37.680,39.840,42.000,42.070,-0.070,3.000,0.025,0.000,-0.210,7.450,0.000,7.250,30.000,0.200,4.000,1.000
42.070,39.720,37.680,39.860,42.000,42.070,-0.070,3.000,0.025,0.000,-0.210,7.450,0.000,7.240,30.000,0.200,4.000,1.000
42.070,39.720,37.680,39.850,42.000,42.070,-0.070,3.000,0.025,0.000,-0.220,7.450,0.000,7.230,30.000,0.200,4.000,1.000
42.090,39.710,37.680,39.860,42.000,42.090,-0.090,3.000,0.025,0.000,-0.270,7.450,0.000,7.190,30.000,0.200,4.000,1.000
42.090,39.710,37.680,39.850,42.000,42.090,-0.090,3.000,0.025,0.000,-0.260,7.450,0.000,7.190,30.000,0.200,4.000,1.000
42.090,39.720,37.670,39.850,42.000,42.090,-0.090,3.000,0.025,0.000,-0.280,7.450,0.000,7.170,30.000,0.200,4.000,1.000
42.090,39.710,37.680,39.860,42.000,42.090,-0.090,3.000,0.025,0.000,-0.270,7.450,0.000,7.180,30.000,0.200,4.000,1.000
42.090,39.710,37.680,39.850,42.000,42.090,-0.090,3.000,0.025,0.000,-0.270,7.450,0.000,7.180,30.000,0.200,4.000,1.000
42.090,39.710,37.670,39.850,42.000,42.090,-0.090,3.000,0.025,0.000,-0.260,7.450,0.000,7.190,30.000,0.200,4.000,1.000
42.070,39.710,37.680,39.860,42.000,42.070,-0.070,3.000,0.025,0.000,-0.210,7.450,0.000,7.230,30.000,0.200,4.000,1.000
42.070,39.720,37.670,39.850,42.000,42.070,-0.070,3.000,0.025,0.000,-0.220,7.450,0.000,7.230,30.000,0.200,4.000,1.000
42.060,39.710,37.670,39.860,42.000,42.060,-0.060,3.000,0.025,0.000,-0.190,7.450,0.000,7.260,30.000,0.200,4.000,1.000
42.050,39.710,37.670,39.850,42.000,42.050,-0.050,3.000,0.025,0.000,-0.150,7.450,0.000,7.300,30.000,0.200,4.000,1.000
42.050,39.710,37.670,39.850,42.000,42.050,-0.050,3.000,0.025,0.000,-0.160,7.450,0.000,7.290,30.000,0.200,4.000,1.000
42.040,39.700,37.670,39.850,42.000,42.040,-0.040,3.000,0.025,0.000,-0.120,7.450,0.000,7.330,30.000,0.200,4.000,1.000
42.040,39.710,37.660,39.840,42.000,42.040,-0.040,3.000,0.025,0.000,-0.130,7.450,0.000,7.310,30.000,0.200,4.000,1.000
42.050,39.700,37.660,39.850,42.000,42.050,-0.050,3.000,0.025,0.000,-0.140,7.450,0.000,7.310,30.000,0.200,4.000,1.000
42.040,39.700,37.660,39.850,42.000,42.040,-0.040,3.000,0.025,0.000,-0.120,7.450,0.000,7.330,30.000,0.200,4.000,1.000
42.050,39.700,37.660,39.840,42.000,42.050,-0.050,3.000,0.025,0.000,-0.140,7.450,0.000,7.310,30.000,0.200,4.000,1.000
42.050,39.690,37.650,39.850,42.000,42.050,-0.050,3.000,0.025,0.000,-0.140,7.450,0.000,7.300,30.000,0.200,4.000,1.000
42.050,39.700,37.660,39.840,42.000,42.050,-0.050,3.000,0.025,0.000,-0.140,7.450,0.000,7.310,30.000,0.200,4.000,1.000
42.060,39.700,37.650,39.840,42.000,42.060,-0.060,3.000,0.025,0.000,-0.170,7.450,0.000,7.270,30.000,0.200,4.000,1.000
42.060,39.690,37.650,39.850,42.000,42.060,-0.060,3.000,0.025,0.000,-0.170,7.450,0.000,7.280,30.000,0.200,4.000,1.000
42.060,39.690,37.650,39.840,42.000,42.060,-0.060,3.000,0.025,0.000,-0.180,7.450,0.000,7.260,30.000,0.200,4.000,1.000
42.070,39.680,37.640,39.840,42.000,42.070,-0.070,3.000,0.025,0.000,-0.210,7.450,0.000,7.230,30.000,0.200,4.000,1.000
42.070,39.680,37.650,39.840,42.000,42.070,-0.070,3.000,0.025,0.000,-0.210,7.450,0.000,7.240,30.000,0.200,4.000,1.000
42.080,39.680,37.640,39.830,42.000,42.080,-0.080,3.000,0.025,0.000,-0.250,7.440,0.000,7.190,30.000,0.200,4.000,1.000
42.090,39.680,37.640,39.840,42.000,42.090,-0.090,3.000,0.025,0.000,-0.280,7.440,0.000,7.160,30.000,0.200,4.000,1.000
42.100,39.680,37.640,39.830,42.000,42.100,-0.100,3.000,0.025,0.000,-0.290,7.440,0.000,7.150,30.000,0.200,4.000,1.000
42.110,39.680,37.630,39.830,42.000,42.110,-0.110,3.000,0.025,0.000,-0.330,7.440,0.000,7.110,30.000,0.200,4.000,1.000
42.110,39.670,37.630,39.840,42.000,42.110,-0.110,3.000,0.025,0.000,-0.320,7.440,0.000,7.120,30.000,0.200,4.000,1.000
42.110,39.680,37.630,39.820,42.000,42.110,-0.110,3.000,0.025,0.000,-0.340,7.440,0.000,7.110,30.000,0.200,4.000,1.000
42.110,39.670,37.620,39.830,42.000,42.110,-0.110,3.000,0.025,0.000,-0.340,7.440,0.000,7.100,30.000,0.200,4.000,1.000
42.100,39.670,37.630,39.830,42.000,42.100,-0.100,3.000,0.025,0.000,-0.310,7.440,0.000,7.130,30.000,0.200,4.000,1.000
42.110,39.680,37.620,39.820,42.000,42.110,-0.110,3.000,0.025,0.000,-0.330,7.440,0.000,7.110,30.000,0.200,4.000,1.000
42.100,39.670,37.620,39.830,42.000,42.100,-0.100,3.000,0.025,0.000,-0.310,7.440,0.000,7.130,30.000,0.200,4.000,1.000
42.100,39.680,37.630,39.820,42.000,42.100,-0.100,3.000,0.025,0.000,-0.300,7.440,0.000,7.140,30.000,0.200,4.000,1.000
42.110,39.680,37.620,39.820,42.000,42.110,-0.110,3.000,0.025,0.000,-0.330,7.440,0.000,7.110,30.000,0.200,4.000,1.000
42.110,39.670,37.620,39.830,42.000,42.110,-0.110,3.000,0.025,0.000,-0.330,7.440,0.000,7.110,30.000,0.200,4.000,1.000
42.110,39.690,37.610,39.810,42.000,42.110,-0.110,3.000,0.025,0.000,-0.340,7.440,0.000,7.100,30.000,0.200,4.000,1.000
42.120,39.690,37.600,39.820,42.000,42.120,-0.120,3.000,0.025,0.000,-0.370,7.440,0.000,7.070,30.000,0.200,4.000,1.000
42.120,39.680,37.610,39.810,42.000,42.120,-0.120,3.000,0.025,0.000,-0.360,7.440,0.000,7.080,30.000,0.200,4.000,1.000
42.120,39.700,37.610,39.810,42.000,42.120,-0.120,3.000,0.025,0.000,-0.370,7.440,0.000,7.070,30.000,0.200,4.000,1.000
42.130,39.690,37.600,39.820,42.000,42.130,-0.130,3.000,0.025,0.000,-0.380,7.440,0.000,7.060,30.000,0.200,4.000,1.000
42.120,39.700,37.600,39.810,42.000,42.120,-0.120,3.000,0.025,0.000,-0.370,7.430,0.000,7.070,30.000,0.200,4.000,1.000
42.140,39.700,37.600,39.810,42.000,42.140,-0.140,3.000,0.025,0.000,-0.410,7.430,0.000,7.020,30.000,0.200,4.000,1.000
42.120,39.700,37.590,39.810,42.000,42.120,-0.120,3.000,0.025,0.000,-0.370,7.430,0.000,7.060,30.000,0.200,4.000,1.000
42.130,39.710,37.600,39.800,42.000,42.130,-0.130,3.000,0.025,0.000,-0.390,7.430,0.000,7.040,30.000,0.200,4.000,1.000
42.130,39.700,37.590,39.800,42.000,42.130,-0.130,3.000,0.025,0.000,-0.400,7.430,0.000,7.030,30.000,0.200,4.000,1.000
42.130,39.700,37.590,39.800,42.000,42.130,-0.130,3.000,0.025,0.000,-0.390,7.430,0.000,7.040,30.000,0.200,4.000,1.000
42.140,39.710,37.580,39.790,42.000,42.140,-0.140,3.000,0.025,0.000,-0.420,7.430,0.000,7.010,30.000,0.200,4.000,1.000
42.140,39.710,37.580,39.800,42.000,42.140,-0.140,3.000,0.025,0.000,-0.420,7.430,0.000,7.010,30.000,0.200,4.000,1.000
42.140,39.710,37.580,39.790,42.000,42.140,-0.140,3.000,0.025,0.000,-0.430,7.430,0.000,7.000,30.000,0.200,4.000,1.000
42.150,39.710,37.570,39.790,42.000,42.150,-0.150,3.000,0.025,0.000,-0.450,7.430,0.000,6.980,30.000,0.200,4.000,1.000
42.140,39.700,37.570,39.790,42.000,42.140,-0.140,3.000,0.025,0.000,-0.410,7.430,0.000,7.020,30.000,0.200,4.000,1.000
42.140,39.720,37.570,39.770,42.000,42.140,-0.140,3.000,0.025,0.000,-0.420,7.430,0.000,7.010,30.000,0.200,4.000,1.000
42.140,39.710,37.560,39.780,42.000,42.140,-0.140,3.000,0.025,0.000,-0.420,7.430,0.000,7.010,30.000,0.200,4.000,1.000
42.130,39.710,37.560,39.770,42.000,42.130,-0.130,3.000,0.025,0.000,-0.380,7.430,0.000,7.040,30.000,0.200,4.000,1.000
42.130,39.710,37.560,39.770,42.000,42.130,-0.130,3.000,0.025,0.000,-0.380,7.430,0.000,7.040,30.000,0.200,4.000,1.000
42.110,39.710,37.560,39.770,42.000,42.110,-0.110,3.000,0.025,0.000,-0.340,7.420,0.000,7.090,30.000,0.200,4.000,1.000
42.110,39.720,37.550,39.760,42.000,42.110,-0.110,3.000,0.025,0.000,-0.330,7.420,0.000,7.100,30.000,0.200,4.000,1.000
42.110,39.720,37.550,39.760,42.000,42.110,-0.110,3.000,0.025,0.000,-0.320,7.420,0.000,7.100,30.000,0.200,4.000,1.000
42.090,39.710,37.550,39.760,42.000,42.090,-0.090,3.000,0.025,0.000,-0.270,7.420,0.000,7.160,30.000,0.200,4.000,1.000
42.090,39.720,37.540,39.750,42.000,42.090,-0.090,3.000,0.025,0.000,-0.270,7.420,0.000,7.150,30.000,0.200,4.000,1.000
42.090,39.720,37.540,39.750,42.000,42.090,-0.090,3.000,0.025,0.000,-0.270,7.420,0.000,7.150,30.000,0.200,4.000,1.000
42.070,39.720,37.550,39.750,42.000,42.070,-0.070,3.000,0.025,0.000,-0.220,7.420,0.000,7.200,30.000,0.200,4.000,1.000
42.080,39.730,37.530,39.740,42.000,42.080,-0.080,3.000,0.025,0.000,-0.240,7.420,0.000,7.180,30.000,0.200,4.000,1.000
42.080,39.720,37.530,39.740,42.000,42.080,-0.080,3.000,0.025,0.000,-0.230,7.420,0.000,7.190,30.000,0.200,4.000,1.000
42.070,39.730,37.530,39.740,42.000,42.070,-0.070,3.000,0.025,0.000,-0.210,7.420,0.000,7.210,30.000,0.200,4.000,1.000
42.070,39.720,37.520,39.730,42.000,42.070,-0.070,3.000,0.025,0.000,-0.210,7.420,0.000,7.220,30.000,0.200,4.000,1.000
42.050,39.720,37.520,39.730,42.000,42.050,-0.050,3.000,0.025,0.000,-0.150,7.420,0.000,7.270,30.000,0.200,4.000,1.000
42.050,39.720,37.520,39.720,42.000,42.050,-0.050,3.000,0.025,0.000,-0.140,7.420,0.000,7.280,30.000,0.200,4.000,1.000
42.040,39.710,37.510,39.730,42.000,42.040,-0.040,3.000,0.025,0.000,-0.110,7.420,0.000,7.310,30.000,0.200,4.000,1.000
42.030,39.710,37.510,39.720,42.000,42.030,-0.030,3.000,0.025,0.000,-0.080,7.420,0.000,7.340,30.000,0.200,4.000,1.000
42.020,39.710,37.510,39.710,42.000,42.020,-0.020,3.000,0.025,0.000,-0.060,7.420,0.000,7.360,30.000,0.200,4.000,1.000
42.010,39.700,37.510,39.720,42.000,42.010,-0.010,3.000,0.025,0.000,-0.040,7.420,0.000,7.380,30.000,0.200,4.000,1.000
42.010,39.700,37.500,39.710,42.000,42.010,-0.010,3.000,0.025,0.000,-0.030,7.420,0.000,7.390,30.000,0.200,4.000,1.000
42.010,39.690,37.500,39.710,42.000,42.010,-0.010,3.000,0.025,0.000,-0.020,7.420,0.000,7.400,30.000,0.200,4.000,1.000
42.000,39.680,37.500,39.700,42.000,42.000,0.000,3.000,0.025,0.000,0.010,7.420,0.000,7.430,30.000,0.200,4.000,1.000
42.000,39.680,37.500,39.700,42.000,42.000,0.000,3.000,0.025,0.000,0.000,7.420,0.000,7.420,30.000,0.200,4.000,1.000
41.990,39.670,37.500,39.700,42.000,41.990,0.010,3.000,0.025,0.000,0.040,7.420,0.000,7.460,30.000,0.200,4.000,1.000
41.990,39.660,37.490,39.690,42.000,41.990,0.010,3.000,0.025,0.000,0.030,7.420,0.000,7.450,30.000,0.200,4.000,1.000
41.980,39.650,37.480,39.700,42.000,41.980,0.020,3.000,0.025,0.000,0.070,7.420,0.000,7.480,30.000,0.200,4.000,1.000
41.970,39.640,37.490,39.690,42.000,41.970,0.030,3.000,0.025,0.000,0.090,7.420,0.000,7.510,30.000,0.200,4.000,1.000
41.970,39.630,37.480,39.690,42.000,41.970,0.030,3.000,0.025,0.000,0.080,7.420,0.000,7.500,30.000,0.200,4.000,1.000
41.970,39.610,37.480,39.690,42.000,41.970,0.030,3.000,0.025,0.000,0.100,7.420,0.000,7.520,30.000,0.200,4.000,1.000
41.960,39.610,37.480,39.680,42.000,41.960,0.040,3.000,0.025,0.000,0.110,7.420,0.000,7.530,30.000,0.200,4.000,1.000
41.960,39.590,37.480,39.680,42.000,41.960,0.040,3.000,0.025,0.000,0.120,7.420,0.000,7.540,30.000,0.200,4.000,1.000
41.960,39.590,37.480,39.680,42.000,41.960,0.040,3.000,0.025,0.000,0.130,7.420,0.000,7.550,30.000,0.200,4.000,1.000
41.960,39.590,37.470,39.670,42.000,41.960,0.040,3.000,0.025,0.000,0.110,7.420,0.000,7.530,30.000,0.200,4.000,1.000
41.950,39.580,37.480,39.680,42.000,41.950,0.050,3.000,0.025,0.000,0.140,7.420,0.000,7.560,30.000,0.200,4.000,1.000
41.960,39.580,37.470,39.670,42.000,41.960,0.040,3.000,0.025,0.000,0.120,7.420,0.000,7.540,30.000,0.200,4.000,1.000
41.960,39.570,37.470,39.670,42.000,41.960,0.040,3.000,0.025,0.000,0.110,7.420,0.000,7.530,30.000,0.200,4.000,1.000
41.960,39.570,37.470,39.670,42.000,41.960,0.040,3.000,0.025,0.000,0.130,7.420,0.000,7.550,30.000,0.200,4.000,1.000
41.970,39.570,37.470,39.660,42.000,41.970,0.030,3.000,0.025,0.000,0.100,7.420,0.000,7.520,30.000,0.200,4.000,1.000
41.960,39.570,37.470,39.670,42.000,41.960,0.040,3.000,0.025,0.000,0.120,7.420,0.000,7.540,30.000,0.200,4.000,1.000
41.960,39.580,37.470,39.660,42.000,41.960,0.040,3.000,0.025,0.000,0.110,7.420,0.000,7.530,30.000,0.200,4.000,1.000
41.960,39.570,37.460,39.660,42.000,41.960,0.040,3.000,0.025,0.000,0.110,7.420,0.000,7.530,30.000,0.200,4.000,1.000
41.960,39.580,37.470,39.660,42.000,41.960,0.040,3.000,0.025,0.000,0.130,7.420,0.000,7.550,30.000,0.200,4.000,1.000
41.970,39.580,37.460,39.650,42.000,41.970,0.030,3.000,0.025,0.000,0.100,7.420,0.000,7.520,30.000,0.200,4.000,1.000
41.950,39.570,37.460,39.660,42.000,41.950,0.050,3.000,0.025,0.000,0.140,7.420,0.000,7.560,30.000,0.200,4.000,1.000
41.960,39.580,37.460,39.650,42.000,41.960,0.040,3.000,0.025,0.000,0.130,7.420,0.000,7.550,30.000,0.200,4.000,1.000
41.950,39.570,37.460,39.660,42.000,41.950,0.050,3.000,0.025,0.000,0.140,7.420,0.000,7.570,30.000,0.200,4.000,1.000
41.940,39.580,37.460,39.650,42.000,41.940,0.060,3.000,0.025,0.000,0.170,7.420,0.000,7.600,30.000,0.200,4.000,1.000
41.950,39.580,37.460,39.650,42.000,41.950,0.050,3.000,0.025,0.000,0.160,7.420,0.000,7.590,30.000,0.200,4.000,1.000
41.930,39.580,37.460,39.650,42.000,41.930,0.070,3.000,0.025,0.000,0.210,7.420,0.000,7.640,30.000,0.200,4.000,1.000
41.930,39.580,37.460,39.650,42.000,41.930,0.070,3.000,0.025,0.000,0.210,7.420,0.000,7.640,30.000,0.200,4.000,1.000
41.930,39.580,37.460,39.650,42.000,41.930,0.070,3.000,0.025,0.000,0.220,7.430,0.000,7.650,30.000,0.200,4.000,1.000
41.920,39.580,37.460,39.650,42.000,41.920,0.080,3.000,0.025,0.000,0.240,7.430,0.000,7.670,30.000,0.200,4.000,1.000
41.920,39.580,37.450,39.650,42.000,41.920,0.080,3.000,0.025,0.000,0.240,7.430,0.000,7.660,30.000,0.200,4.000,1.000
41.910,39.570,37.460,39.650,42.000,41.910,0.090,3.000,0.025,0.000,0.280,7.430,0.000,7.700,30.000,0.200,4.000,1.000
41.910,39.570,37.450,39.640,42.000,41.910,0.090,3.000,0.025,0.000,0.270,7.430,0.000,7.700,30.000,0.200,4.000,1.000
41.900,39.570,37.450,39.650,42.000,41.900,0.100,3.000,0.025,0.000,0.300,7.430,0.000,7.730,30.000,0.200,4.000,1.000
41.890,39.570,37.460,39.640,42.000,41.890,0.110,3.000,0.025,0.000,0.340,7.430,0.000,7.770,30.000,0.200,4.000,1.000
41.880,39.560,37.450,39.640,42.000,41.880,0.120,3.000,0.025,0.000,0.360,7.430,0.000,7.790,30.000,0.200,4.000,1.000
41.860,39.550,37.460,39.640,42.000,41.860,0.140,3.000,0.025,0.000,0.410,7.430,0.000,7.840,30.000,0.200,4.000,1.000
41.860,39.560,37.450,39.640,42.000,41.860,0.140,3.000,0.025,0.000,0.430,7.430,0.000,7.860,30.000,0.200,4.000,1.000
41.850,39.550,37.460,39.650,42.000,41.850,0.150,3.000,0.025,0.000,0.450,7.430,0.000,7.880,30.000,0.200,4.000,1.000
41.850,39.560,37.450,39.640,42.000,41.850,0.150,3.000,0.025,0.000,0.450,7.430,0.000,7.880,30.000,0.200,4.000,1.000
41.850,39.550,37.450,39.640,42.000,41.850,0.150,3.000,0.025,0.000,0.460,7.430,0.000,7.890,30.000,0.200,4.000,1.000
41.830,39.550,37.460,39.640,42.000,41.830,0.170,3.000,0.025,0.000,0.500,7.430,0.000,7.930,30.000,0.200,4.000,1.000
41.840,39.550,37.450,39.640,42.000,41.840,0.160,3.000,0.025,0.000,0.470,7.430,0.000,7.910,30.000,0.200,4.000,1.000
41.830,39.540,37.450,39.640,42.000,41.830,0.170,3.000,0.025,0.000,0.500,7.430,0.000,7.930,30.000,0.200,4.000,1.000
41.840,39.550,37.450,39.640,42.000,41.840,0.160,3.000,0.025,0.000,0.470,7.440,0.000,7.910,30.000,0.200,4.000,1.000
41.850,39.540,37.450,39.640,42.000,41.850,0.150,3.000,0.025,0.000,0.460,7.440,0.000,7.900,30.000,0.200,4.000,1.000
41.850,39.550,37.460,39.640,42.000,41.850,0.150,3.000,0.025,0.000,0.460,7.440,0.000,7.900,30.000,0.200,4.000,1.000
41.850,39.550,37.450,39.640,42.000,41.850,0.150,3.000,0.025,0.000,0.440,7.440,0.000,7.880,30.000,0.200,4.000,1.000
41.850,39.540,37.460,39.640,42.000,41.850,0.150,3.000,0.025,0.000,0.450,7.440,0.000,7.890,30.000,0.200,4.000,1.000
41.860,39.540,37.450,39.640,42.000,41.860,0.140,3.000,0.025,0.000,0.420,7.440,0.000,7.860,30.000,0.200,4.000,1.000
41.860,39.530,37.460,39.650,42.000,41.860,0.140,3.000,0.025,0.000,0.420,7.440,0.000,7.860,30.000,0.200,4.000,1.000
41.860,39.540,37.460,39.640,42.000,41.860,0.140,3.000,0.025,0.000,0.420,7.440,0.000,7.860,30.000,0.200,4.000,1.000
41.870,39.540,37.460,39.640,42.000,41.870,0.130,3.000,0.025,0.000,0.390,7.440,0.000,7.830,30.000,0.200,4.000,1.000
41.860,39.530,37.460,39.650,42.000,41.860,0.140,3.000,0.025,0.000,0.420,7.440,0.000,7.860,30.000,0.200,4.000,1.000
41.870,39.540,37.460,39.640,42.000,41.870,0.130,3.000,0.025,0.000,0.400,7.440,0.000,7.850,30.000,0.200,4.000,1.000
